4.36414;1.01743;0.45947;1.46579;-0.01634;0.00092;
4.36098;1.01756;0.46249;1.46874;-0.01600;0.00393;
4.37185;1.01711;0.45209;1.45859;-0.01718;-0.00642;
4.37724;1.01688;0.44694;1.45356;-0.01776;-0.01154;
4.36748;1.01729;0.45627;1.46268;-0.01670;-0.00225;
4.36264;1.01749;0.46090;1.46720;-0.01618;0.00235;
4.36024;1.01759;0.46320;1.46944;-0.01592;0.00463;
4.35905;1.01764;0.46434;1.47055;-0.01579;0.00577;
4.35846;1.01767;0.46490;1.47110;-0.01572;0.00633;
4.37060;1.01716;0.45329;1.45976;-0.01704;-0.00523;
4.36419;1.01743;0.45942;1.46575;-0.01635;0.00088;
4.36101;1.01756;0.46246;1.46872;-0.01600;0.00390;
4.35943;1.01763;0.46397;1.47019;-0.01583;0.00540;
4.35865;1.01766;0.46472;1.47092;-0.01575;0.00615;
4.37070;1.01716;0.45320;1.45967;-0.01705;-0.00531;
4.36423;1.01743;0.45938;1.46571;-0.01635;0.00083;
4.36103;1.01756;0.46244;1.46870;-0.01600;0.00388;
4.35944;1.01763;0.46396;1.47018;-0.01583;0.00539;
4.35865;1.01766;0.46471;1.47092;-0.01575;0.00614;
4.37070;1.01716;0.45320;1.45967;-0.01705;-0.00532;
4.36424;1.01743;0.45938;1.46571;-0.01635;0.00083;
4.37347;1.01704;0.45055;1.45709;-0.01735;-0.00795;
4.37804;1.01685;0.44618;1.45281;-0.01785;-0.01230;
4.38031;1.01676;0.44401;1.45069;-0.01809;-0.01446;
4.36900;1.01723;0.45482;1.46125;-0.01687;-0.00370;
4.36339;1.01746;0.46018;1.46649;-0.01626;0.00163;
4.36061;1.01758;0.46284;1.46909;-0.01596;0.00428;
4.35924;1.01764;0.46416;1.47038;-0.01581;0.00559;
4.37099;1.01715;0.45292;1.45940;-0.01708;-0.00559;
4.36438;1.01742;0.45924;1.46557;-0.01637;0.00070;
4.36110;1.01756;0.46237;1.46863;-0.01601;0.00381;
4.37191;1.01711;0.45204;1.45854;-0.01718;-0.00647;
4.37727;1.01688;0.44691;1.45353;-0.01776;-0.01157;
4.36749;1.01729;0.45626;1.46266;-0.01670;-0.00227;
4.37508;1.01697;0.44901;1.45558;-0.01752;-0.00949;
4.36641;1.01734;0.45730;1.46368;-0.01659;-0.00124;
4.36211;1.01752;0.46141;1.46769;-0.01612;0.00286;
4.35998;1.01760;0.46345;1.46968;-0.01589;0.00488;
4.35892;1.01765;0.46446;1.47067;-0.01577;0.00589;
4.35840;1.01767;0.46496;1.47116;-0.01572;0.00639;
4.35814;1.01768;0.46521;1.47140;-0.01569;0.00664;
4.35801;1.01769;0.46533;1.47152;-0.01568;0.00676;
4.35794;1.01769;0.46539;1.47158;-0.01567;0.00682;
4.35791;1.01769;0.46542;1.47161;-0.01567;0.00685;
4.37033;1.01717;0.45355;1.46001;-0.01701;-0.00497;
4.37649;1.01692;0.44766;1.45426;-0.01768;-0.01083;
4.37954;1.01679;0.44474;1.45141;-0.01801;-0.01373;
4.36862;1.01724;0.45519;1.46161;-0.01682;-0.00334;
4.36320;1.01747;0.46036;1.46667;-0.01624;0.00181;
4.37295;1.01706;0.45104;1.45756;-0.01729;-0.00746;
4.36535;1.01738;0.45831;1.46466;-0.01647;-0.00023;
4.36159;1.01754;0.46191;1.46818;-0.01606;0.00335;
4.35972;1.01762;0.46370;1.46993;-0.01586;0.00513;
4.35972;1.01762;0.46370;1.46993;-0.01586;0.00513;
4.35879;1.01765;0.46458;1.47079;-0.01576;0.00601;
4.35833;1.01767;0.46502;1.47122;-0.01571;0.00645;
4.35810;1.01768;0.46524;1.47143;-0.01569;0.00667;
4.37043;1.01717;0.45346;1.45992;-0.01702;-0.00506;
4.36410;1.01743;0.45951;1.46583;-0.01634;0.00096;
4.36096;1.01756;0.46251;1.46876;-0.01600;0.00395;
4.37184;1.01711;0.45210;1.45860;-0.01717;-0.00641;
4.36480;1.01740;0.45883;1.46518;-0.01641;0.00029;
4.37375;1.01703;0.45028;1.45682;-0.01738;-0.00822;
4.36575;1.01736;0.45793;1.46429;-0.01651;-0.00061;
4.36178;1.01753;0.46172;1.46800;-0.01608;0.00317;
4.37225;1.01709;0.45172;1.45822;-0.01722;-0.00679;
4.37225;1.01709;0.45172;1.45822;-0.01722;-0.00679;
4.37744;1.01688;0.44675;1.45337;-0.01778;-0.01173;
4.36758;1.01729;0.45618;1.46258;-0.01671;-0.00235;
4.37512;1.01697;0.44897;1.45554;-0.01753;-0.00953;
4.37886;1.01682;0.44539;1.45204;-0.01793;-0.01309;
4.36828;1.01726;0.45551;1.46193;-0.01679;-0.00302;
4.37547;1.01696;0.44863;1.45521;-0.01757;-0.00986;
4.37904;1.01681;0.44522;1.45188;-0.01795;-0.01325;
4.36837;1.01725;0.45542;1.46184;-0.01680;-0.00310;
4.36308;1.01747;0.46048;1.46678;-0.01623;0.00193;
4.37289;1.01707;0.45110;1.45762;-0.01729;-0.00741;
4.36532;1.01738;0.45834;1.46469;-0.01647;-0.00020;
4.37400;1.01702;0.45004;1.45658;-0.01741;-0.00846;
4.37831;1.01684;0.44592;1.45256;-0.01787;-0.01256;
4.36801;1.01727;0.45577;1.46218;-0.01676;-0.00276;
4.36290;1.01748;0.46065;1.46695;-0.01621;0.00210;
4.36037;1.01759;0.46307;1.46932;-0.01593;0.00451;
4.37155;1.01712;0.45238;1.45888;-0.01714;-0.00613;
4.37709;1.01689;0.44708;1.45370;-0.01774;-0.01140;
4.36740;1.01729;0.45635;1.46275;-0.01669;-0.00218;
4.36260;1.01749;0.46094;1.46723;-0.01617;0.00239;
4.36022;1.01759;0.46322;1.46945;-0.01592;0.00465;
4.37148;1.01712;0.45245;1.45894;-0.01713;-0.00606;
4.35525;1.01764;0.46269;1.46900;-0.01664;0.00946;
4.35525;1.01764;0.46269;1.46900;-0.01664;0.00946;
4.36901;1.01715;0.45219;1.45872;-0.01749;-0.00367;
4.37583;1.01690;0.44699;1.45362;-0.01792;-0.01018;
4.38089;1.01672;0.44313;1.44984;-0.01823;-0.01501;
4.38089;1.01672;0.44313;1.44984;-0.01823;-0.01501;
4.36354;1.01745;0.45997;1.46628;-0.01629;0.00150;
4.36354;1.01745;0.45997;1.46628;-0.01629;0.00150;
4.36068;1.01757;0.46273;1.46898;-0.01597;0.00421;
4.35927;1.01763;0.46411;1.47032;-0.01582;0.00556;
4.35857;1.01766;0.46479;1.47099;-0.01574;0.00622;
4.35822;1.01768;0.46512;1.47132;-0.01570;0.00655;
4.35822;1.01768;0.46512;1.47132;-0.01570;0.00655;
4.35796;1.01769;0.46537;1.47156;-0.01567;0.00680;
4.35796;1.01769;0.46537;1.47156;-0.01567;0.00680;
4.37033;1.01717;0.45354;1.46001;-0.01701;-0.00497;
4.37649;1.01692;0.44766;1.45426;-0.01768;-0.01083;
4.37649;1.01692;0.44766;1.45426;-0.01768;-0.01083;
4.36711;1.01731;0.45663;1.46302;-0.01666;-0.00190;
4.36245;1.01750;0.46108;1.46737;-0.01616;0.00253;
4.36015;1.01760;0.46329;1.46952;-0.01591;0.00472;
4.35844;1.01767;0.46492;1.47112;-0.01572;0.00635;
4.35816;1.01768;0.46519;1.47138;-0.01569;0.00662;
4.35802;1.01769;0.46532;1.47151;-0.01568;0.00675;
4.37038;1.01717;0.45350;1.45996;-0.01702;-0.00502;
4.37038;1.01717;0.45350;1.45996;-0.01702;-0.00502;
4.37038;1.01717;0.45350;1.45996;-0.01702;-0.00502;
4.37651;1.01691;0.44764;1.45424;-0.01768;-0.01085;
4.36246;1.01750;0.46107;1.46736;-0.01616;0.00252;
4.37259;1.01708;0.45139;1.45791;-0.01725;-0.00711;
4.36517;1.01739;0.45848;1.46483;-0.01645;-0.00006;
4.36149;1.01754;0.46200;1.46827;-0.01605;0.00344;
4.36149;1.01754;0.46200;1.46827;-0.01605;0.00344;
4.35877;1.01765;0.46460;1.47081;-0.01576;0.00603;
4.37075;1.01715;0.45314;1.45962;-0.01706;-0.00537;
4.36426;1.01743;0.45935;1.46568;-0.01635;0.00081;
4.37348;1.01704;0.45054;1.45707;-0.01735;-0.00796;
4.36561;1.01737;0.45806;1.46442;-0.01650;-0.00048;
4.36171;1.01753;0.46179;1.46806;-0.01608;0.00323;
4.37883;1.01654;0.43656;1.44351;-0.01878;-0.01288;
4.36827;1.01712;0.45113;1.45769;-0.01721;-0.00292;
4.36303;1.01741;0.45835;1.46473;-0.01643;0.00202;
4.37287;1.01703;0.45004;1.45660;-0.01739;-0.00736;
4.36531;1.01737;0.45781;1.46418;-0.01652;-0.00018;
4.37400;1.01701;0.44978;1.45633;-0.01743;-0.00845;
4.36587;1.01735;0.45768;1.46405;-0.01654;-0.00072;
4.36184;1.01752;0.46160;1.46788;-0.01610;0.00311;
4.35984;1.01761;0.46354;1.46978;-0.01588;0.00501;
4.35885;1.01765;0.46451;1.47072;-0.01577;0.00595;
4.35836;1.01767;0.46498;1.47118;-0.01571;0.00642;
4.37055;1.01716;0.45333;1.45980;-0.01703;-0.00518;
4.37055;1.01716;0.45333;1.45980;-0.01703;-0.00518;
4.36100;1.01756;0.46247;1.46873;-0.01600;0.00392;
4.35942;1.01763;0.46398;1.47020;-0.01583;0.00541;
4.35865;1.01766;0.46472;1.47093;-0.01574;0.00615;
4.35826;1.01768;0.46509;1.47129;-0.01570;0.00652;
4.35826;1.01768;0.46509;1.47129;-0.01570;0.00652;
4.35807;1.01768;0.46527;1.47147;-0.01568;0.00670;
4.35793;1.01769;0.46541;1.47160;-0.01567;0.00684;
4.35793;1.01769;0.46541;1.47160;-0.01567;0.00684;
4.35789;1.01769;0.46544;1.47163;-0.01566;0.00687;
4.37032;1.01717;0.45356;1.46002;-0.01701;-0.00496;
4.36405;1.01743;0.45956;1.46588;-0.01633;0.00101;
4.37337;1.01705;0.45064;1.45717;-0.01734;-0.00786;
4.36556;1.01737;0.45811;1.46447;-0.01649;-0.00043;
4.37412;1.01701;0.44992;1.45647;-0.01742;-0.00858;
4.36593;1.01736;0.45775;1.46412;-0.01653;-0.00078;
4.36187;1.01753;0.46164;1.46791;-0.01609;0.00308;
4.37229;1.01709;0.45167;1.45818;-0.01722;-0.00684;
4.36503;1.01739;0.45862;1.46497;-0.01644;0.00008;
4.36142;1.01754;0.46207;1.46833;-0.01605;0.00351;
4.35964;1.01762;0.46377;1.47000;-0.01585;0.00521;
4.37119;1.01714;0.45273;1.45921;-0.01710;-0.00578;
4.37119;1.01714;0.45273;1.45921;-0.01710;-0.00578;
4.36115;1.01756;0.46233;1.46859;-0.01602;0.00377;
4.37194;1.01711;0.45201;1.45851;-0.01718;-0.00649;
4.36485;1.01740;0.45879;1.46513;-0.01642;0.00025;
4.36134;1.01755;0.46215;1.46841;-0.01604;0.00359;
4.37203;1.01710;0.45193;1.45843;-0.01719;-0.00658;
4.36489;1.01740;0.45875;1.46509;-0.01642;0.00021;
4.36136;1.01755;0.46213;1.46839;-0.01604;0.00357;
4.35960;1.01762;0.46381;1.47003;-0.01585;0.00524;
4.35874;1.01766;0.46464;1.47084;-0.01575;0.00607;
4.35830;1.01767;0.46505;1.47125;-0.01571;0.00648;
4.37052;1.01716;0.45336;1.45983;-0.01703;-0.00515;
4.36415;1.01743;0.45946;1.46579;-0.01634;0.00091;
4.37342;1.01704;0.45059;1.45713;-0.01735;-0.00791;
4.37802;1.01685;0.44620;1.45283;-0.01784;-0.01228;
4.36787;1.01728;0.45591;1.46232;-0.01674;-0.00262;
4.36283;1.01749;0.46072;1.46702;-0.01620;0.00217;
4.37277;1.01707;0.45122;1.45774;-0.01727;-0.00729;
4.36526;1.01738;0.45840;1.46475;-0.01646;-0.00014;
4.36154;1.01754;0.46195;1.46822;-0.01606;0.00340;
4.37213;1.01710;0.45183;1.45833;-0.01721;-0.00668;
4.36494;1.01740;0.45870;1.46504;-0.01643;0.00016;
4.36138;1.01755;0.46210;1.46837;-0.01604;0.00355;
4.35962;1.01762;0.46379;1.47002;-0.01585;0.00523;
4.35874;1.01766;0.46463;1.47084;-0.01576;0.00606;
4.35831;1.01767;0.46505;1.47124;-0.01571;0.00647;
4.37053;1.01716;0.45336;1.45983;-0.01703;-0.00515;
4.36415;1.01743;0.45946;1.46579;-0.01634;0.00091;
4.36099;1.01756;0.46248;1.46874;-0.01600;0.00392;
4.35942;1.01763;0.46398;1.47020;-0.01583;0.00541;
4.37108;1.01714;0.45283;1.45931;-0.01709;-0.00568;
4.37686;1.01690;0.44731;1.45392;-0.01772;-0.01118;
4.37972;1.01678;0.44457;1.45124;-0.01803;-0.01390;
4.36871;1.01724;0.45510;1.46153;-0.01683;-0.00343;
4.38230;1.01640;0.43324;1.44027;-0.01916;-0.01618;
4.38242;1.01653;0.43759;1.44447;-0.01874;-0.01638;
4.37005;1.01712;0.45164;1.45817;-0.01719;-0.00465;
4.37635;1.01689;0.44672;1.45335;-0.01777;-0.01067;
4.36704;1.01729;0.45616;1.46257;-0.01671;-0.00182;
4.37485;1.01698;0.44896;1.45553;-0.01753;-0.00927;
4.36630;1.01734;0.45728;1.46365;-0.01659;-0.00113;
4.36205;1.01752;0.46140;1.46768;-0.01612;0.00291;
4.37900;1.01653;0.43637;1.44332;-0.01881;-0.01304;
4.38078;1.01660;0.43914;1.44599;-0.01857;-0.01483;
4.36924;1.01715;0.45241;1.45892;-0.01710;-0.00388;
4.36351;1.01742;0.45899;1.46533;-0.01638;0.00154;
4.36067;1.01756;0.46225;1.46851;-0.01602;0.00423;
4.37170;1.01711;0.45197;1.45848;-0.01718;-0.00626;
4.37717;1.01688;0.44688;1.45350;-0.01776;-0.01147;
4.36744;1.01729;0.45625;1.46265;-0.01670;-0.00222;
4.36262;1.01749;0.46089;1.46718;-0.01618;0.00237;
4.37928;1.01652;0.43611;1.44307;-0.01883;-0.01331;
4.36849;1.01711;0.45091;1.45748;-0.01724;-0.00313;
4.36314;1.01740;0.45824;1.46462;-0.01644;0.00192;
4.36049;1.01755;0.46188;1.46816;-0.01605;0.00442;
4.35917;1.01762;0.46368;1.46992;-0.01585;0.00566;
4.37096;1.01714;0.45269;1.45917;-0.01710;-0.00556;
4.36436;1.01742;0.45912;1.46546;-0.01638;0.00071;
4.36109;1.01756;0.46232;1.46858;-0.01602;0.00382;
4.35947;1.01762;0.46390;1.47012;-0.01584;0.00536;
4.35867;1.01766;0.46468;1.47089;-0.01575;0.00613;
4.35827;1.01768;0.46507;1.47127;-0.01571;0.00651;
4.37051;1.01717;0.45337;1.45984;-0.01703;-0.00514;
4.36414;1.01743;0.45947;1.46579;-0.01634;0.00092;
4.37342;1.01704;0.45060;1.45713;-0.01734;-0.00791;
4.36558;1.01737;0.45809;1.46445;-0.01650;-0.00045;
4.36170;1.01753;0.46180;1.46807;-0.01608;0.00325;
4.37221;1.01709;0.45175;1.45826;-0.01721;-0.00675;
4.36498;1.01740;0.45866;1.46501;-0.01643;0.00012;
4.36140;1.01754;0.46209;1.46835;-0.01604;0.00353;
4.37206;1.01710;0.45189;1.45840;-0.01720;-0.00661;
4.37734;1.01688;0.44684;1.45346;-0.01777;-0.01164;
4.37996;1.01677;0.44434;1.45101;-0.01805;-0.01413;
4.36331;1.01747;0.46026;1.46657;-0.01625;0.00171;
4.36057;1.01758;0.46288;1.46913;-0.01595;0.00432;
4.36057;1.01758;0.46288;1.46913;-0.01595;0.00432;
4.35921;1.01764;0.46418;1.47040;-0.01581;0.00561;
4.37098;1.01715;0.45293;1.45941;-0.01708;-0.00558;
4.37681;1.01690;0.44736;1.45396;-0.01771;-0.01113;
4.36726;1.01730;0.45648;1.46288;-0.01668;-0.00205;
4.36253;1.01750;0.46101;1.46730;-0.01617;0.00245;
4.36019;1.01760;0.46325;1.46949;-0.01591;0.00468;
4.37705;1.01689;0.44713;1.45374;-0.01774;-0.01136;
4.37982;1.01678;0.44448;1.45115;-0.01804;-0.01399;
4.37982;1.01678;0.44448;1.45115;-0.01804;-0.01399;
4.36327;1.01747;0.46030;1.46661;-0.01625;0.00175;
4.36327;1.01747;0.46030;1.46661;-0.01625;0.00175;
4.35921;1.01764;0.46419;1.47040;-0.01581;0.00562;
4.37097;1.01715;0.45294;1.45941;-0.01708;-0.00558;
4.36437;1.01742;0.45925;1.46558;-0.01636;0.00070;
4.37353;1.01704;0.45049;1.45702;-0.01736;-0.00801;
4.37807;1.01685;0.44614;1.45278;-0.01785;-0.01234;
4.36789;1.01727;0.45588;1.46229;-0.01675;-0.00265;
4.37528;1.01697;0.44882;1.45539;-0.01755;-0.00968;
4.37894;1.01681;0.44532;1.45197;-0.01794;-0.01316;
4.37894;1.01681;0.44532;1.45197;-0.01794;-0.01316;
4.36832;1.01726;0.45547;1.46189;-0.01679;-0.00306;
4.36045;1.01758;0.46300;1.46924;-0.01594;0.00444;
4.36045;1.01758;0.46300;1.46924;-0.01594;0.00444;
4.35851;1.01767;0.46485;1.47105;-0.01573;0.00628;
4.37063;1.01716;0.45327;1.45974;-0.01704;-0.00525;
4.37063;1.01716;0.45327;1.45974;-0.01704;-0.00525;
4.37663;1.01691;0.44752;1.45413;-0.01769;-0.01097;
4.38622;1.01623;0.42948;1.43660;-0.01959;-0.01992;
4.37193;1.01697;0.44762;1.45427;-0.01761;-0.00641;
4.36485;1.01733;0.45661;1.46303;-0.01663;0.00029;
4.36133;1.01751;0.46107;1.46737;-0.01614;0.00361;
4.37203;1.01709;0.45139;1.45791;-0.01725;-0.00657;
4.36489;1.01739;0.45848;1.46483;-0.01645;0.00021;
4.37379;1.01702;0.45011;1.45665;-0.01740;-0.00826;
4.36577;1.01736;0.45785;1.46421;-0.01652;-0.00063;
4.36179;1.01753;0.46168;1.46796;-0.01609;0.00316;
4.36179;1.01753;0.46168;1.46796;-0.01609;0.00316;
4.35982;1.01761;0.46358;1.46981;-0.01587;0.00503;
4.35884;1.01765;0.46453;1.47074;-0.01577;0.00596;
4.36428;1.01742;0.45933;1.46566;-0.01636;0.00079;
4.36105;1.01756;0.46242;1.46868;-0.01601;0.00386;
4.37189;1.01711;0.45206;1.45856;-0.01718;-0.00645;
4.37726;1.01688;0.44692;1.45354;-0.01776;-0.01156;
4.37992;1.01677;0.44438;1.45105;-0.01805;-0.01409;
4.36881;1.01724;0.45500;1.46143;-0.01685;-0.00352;
4.36330;1.01747;0.46027;1.46658;-0.01625;0.00172;
4.36057;1.01758;0.46289;1.46913;-0.01595;0.00432;
4.37165;1.01712;0.45229;1.45878;-0.01715;-0.00622;
4.36471;1.01741;0.45893;1.46527;-0.01640;0.00039;
4.37370;1.01703;0.45033;1.45687;-0.01738;-0.00817;
4.36572;1.01736;0.45795;1.46432;-0.01651;-0.00058;
4.37420;1.01701;0.44985;1.45640;-0.01743;-0.00865;
4.36597;1.01735;0.45772;1.46408;-0.01654;-0.00082;
4.36189;1.01752;0.46162;1.46789;-0.01610;0.00306;
4.35987;1.01761;0.46355;1.46978;-0.01588;0.00499;
4.35887;1.01765;0.46451;1.47072;-0.01577;0.00594;
4.37080;1.01715;0.45310;1.45957;-0.01706;-0.00542;
4.37672;1.01691;0.44744;1.45404;-0.01770;-0.01105;
4.36722;1.01730;0.45652;1.46292;-0.01667;-0.00201;
4.36251;1.01750;0.46103;1.46732;-0.01616;0.00247;
4.37261;1.01708;0.45137;1.45788;-0.01726;-0.00714;
4.36518;1.01739;0.45847;1.46482;-0.01645;-0.00007;
4.37394;1.01702;0.45010;1.45665;-0.01740;-0.00840;
4.36584;1.01736;0.45784;1.46421;-0.01652;-0.00069;
4.36183;1.01753;0.46168;1.46796;-0.01609;0.00312;
4.35984;1.01761;0.46358;1.46981;-0.01587;0.00502;
4.37128;1.01713;0.45264;1.45912;-0.01711;-0.00587;
4.36453;1.01741;0.45910;1.46543;-0.01638;0.00056;
4.36118;1.01755;0.46230;1.46856;-0.01602;0.00374;
4.37195;1.01711;0.45200;1.45850;-0.01719;-0.00651;
4.36485;1.01740;0.45878;1.46513;-0.01642;0.00024;
4.36134;1.01755;0.46215;1.46841;-0.01604;0.00359;
4.37203;1.01710;0.45192;1.45843;-0.01719;-0.00658;
4.37733;1.01688;0.44686;1.45348;-0.01777;-0.01163;
4.36752;1.01729;0.45623;1.46264;-0.01671;-0.00230;
4.37510;1.01697;0.44899;1.45556;-0.01753;-0.00950;
4.36642;1.01734;0.45729;1.46367;-0.01659;-0.00124;
4.36211;1.01752;0.46141;1.46769;-0.01612;0.00285;
4.35998;1.01760;0.46345;1.46968;-0.01589;0.00488;
4.35892;1.01765;0.46446;1.47067;-0.01577;0.00589;
4.37083;1.01715;0.45307;1.45955;-0.01706;-0.00544;
4.37673;1.01691;0.44743;1.45403;-0.01770;-0.01106;
4.37966;1.01678;0.44463;1.45130;-0.01802;-0.01385;
4.36868;1.01724;0.45513;1.46155;-0.01683;-0.00340;
4.37567;1.01695;0.44844;1.45503;-0.01759;-0.01005;
4.36670;1.01732;0.45702;1.46340;-0.01662;-0.00151;
4.36225;1.01751;0.46127;1.46756;-0.01614;0.00272;
4.37248;1.01708;0.45149;1.45800;-0.01724;-0.00701;
4.36512;1.01739;0.45853;1.46488;-0.01645;-0.00001;
4.37390;1.01702;0.45013;1.45668;-0.01740;-0.00837;
4.36582;1.01736;0.45786;1.46422;-0.01652;-0.00068;
4.36182;1.01753;0.46169;1.46796;-0.01609;0.00313;
4.37227;1.01709;0.45170;1.45820;-0.01722;-0.00681;
4.36501;1.01739;0.45863;1.46498;-0.01643;0.00009;
4.36142;1.01754;0.46207;1.46834;-0.01604;0.00351;
4.35963;1.01762;0.46378;1.47000;-0.01585;0.00521;
4.35875;1.01766;0.46462;1.47083;-0.01576;0.00605;
4.35831;1.01767;0.46504;1.47124;-0.01571;0.00647;
4.35809;1.01768;0.46525;1.47144;-0.01569;0.00668;
4.35799;1.01769;0.46535;1.47154;-0.01567;0.00678;
4.37037;1.01717;0.45351;1.45998;-0.01701;-0.00500;
4.36407;1.01743;0.45953;1.46586;-0.01633;0.00099;
4.36095;1.01756;0.46252;1.46877;-0.01599;0.00396;
4.35940;1.01763;0.46400;1.47022;-0.01583;0.00543;
4.37107;1.01714;0.45284;1.45932;-0.01709;-0.00567;
4.36442;1.01742;0.45920;1.46553;-0.01637;0.00066;
4.37356;1.01704;0.45046;1.45700;-0.01736;-0.00804;
4.36565;1.01737;0.45802;1.46438;-0.01650;-0.00052;
4.36173;1.01753;0.46177;1.46804;-0.01608;0.00321;
4.37222;1.01709;0.45174;1.45824;-0.01722;-0.00677;
4.37743;1.01688;0.44676;1.45339;-0.01778;-0.01172;
4.38001;1.01677;0.44430;1.45098;-0.01806;-0.01417;
4.36885;1.01723;0.45496;1.46140;-0.01685;-0.00356;
4.37575;1.01695;0.44836;1.45495;-0.01760;-0.01013;
4.37918;1.01680;0.44509;1.45175;-0.01797;-0.01338;
4.38087;1.01673;0.44347;1.45017;-0.01815;-0.01500;
4.38171;1.01670;0.44266;1.44938;-0.01824;-0.01580;
4.36970;1.01720;0.45415;1.46060;-0.01694;-0.00436;
4.37617;1.01693;0.44796;1.45456;-0.01764;-0.01053;
4.37938;1.01680;0.44489;1.45156;-0.01799;-0.01358;
4.36854;1.01725;0.45526;1.46168;-0.01682;-0.00327;
4.36317;1.01747;0.46040;1.46670;-0.01623;0.00185;
4.37293;1.01706;0.45106;1.45758;-0.01729;-0.00745;
4.37778;1.01686;0.44643;1.45306;-0.01782;-0.01205;
4.38018;1.01676;0.44413;1.45081;-0.01808;-0.01434;
4.36894;1.01723;0.45488;1.46132;-0.01686;-0.00364;
4.36336;1.01746;0.46021;1.46652;-0.01626;0.00166;
4.37303;1.01706;0.45097;1.45749;-0.01730;-0.00754;
4.37783;1.01686;0.44638;1.45301;-0.01782;-0.01210;
4.38020;1.01676;0.44411;1.45079;-0.01808;-0.01436;
4.38138;1.01671;0.44298;1.44969;-0.01821;-0.01548;
4.38197;1.01669;0.44242;1.44914;-0.01827;-0.01604;
4.38226;1.01668;0.44215;1.44887;-0.01830;-0.01632;
4.38240;1.01667;0.44201;1.44874;-0.01832;-0.01645;
4.38247;1.01667;0.44194;1.44867;-0.01833;-0.01652;
4.37009;1.01718;0.45378;1.46024;-0.01698;-0.00474;
4.37009;1.01718;0.45378;1.46024;-0.01698;-0.00474;
4.37948;1.01679;0.44480;1.45147;-0.01800;-0.01367;
4.36859;1.01725;0.45521;1.46164;-0.01682;-0.00331;
4.36859;1.01725;0.45521;1.46164;-0.01682;-0.00331;
4.36668;1.01732;0.45704;1.46342;-0.01661;-0.00149;
4.36668;1.01732;0.45704;1.46342;-0.01661;-0.00149;
4.37248;1.01708;0.45150;1.45801;-0.01724;-0.00701;
4.37248;1.01708;0.45150;1.45801;-0.01724;-0.00701;
4.36512;1.01739;0.45853;1.46488;-0.01645;-0.00001;
4.37390;1.01702;0.45013;1.45668;-0.01740;-0.00837;
4.36582;1.01736;0.45786;1.46422;-0.01652;-0.00068;
4.36182;1.01753;0.46169;1.46796;-0.01609;0.00313;
4.37227;1.01709;0.45170;1.45820;-0.01722;-0.00681;
4.37745;1.01688;0.44674;1.45337;-0.01778;-0.01174;
4.38002;1.01677;0.44429;1.45097;-0.01806;-0.01418;
4.36885;1.01723;0.45496;1.46139;-0.01685;-0.00356;
4.37301;1.01706;0.45098;1.45751;-0.01730;-0.00752;
4.37301;1.01706;0.45098;1.45751;-0.01730;-0.00752;
4.36538;1.01738;0.45828;1.46463;-0.01647;-0.00026;
4.36160;1.01754;0.46190;1.46817;-0.01606;0.00334;
4.37739;1.01688;0.44680;1.45342;-0.01778;-0.01169;
4.36755;1.01729;0.45620;1.46261;-0.01671;-0.00233;
4.36268;1.01749;0.46087;1.46716;-0.01618;0.00232;
4.37269;1.01707;0.45129;1.45781;-0.01727;-0.00721;
4.37269;1.01707;0.45129;1.45781;-0.01727;-0.00721;
4.37396;1.01702;0.45008;1.45663;-0.01740;-0.00842;
4.37396;1.01702;0.45008;1.45663;-0.01740;-0.00842;
4.37828;1.01684;0.44594;1.45258;-0.01787;-0.01254;
4.37533;1.01696;0.44877;1.45534;-0.01755;-0.00972;
4.37897;1.01681;0.44529;1.45195;-0.01795;-0.01318;
4.36833;1.01726;0.45546;1.46188;-0.01679;-0.00307;
4.37550;1.01696;0.44861;1.45519;-0.01757;-0.00988;
4.37905;1.01681;0.44521;1.45187;-0.01795;-0.01326;
4.38081;1.01674;0.44353;1.45023;-0.01815;-0.01494;
4.36925;1.01722;0.45458;1.46102;-0.01689;-0.00394;
4.36925;1.01722;0.45458;1.46102;-0.01689;-0.00394;
4.37927;1.01680;0.44500;1.45166;-0.01798;-0.01348;
4.36849;1.01725;0.45531;1.46173;-0.01681;-0.00321;
4.37557;1.01695;0.44854;1.45512;-0.01758;-0.00996;
4.36665;1.01733;0.45707;1.46345;-0.01661;-0.00147;
4.36223;1.01751;0.46130;1.46758;-0.01613;0.00274;
4.36004;1.01760;0.46339;1.46963;-0.01590;0.00483;
4.35895;1.01765;0.46443;1.47064;-0.01578;0.00586;
4.37084;1.01715;0.45306;1.45953;-0.01707;-0.00546;
4.36431;1.01742;0.45931;1.46564;-0.01636;0.00076;
4.36107;1.01756;0.46241;1.46867;-0.01601;0.00385;
4.35946;1.01763;0.46394;1.47017;-0.01583;0.00538;
4.35866;1.01766;0.46471;1.47091;-0.01575;0.00613;
4.37070;1.01716;0.45319;1.45967;-0.01705;-0.00532;
4.36424;1.01743;0.45938;1.46570;-0.01635;0.00083;
4.36103;1.01756;0.46244;1.46870;-0.01600;0.00388;
4.35944;1.01763;0.46396;1.47018;-0.01583;0.00539;
4.37109;1.01714;0.45282;1.45930;-0.01709;-0.00569;
4.37686;1.01690;0.44730;1.45391;-0.01772;-0.01118;
4.36729;1.01730;0.45645;1.46285;-0.01668;-0.00208;
4.37498;1.01698;0.44910;1.45567;-0.01751;-0.00939;
4.37879;1.01682;0.44546;1.45211;-0.01793;-0.01302;
4.36825;1.01726;0.45554;1.46196;-0.01678;-0.00299;
4.37545;1.01696;0.44865;1.45523;-0.01757;-0.00984;
4.36659;1.01733;0.45712;1.46350;-0.01661;-0.00141;
4.37463;1.01699;0.44943;1.45599;-0.01748;-0.00906;
4.37862;1.01683;0.44562;1.45227;-0.01791;-0.01286;
4.38060;1.01674;0.44373;1.45042;-0.01812;-0.01474;
4.38158;1.01670;0.44279;1.44951;-0.01823;-0.01567;
4.38206;1.01668;0.44233;1.44905;-0.01828;-0.01613;
4.36987;1.01719;0.45399;1.46044;-0.01696;-0.00453;
4.36382;1.01744;0.45977;1.46609;-0.01631;0.00122;
4.36083;1.01757;0.46264;1.46889;-0.01598;0.00408;
4.35934;1.01763;0.46406;1.47028;-0.01582;0.00549;
4.37104;1.01714;0.45287;1.45935;-0.01709;-0.00564;
4.36440;1.01742;0.45922;1.46555;-0.01637;0.00067;
4.37355;1.01704;0.45047;1.45701;-0.01736;-0.00803;
4.36565;1.01737;0.45803;1.46439;-0.01650;-0.00051;
4.37417;1.01701;0.44988;1.45643;-0.01743;-0.00862;
4.36595;1.01736;0.45773;1.46410;-0.01654;-0.00080;
4.36188;1.01752;0.46163;1.46790;-0.01610;0.00307;
4.35987;1.01761;0.46356;1.46979;-0.01588;0.00499;
4.35886;1.01765;0.46451;1.47072;-0.01577;0.00594;
4.35837;1.01767;0.46499;1.47119;-0.01571;0.00642;
4.37056;1.01716;0.45333;1.45980;-0.01703;-0.00518;
4.37660;1.01691;0.44755;1.45416;-0.01769;-0.01093;
4.36716;1.01730;0.45658;1.46297;-0.01667;-0.00195;
4.36248;1.01750;0.46105;1.46734;-0.01616;0.00250;
4.36016;1.01760;0.46327;1.46951;-0.01591;0.00471;
4.37145;1.01713;0.45248;1.45897;-0.01713;-0.00603;
4.36461;1.01741;0.45902;1.46536;-0.01639;0.00048;
4.36121;1.01755;0.46227;1.46853;-0.01602;0.00371;
4.37197;1.01710;0.45198;1.45848;-0.01719;-0.00652;
4.36486;1.01740;0.45878;1.46512;-0.01642;0.00023;
4.37378;1.01703;0.45025;1.45679;-0.01738;-0.00825;
4.37820;1.01684;0.44603;1.45267;-0.01786;-0.01245;
4.38039;1.01675;0.44393;1.45062;-0.01810;-0.01454;
4.38147;1.01671;0.44289;1.44961;-0.01822;-0.01557;
4.36958;1.01720;0.45427;1.46072;-0.01693;-0.00425;
4.37611;1.01693;0.44802;1.45461;-0.01764;-0.01047;
4.36692;1.01731;0.45681;1.46320;-0.01664;-0.00172;
4.37480;1.01699;0.44928;1.45584;-0.01749;-0.00922;
4.36627;1.01734;0.45743;1.46381;-0.01657;-0.00110;
4.37447;1.01700;0.44959;1.45614;-0.01746;-0.00891;
4.36611;1.01735;0.45759;1.46396;-0.01655;-0.00095;
4.37439;1.01700;0.44966;1.45622;-0.01745;-0.00883;
4.36607;1.01735;0.45763;1.46399;-0.01655;-0.00091;
4.36194;1.01752;0.46157;1.46785;-0.01610;0.00302;
4.37233;1.01709;0.45164;1.45815;-0.01723;-0.00687;
4.36504;1.01739;0.45861;1.46495;-0.01644;0.00006;
4.36143;1.01754;0.46206;1.46832;-0.01605;0.00350;
4.37207;1.01710;0.45188;1.45838;-0.01720;-0.00663;
4.36492;1.01740;0.45872;1.46507;-0.01642;0.00018;
4.36137;1.01755;0.46212;1.46838;-0.01604;0.00356;
4.35961;1.01762;0.46380;1.47003;-0.01585;0.00523;
4.37117;1.01714;0.45274;1.45923;-0.01710;-0.00577;
4.36447;1.01742;0.45915;1.46549;-0.01638;0.00061;
4.37358;1.01704;0.45044;1.45698;-0.01736;-0.00806;
4.36566;1.01737;0.45801;1.46437;-0.01651;-0.00053;
4.36174;1.01753;0.46176;1.46804;-0.01608;0.00321;
4.35979;1.01761;0.46362;1.46985;-0.01587;0.00506;
4.37126;1.01713;0.45266;1.45914;-0.01711;-0.00585;
4.37695;1.01690;0.44722;1.45383;-0.01773;-0.01127;
4.36733;1.01730;0.45641;1.46281;-0.01669;-0.00212;
4.37500;1.01698;0.44908;1.45565;-0.01752;-0.00941;
4.37880;1.01682;0.44545;1.45210;-0.01793;-0.01303;
4.36825;1.01726;0.45553;1.46195;-0.01679;-0.00299;
4.36302;1.01748;0.46054;1.46684;-0.01622;0.00199;
4.37286;1.01707;0.45113;1.45765;-0.01728;-0.00738;
4.36531;1.01738;0.45835;1.46470;-0.01647;-0.00019;
4.36156;1.01754;0.46193;1.46820;-0.01606;0.00337;
4.37214;1.01710;0.45182;1.45832;-0.01721;-0.00669;
4.36495;1.01740;0.45869;1.46504;-0.01643;0.00015;
4.36139;1.01755;0.46210;1.46837;-0.01604;0.00354;
4.35962;1.01762;0.46379;1.47002;-0.01585;0.00523;
4.35874;1.01766;0.46463;1.47084;-0.01576;0.00606;
4.37074;1.01716;0.45316;1.45963;-0.01705;-0.00536;
4.37669;1.01691;0.44747;1.45407;-0.01770;-0.01102;
4.37964;1.01678;0.44465;1.45132;-0.01802;-0.01383;
4.38110;1.01672;0.44325;1.44995;-0.01818;-0.01522;
4.38183;1.01669;0.44255;1.44927;-0.01826;-0.01591;
4.36975;1.01720;0.45410;1.46055;-0.01695;-0.00442;
4.36377;1.01745;0.45983;1.46614;-0.01630;0.00128;
4.37323;1.01705;0.45077;1.45730;-0.01732;-0.00773;
4.37793;1.01686;0.44629;1.45292;-0.01783;-0.01219;
4.36782;1.01728;0.45595;1.46236;-0.01674;-0.00258;
4.36281;1.01749;0.46074;1.46704;-0.01620;0.00219;
4.36032;1.01759;0.46312;1.46936;-0.01593;0.00455;
4.35909;1.01764;0.46430;1.47051;-0.01579;0.00573;
4.35848;1.01767;0.46488;1.47108;-0.01573;0.00631;
4.35818;1.01768;0.46517;1.47136;-0.01569;0.00660;
4.37655;1.01691;0.44760;1.45420;-0.01768;-0.01089;
4.37655;1.01691;0.44760;1.45420;-0.01768;-0.01089;
4.37957;1.01679;0.44471;1.45138;-0.01801;-0.01376;
4.36863;1.01724;0.45517;1.46160;-0.01683;-0.00335;
4.36052;1.01758;0.46293;1.46917;-0.01595;0.00436;
4.37162;1.01712;0.45231;1.45880;-0.01715;-0.00620;
4.37162;1.01712;0.45231;1.45880;-0.01715;-0.00620;
4.37713;1.01689;0.44705;1.45366;-0.01775;-0.01144;
4.37986;1.01678;0.44444;1.45111;-0.01804;-0.01403;
4.36328;1.01747;0.46029;1.46660;-0.01625;0.00174;
4.36056;1.01758;0.46289;1.46914;-0.01595;0.00433;
4.36056;1.01758;0.46289;1.46914;-0.01595;0.00433;
4.37164;1.01712;0.45229;1.45879;-0.01715;-0.00622;
4.37370;1.01703;0.45033;1.45687;-0.01737;-0.00817;
4.37370;1.01703;0.45033;1.45687;-0.01737;-0.00817;
4.38037;1.01675;0.44395;1.45064;-0.01810;-0.01452;
4.38037;1.01675;0.44395;1.45064;-0.01810;-0.01452;
4.38146;1.01671;0.44290;1.44961;-0.01822;-0.01556;
4.36957;1.01720;0.45427;1.46072;-0.01693;-0.00425;
4.36692;1.01731;0.45681;1.46320;-0.01664;-0.00172;
4.36692;1.01731;0.45681;1.46320;-0.01664;-0.00172;
4.37480;1.01699;0.44928;1.45584;-0.01749;-0.00922;
4.38531;1.01627;0.43036;1.43745;-0.01949;-0.01905;
4.38531;1.01627;0.43036;1.43745;-0.01949;-0.01905;
4.36462;1.01734;0.45683;1.46324;-0.01660;0.00051;
4.36462;1.01734;0.45683;1.46324;-0.01660;0.00051;
4.37197;1.01709;0.45144;1.45796;-0.01724;-0.00652;
4.36487;1.01739;0.45851;1.46486;-0.01644;0.00024;
4.36134;1.01754;0.46201;1.46828;-0.01605;0.00359;
4.35960;1.01762;0.46375;1.46997;-0.01585;0.00525;
4.35873;1.01766;0.46461;1.47081;-0.01576;0.00607;
4.35873;1.01766;0.46461;1.47081;-0.01576;0.00607;
4.37074;1.01716;0.45314;1.45962;-0.01706;-0.00535;
4.36425;1.01743;0.45935;1.46568;-0.01635;0.00081;
4.36561;1.01737;0.45806;1.46442;-0.01650;-0.00048;
4.37415;1.01701;0.44990;1.45645;-0.01742;-0.00860;
4.37838;1.01684;0.44585;1.45249;-0.01788;-0.01263;
4.37838;1.01684;0.44585;1.45249;-0.01788;-0.01263;
4.36292;1.01748;0.46064;1.46693;-0.01621;0.00208;
4.36038;1.01759;0.46307;1.46931;-0.01593;0.00450;
4.37155;1.01712;0.45238;1.45887;-0.01714;-0.00613;
4.37709;1.01689;0.44708;1.45370;-0.01774;-0.01140;
4.37984;1.01678;0.44446;1.45113;-0.01804;-0.01402;
4.38120;1.01672;0.44315;1.44986;-0.01819;-0.01531;
4.38188;1.01669;0.44251;1.44923;-0.01826;-0.01595;
4.38221;1.01668;0.44219;1.44892;-0.01830;-0.01627;
4.38221;1.01668;0.44219;1.44892;-0.01830;-0.01627;
4.38238;1.01667;0.44203;1.44876;-0.01832;-0.01643;
4.37003;1.01719;0.45384;1.46030;-0.01698;-0.00468;
4.37634;1.01692;0.44781;1.45440;-0.01766;-0.01068;
4.36703;1.01731;0.45670;1.46309;-0.01665;-0.00183;
4.37485;1.01698;0.44923;1.45579;-0.01750;-0.00927;
4.37873;1.01682;0.44552;1.45217;-0.01792;-0.01296;
4.36822;1.01726;0.45557;1.46199;-0.01678;-0.00296;
4.37544;1.01696;0.44866;1.45524;-0.01756;-0.00983;
4.36659;1.01733;0.45713;1.46351;-0.01660;-0.00140;
4.36220;1.01751;0.46133;1.46761;-0.01613;0.00277;
4.37245;1.01708;0.45152;1.45803;-0.01724;-0.00699;
4.36511;1.01739;0.45854;1.46489;-0.01644;0.00000;
4.37390;1.01702;0.45014;1.45668;-0.01740;-0.00836;
4.37826;1.01684;0.44597;1.45261;-0.01787;-0.01251;
4.36798;1.01727;0.45579;1.46221;-0.01676;-0.00273;
4.36289;1.01748;0.46066;1.46696;-0.01620;0.00211;
4.37280;1.01707;0.45119;1.45771;-0.01728;-0.00731;
4.36528;1.01738;0.45838;1.46473;-0.01646;-0.00016;
4.36155;1.01754;0.46195;1.46822;-0.01606;0.00339;
4.35970;1.01762;0.46372;1.46994;-0.01586;0.00515;
4.37122;1.01714;0.45270;1.45919;-0.01711;-0.00581;
4.37693;1.01690;0.44724;1.45385;-0.01772;-0.01124;
4.36732;1.01730;0.45642;1.46282;-0.01668;-0.00211;
4.36256;1.01750;0.46098;1.46727;-0.01617;0.00242;
4.36020;1.01759;0.46323;1.46947;-0.01591;0.00467;
4.35903;1.01764;0.46435;1.47057;-0.01579;0.00578;
4.37088;1.01715;0.45302;1.45950;-0.01707;-0.00549;
4.37676;1.01690;0.44740;1.45401;-0.01771;-0.01109;
4.36724;1.01730;0.45650;1.46290;-0.01668;-0.00203;
4.36252;1.01750;0.46102;1.46731;-0.01616;0.00246;
4.37262;1.01708;0.45136;1.45788;-0.01726;-0.00714;
4.36519;1.01739;0.45847;1.46482;-0.01645;-0.00007;
4.36150;1.01754;0.46199;1.46826;-0.01605;0.00343;
