4.01046;5.06104;-0.30933;1.37047;-0.03106;0.04469;
4.13435;5.17210;0.24919;1.47872;-0.02993;0.01633;
4.11159;5.13198;-0.13276;1.40533;-0.02704;0.02215;
4.43266;5.15529;-0.03254;1.42528;-0.02422;-0.04077;
4.40207;5.07223;0.86009;1.59992;-0.02213;-0.03922;
4.38690;5.03104;1.30266;1.68650;-0.02109;-0.03845;
4.23681;5.06204;0.38954;1.50835;-0.02265;-0.00501;
4.07259;4.98451;-0.22702;1.38559;-0.03159;0.03364;
4.22355;4.98756;0.76367;1.58024;-0.02578;-0.00233;
4.49525;5.04043;1.13994;1.65235;-0.01671;-0.05698;
4.43310;5.01528;1.44141;1.71250;-0.01840;-0.04725;
4.40229;5.00281;1.59088;1.74232;-0.01924;-0.04243;
4.80786;5.00708;1.48999;1.72196;-0.01399;-0.12143;
4.58809;4.99874;1.61497;1.74701;-0.01705;-0.07921;
4.34079;5.09183;1.17381;1.66026;-0.02352;-0.02935;
3.74981;5.07771;0.82588;1.59272;-0.03436;0.08698;
4.06351;5.03376;1.28570;1.68293;-0.02715;0.02412;
4.21904;5.01197;1.51368;1.72766;-0.02358;-0.00705;
4.29616;5.00117;1.62671;1.74984;-0.02181;-0.02250;
4.22581;5.05000;0.54931;1.53977;-0.02368;-0.00364;
4.10485;5.11175;0.56049;1.54111;-0.02651;0.01952;
4.04440;5.14268;0.56065;1.54073;-0.02788;0.03113;
4.20962;5.06595;1.15437;1.65719;-0.02394;-0.00358;
4.47661;5.12244;1.03475;1.63242;-0.01431;-0.05372;
4.42338;5.05534;1.39247;1.70325;-0.01724;-0.04557;
4.28659;5.07722;0.41678;1.51349;-0.02148;-0.01456;
4.17647;5.05174;-0.02487;1.42640;-0.02964;0.01052;
4.48994;5.11157;0.74236;1.57377;-0.02606;-0.05476;
4.43047;5.05055;1.24429;1.67354;-0.02304;-0.04615;
4.26303;5.11199;1.09106;1.64366;-0.03324;-0.01418;
4.26303;5.11199;1.09106;1.64366;-0.03324;-0.01418;
4.31797;5.05076;1.41718;1.70819;-0.02660;-0.02603;
4.54207;5.07176;1.46394;1.71579;-0.01711;-0.06873;
4.64434;5.12929;1.13389;1.65104;-0.01202;-0.08652;
4.49915;5.21669;1.14338;1.65129;-0.02229;-0.05977;
4.23830;5.14411;1.33529;1.68983;-0.02962;-0.01101;
4.30571;5.06668;1.53826;1.73108;-0.02480;-0.02446;
4.18887;5.07824;1.28105;1.68154;-0.03525;-0.00112;
3.82713;5.08638;0.65547;1.55991;-0.03408;0.07293;
4.10185;5.03806;1.20121;1.66667;-0.02701;0.01715;
3.79108;5.06331;1.11555;1.64948;-0.04265;0.07631;
4.08646;5.02631;1.43198;1.71160;-0.03117;0.01834;
4.03369;5.04972;1.47837;1.71973;-0.03402;0.02772;
4.38798;5.11809;1.14269;1.65332;-0.02051;-0.03789;
3.95123;5.07773;0.60991;1.54964;-0.01964;0.05022;
4.01112;5.05221;0.07460;1.44505;-0.02866;0.04243;
3.99659;5.11151;0.37632;1.50401;-0.02948;0.04244;
4.18747;5.05000;1.06863;1.64010;-0.02469;0.00169;
4.52320;5.03484;1.40086;1.70380;-0.01112;-0.06353;
4.33681;5.06696;0.42917;1.51536;-0.01844;-0.02365;
4.35425;5.10290;0.54079;1.53680;-0.02297;-0.02809;
4.57998;5.13722;1.02690;1.62928;-0.02275;-0.07429;
4.46846;5.21989;1.09025;1.64050;-0.02753;-0.05393;
4.86667;5.15125;1.23544;1.66857;-0.01098;-0.12970;
4.61725;5.07022;1.48876;1.72054;-0.01557;-0.08331;
4.43415;5.17572;1.13599;1.65137;-0.02226;-0.04690;
4.20608;5.12380;1.33162;1.68987;-0.02960;-0.00463;
3.89832;5.06136;0.46642;1.52132;-0.02607;0.06110;
4.13313;5.10122;0.48527;1.52535;-0.02729;0.01506;
4.18531;5.13293;0.80226;1.58711;-0.03574;0.00173;
4.21878;5.20797;0.63357;1.55456;-0.03269;-0.00361;
4.28942;5.25499;0.89540;1.60348;-0.03246;-0.01889;
4.33180;5.11926;1.32781;1.68979;-0.02610;-0.02854;
4.15077;5.09520;1.42929;1.70941;-0.03164;0.00533;
4.47997;5.13344;1.46361;1.71413;-0.02701;-0.05786;
4.28295;5.11281;0.46934;1.52204;-0.02559;-0.01463;
4.59391;5.10059;0.55807;1.54035;-0.03916;-0.07615;
4.28267;5.08643;1.04922;1.63563;-0.03797;-0.01865;
4.32770;5.03809;1.39643;1.70421;-0.02894;-0.02825;
4.54689;5.06548;1.45366;1.71382;-0.01827;-0.06983;
4.45870;5.02770;1.59695;1.74297;-0.01918;-0.05363;
4.40833;5.16558;1.37288;1.69687;-0.02576;-0.04368;
3.74474;5.07621;0.66095;1.55943;-0.02330;0.08981;
4.06100;5.03302;1.20393;1.66643;-0.02167;0.02552;
4.21780;5.01160;1.47313;1.71948;-0.02086;-0.00635;
4.29554;5.00099;1.60661;1.74578;-0.02046;-0.02215;
4.34055;5.02575;1.69597;1.76219;-0.02736;-0.03317;
4.36426;4.99920;1.72756;1.76932;-0.02186;-0.03658;
4.36426;4.99920;1.72756;1.76932;-0.02186;-0.03658;
4.56502;5.04620;1.61783;1.74610;-0.01476;-0.07396;
4.41944;5.00423;1.70835;1.76536;-0.01877;-0.04661;
4.39551;4.99733;1.72323;1.76853;-0.01942;-0.04211;
4.39551;4.99733;1.72323;1.76853;-0.01942;-0.04211;
4.35846;5.05587;1.56963;1.73763;-0.02160;-0.03447;
4.35846;5.05587;1.56963;1.73763;-0.02160;-0.03447;
4.21302;5.04138;0.55043;1.53826;-0.02963;0.00044;
4.41180;5.09357;-0.01007;1.43031;-0.04184;-0.03353;
4.39206;5.11720;0.27959;1.48619;-0.03502;-0.03285;
4.31704;5.14962;0.61682;1.55155;-0.03986;-0.02194;
4.20214;5.12082;0.04934;1.44141;-0.03196;0.00319;
4.09295;5.14766;0.25700;1.48159;-0.03025;0.02325;
4.42641;5.16320;0.15983;1.46292;-0.02577;-0.04080;
4.25349;5.12696;-0.18283;1.39638;-0.02496;-0.00558;
4.25349;5.12696;-0.18283;1.39638;-0.02496;-0.00558;
4.31374;5.05760;0.79379;1.58719;-0.02247;-0.02191;
4.20054;5.07521;0.13725;1.45911;-0.02334;0.00320;
4.14441;5.08394;-0.18827;1.39560;-0.02377;0.01564;
3.80813;5.08914;-0.06776;1.41917;-0.02840;0.08061;
4.09243;5.03943;0.84263;1.59689;-0.02420;0.02096;
4.23338;5.01478;1.29400;1.68500;-0.02212;-0.00861;
4.82110;5.05357;1.07012;1.63961;-0.01064;-0.12060;
4.59274;5.02152;1.40964;1.70675;-0.01543;-0.07845;
4.48143;5.00590;1.57513;1.73947;-0.01777;-0.05790;
4.38730;5.12656;1.32512;1.68863;-0.02234;-0.03903;
4.16099;5.05069;0.21215;1.47186;-0.02504;0.01172;
3.90378;5.05560;0.69240;1.56669;-0.03646;0.05850;
3.90378;5.05560;0.69240;1.56669;-0.03646;0.05850;
4.13155;5.09752;0.60257;1.54889;-0.03259;0.01457;
4.10165;5.04969;1.08215;1.64377;-0.04014;0.01591;
4.16323;5.13579;0.80824;1.58880;-0.03269;0.00637;
4.16323;5.13579;0.80824;1.58880;-0.03269;0.00637;
4.11615;5.08091;0.17186;1.46426;-0.03513;0.02071;
4.04967;5.12742;0.35399;1.49991;-0.03216;0.03187;
4.21412;5.05759;1.06004;1.63855;-0.02599;-0.00362;
4.29539;5.02307;1.40901;1.70707;-0.02294;-0.02116;
4.18834;5.05913;0.41346;1.51293;-0.02359;0.00430;
4.28016;5.10040;0.43959;1.51742;-0.02618;-0.01363;
4.30961;5.13990;0.87909;1.60181;-0.02349;-0.02140;
4.28240;5.20526;0.50392;1.53008;-0.02668;-0.01450;
4.32763;5.09686;1.12688;1.65203;-0.02335;-0.02621;
4.35704;5.07282;1.46475;1.71698;-0.02889;-0.03536;
4.14774;5.03904;1.61863;1.74768;-0.04176;0.00219;
4.11906;5.03501;1.69833;1.76259;-0.03788;0.00835;
4.09430;5.03103;0.61283;1.55036;-0.03770;0.02168;
4.23177;5.08508;0.61946;1.55173;-0.03278;-0.00511;
4.15909;5.08888;0.04450;1.44030;-0.02840;0.01171;
4.11328;5.05712;-0.21074;1.38986;-0.03310;0.02356;
4.10080;5.07547;-0.36506;1.36046;-0.02848;0.02580;
4.26291;5.22746;-0.00669;1.43097;-0.03376;-0.00766;
4.31933;5.10492;0.89566;1.60718;-0.02668;-0.02319;
4.20427;5.14154;0.88307;1.60363;-0.02868;-0.00134;
4.22875;5.20563;0.49712;1.52933;-0.02935;-0.00423;
4.14869;5.11560;0.01854;1.43496;-0.03347;0.01544;
3.86510;5.05630;-0.18807;1.39425;-0.02790;0.07200;
4.11854;5.09767;0.23980;1.47773;-0.02770;0.01967;
4.24304;5.11887;0.41625;1.51217;-0.02782;-0.00586;
4.48888;5.14760;0.66975;1.56068;-0.01624;-0.05398;
4.27756;5.08682;0.10393;1.45046;-0.02698;-0.00921;
4.31926;5.19684;0.64216;1.55366;-0.02968;-0.02189;
4.34653;5.09014;1.20890;1.66641;-0.02471;-0.03006;
4.21569;5.09135;0.33572;1.49696;-0.02445;-0.00060;
4.15193;5.09194;-0.08986;1.41437;-0.02432;0.01376;
4.26101;5.11545;0.28043;1.48614;-0.02593;-0.00923;
4.31744;5.05194;1.02150;1.63131;-0.02295;-0.02370;
4.33830;5.17760;1.08757;1.64150;-0.02763;-0.02885;
4.35528;5.08329;1.41545;1.70712;-0.02382;-0.03331;
4.36370;5.03653;1.57800;1.73965;-0.02193;-0.03552;
4.58278;5.10403;1.53706;1.72908;-0.02223;-0.07758;
4.48296;5.07684;1.66149;1.75391;-0.02823;-0.06065;
4.42701;5.03333;1.69999;1.76285;-0.02412;-0.04908;
4.33983;5.15743;1.24072;1.67235;-0.02650;-0.02992;
4.29661;5.21896;1.01301;1.62748;-0.02767;-0.02043;
4.13788;5.14524;1.27065;1.67802;-0.03229;0.00850;
4.11376;5.14534;1.23023;1.66999;-0.03209;0.01350;
4.24061;5.14352;0.85300;1.59692;-0.03047;-0.00863;
4.11008;5.10783;1.19142;1.66289;-0.03367;0.01435;
4.24439;5.04768;1.47164;1.71866;-0.02670;-0.01234;
4.50780;5.07043;1.49111;1.72100;-0.01708;-0.06236;
3.87412;5.02209;1.28467;1.68183;-0.03398;0.06177;
4.01777;5.06069;0.37206;1.50456;-0.02968;0.03794;
4.05774;5.11957;0.26307;1.48356;-0.03487;0.03084;
4.07374;5.10581;-0.12918;1.40709;-0.02944;0.02934;
4.07186;5.06614;-0.29184;1.37438;-0.03352;0.03207;
4.02722;5.12012;0.09161;1.44907;-0.03110;0.03778;
4.20252;5.05424;0.92868;1.61309;-0.02549;-0.00059;
4.28797;5.02212;1.33667;1.69303;-0.02276;-0.01930;
4.33033;5.00620;1.53895;1.73267;-0.02140;-0.02857;
4.20876;5.04973;0.50669;1.53124;-0.02281;-0.00011;
3.83878;5.07620;0.31181;1.49320;-0.02825;0.07286;
4.10098;5.18963;0.73571;1.57303;-0.03025;0.01903;
4.04089;5.13070;1.13317;1.65103;-0.03356;0.02806;
4.14839;5.20570;0.95969;1.61691;-0.03118;0.00832;
4.26113;5.09722;1.35204;1.69493;-0.02558;-0.01488;
4.31702;5.04344;1.54657;1.73361;-0.02280;-0.02638;
4.12935;5.03733;1.60584;1.74529;-0.03816;0.00696;
3.79661;5.07034;0.85041;1.59809;-0.03584;0.07696;
4.08672;5.03011;1.29786;1.68560;-0.02789;0.01915;
4.23055;5.01016;1.51971;1.72898;-0.02395;-0.00951;
4.30186;5.00027;1.62970;1.75049;-0.02199;-0.02372;
4.33057;5.15199;1.38912;1.70059;-0.02715;-0.02886;
4.28458;5.17121;0.74858;1.57731;-0.03665;-0.01593;
4.32865;5.08012;1.24737;1.67529;-0.02829;-0.02690;
4.35050;5.03496;1.49467;1.72387;-0.02415;-0.03234;
3.97632;4.99289;1.56207;1.73825;-0.04670;0.03682;
4.02235;5.05133;1.14649;1.65642;-0.04560;0.03117;
4.00262;5.11151;0.83990;1.59576;-0.03748;0.03712;
4.93532;5.01321;0.80199;1.58772;-0.02497;-0.14543;
4.65102;5.00177;1.27429;1.68054;-0.02250;-0.09106;
4.50766;4.99600;1.51245;1.72735;-0.02125;-0.06364;
5.06421;4.98217;1.31749;1.68806;-0.00767;-0.17073;
4.71180;4.98643;1.53149;1.73061;-0.01398;-0.10300;
4.47774;5.08878;1.18861;1.66333;-0.02940;-0.05670;
3.96724;5.09563;0.64468;1.55768;-0.03153;0.04579;
4.16822;5.20113;0.90536;1.60585;-0.03189;0.00488;
4.81515;5.14144;0.46937;1.52246;-0.03318;-0.11766;
4.13496;5.11745;0.25650;1.48172;-0.03306;0.01564;
4.11190;5.10488;-0.12914;1.40682;-0.02859;0.02181;
4.43281;5.14186;-0.03075;1.42602;-0.02499;-0.04094;
4.84200;5.14900;0.31642;1.49285;-0.02385;-0.12129;
4.60301;5.06843;1.03918;1.63461;-0.02193;-0.07878;
4.48653;5.02916;1.39145;1.70370;-0.02099;-0.05807;
4.42877;5.00969;1.56611;1.73796;-0.02053;-0.04779;
4.40014;5.00004;1.65270;1.75494;-0.02030;-0.04270;
4.24337;5.04667;0.56309;1.54228;-0.02226;-0.00711;
4.30713;5.09375;0.51358;1.53194;-0.02549;-0.01923;
4.52388;5.13760;0.68981;1.56509;-0.01559;-0.06122;
4.44727;5.06343;1.21839;1.66926;-0.01785;-0.04935;
4.40866;5.02606;1.48478;1.72176;-0.01899;-0.04337;
4.38331;5.16594;1.31585;1.68605;-0.02572;-0.03856;
4.23503;5.12892;0.39608;1.50812;-0.02495;-0.00506;
4.30932;5.09327;1.00354;1.62815;-0.02371;-0.02217;
4.30932;5.09327;1.00354;1.62815;-0.02371;-0.02217;
4.28148;5.18715;0.89542;1.60556;-0.02629;-0.01658;
4.32711;5.08802;1.32018;1.68930;-0.02316;-0.02723;
4.14585;5.02634;1.63417;1.75111;-0.03784;0.00349;
4.14585;5.02634;1.63417;1.75111;-0.03784;0.00349;
4.31688;4.99927;1.71259;1.76664;-0.02440;-0.02766;
4.31688;4.99927;1.71259;1.76664;-0.02440;-0.02766;
4.35179;5.14931;1.43653;1.70985;-0.02727;-0.03332;
4.63864;5.20025;1.08758;1.64188;-0.02483;-0.08559;
4.69444;5.18905;0.56814;1.54172;-0.02311;-0.09426;
4.53186;5.08896;1.15791;1.65765;-0.02158;-0.06574;
4.63919;5.13552;1.01732;1.62897;-0.01351;-0.08506;
4.30492;5.10360;1.27495;1.67918;-0.02536;-0.02303;
4.12325;5.08445;1.39100;1.70241;-0.03880;0.00948;
4.05377;5.12765;0.87159;1.60124;-0.03319;0.02663;
4.05377;5.12765;0.87159;1.60124;-0.03319;0.02663;
4.06196;5.07695;0.20414;1.47060;-0.03538;0.03073;
4.39262;5.05854;0.94918;1.61719;-0.02408;-0.03768;
4.16363;5.01696;0.02576;1.43644;-0.02590;0.01239;
4.26204;5.16026;0.59389;1.54489;-0.02909;-0.01096;
4.26204;5.16026;0.59389;1.54489;-0.02909;-0.01096;
4.31747;5.07469;1.17068;1.65922;-0.02454;-0.02444;
4.22304;5.14964;1.04849;1.63529;-0.03930;-0.00732;
4.29877;5.06875;1.39901;1.70462;-0.02952;-0.02277;
4.33569;5.02932;1.56986;1.73841;-0.02476;-0.03029;
4.15726;5.05121;1.54673;1.73302;-0.03084;0.00361;
4.45029;5.11858;1.18155;1.66087;-0.01882;-0.05005;
4.40377;5.21142;1.16680;1.65612;-0.02564;-0.04184;
4.40377;5.21142;1.16680;1.65612;-0.02564;-0.04184;
4.56652;5.11977;1.36043;1.69482;-0.01022;-0.07200;
4.01149;5.11086;0.72979;1.57329;-0.02210;0.03814;
4.19325;5.05020;1.23806;1.67330;-0.02108;-0.00009;
4.14080;5.07154;0.35751;1.50180;-0.02265;0.01401;
4.25540;5.10605;0.46780;1.52279;-0.02533;-0.00890;
5.07400;4.99865;0.74458;1.57598;-0.00968;-0.17088;
4.71329;5.15123;0.95034;1.61408;-0.02105;-0.10180;
4.53826;5.06883;1.35419;1.69488;-0.02055;-0.06892;
4.44701;5.18697;1.25166;1.67284;-0.02649;-0.05112;
4.26661;5.13935;0.36426;1.50157;-0.02533;-0.01129;
4.25286;5.16495;0.24046;1.47863;-0.03575;-0.00722;
4.11849;5.16602;0.22686;1.47591;-0.03108;0.01868;
4.24739;5.07679;0.99516;1.62628;-0.02548;-0.00999;
4.16764;5.08472;0.23709;1.47849;-0.02483;0.00911;
4.13331;5.13442;0.24213;1.47951;-0.03264;0.01593;
4.25467;5.06126;1.00267;1.62805;-0.02625;-0.01133;
4.17265;5.12037;0.92006;1.61089;-0.02838;0.00455;
4.46237;5.15398;0.79768;1.58657;-0.02701;-0.05074;
4.41014;5.22821;0.97666;1.61933;-0.02964;-0.04225;
4.23571;5.12509;0.24412;1.47722;-0.03369;-0.00276;
4.57469;5.14401;0.44415;1.51698;-0.03650;-0.07023;
4.47162;5.06598;1.10197;1.64647;-0.02815;-0.05368;
4.60881;5.12353;0.99445;1.62435;-0.01671;-0.07899;
4.48839;5.05591;1.37245;1.69925;-0.01842;-0.05799;
4.42970;5.02296;1.55669;1.73575;-0.01925;-0.04776;
4.40060;5.00662;1.64803;1.75385;-0.01966;-0.04268;
4.38617;4.99851;1.69332;1.76282;-0.01987;-0.04017;
4.37902;4.99450;1.71577;1.76727;-0.01997;-0.03892;
4.36883;5.14912;1.43180;1.70891;-0.02615;-0.03639;
4.17369;5.11061;1.47828;1.71840;-0.03153;0.00058;
4.27367;5.05008;1.60916;1.74524;-0.02575;-0.01872;
4.32324;5.02006;1.67405;1.75855;-0.02289;-0.02828;
3.71299;5.01474;1.23294;1.67244;-0.03955;0.09225;
4.22850;5.09209;0.65271;1.55954;-0.03891;-0.00426;
4.30087;5.04088;1.20000;1.66651;-0.02941;-0.02112;
4.33734;5.01507;1.47582;1.72043;-0.02462;-0.02962;
4.29502;5.14950;1.12664;1.65073;-0.02676;-0.02020;
4.33382;5.06936;1.43482;1.71169;-0.02339;-0.02902;
4.35307;5.02962;1.58761;1.74192;-0.02172;-0.03339;
4.36260;5.00992;1.66336;1.75691;-0.02089;-0.03556;
4.22476;5.05157;0.56838;1.54325;-0.02255;-0.00357;
4.29774;5.09624;0.55015;1.53903;-0.02543;-0.01763;
4.33549;5.04250;1.15407;1.65731;-0.02270;-0.02783;
4.35389;5.01630;1.44841;1.71496;-0.02138;-0.03280;
4.50051;-0.09024;1.08667;1.64288;-0.01069;1.55439;
4.42906;2.62812;1.11989;1.64724;-0.02155;0.75357;
4.25771;3.87068;0.29893;1.48888;-0.02288;0.38768;
4.30868;4.59193;0.72932;1.57089;-0.02760;0.17511;
4.34060;4.79292;1.23783;1.67211;-0.02380;0.06782;
4.54274;4.97532;1.17270;1.65838;-0.01230;-0.01778;
4.45592;4.98306;1.46007;1.71597;-0.01625;-0.02790;
4.41360;4.98684;1.60013;1.74404;-0.01818;-0.03284;
4.39262;4.98871;1.66957;1.75796;-0.01913;-0.03529;
4.37557;5.14625;1.40889;1.70430;-0.02574;-0.03459;
4.17703;5.10919;1.46693;1.71611;-0.03132;0.00147;
4.26868;5.20599;1.30842;1.68355;-0.03178;-0.01637;
4.59215;5.05737;1.57559;1.73904;-0.02536;-0.08234;
4.66959;5.11755;1.25424;1.67506;-0.01489;-0.09346;
4.36472;5.07157;0.38677;1.50581;-0.02640;-0.02826;
4.36832;5.10559;0.50584;1.52934;-0.02707;-0.03034;
4.36348;5.20504;0.83468;1.59147;-0.02970;-0.03215;
4.22520;5.14831;0.15752;1.46123;-0.02692;-0.00188;
4.23953;5.21167;0.15640;1.46229;-0.02842;-0.00470;
3.87827;5.12373;0.12513;1.45574;-0.02353;0.06654;
4.12056;5.21319;0.64315;1.55445;-0.02792;0.01589;
4.46222;5.19162;1.07356;1.63726;-0.02520;-0.05209;
4.27415;5.14165;0.27596;1.48393;-0.02469;-0.01177;
4.32348;5.06547;1.01305;1.62900;-0.02236;-0.02484;
4.34794;5.02769;1.37850;1.70092;-0.02121;-0.03132;
4.36006;5.00896;1.55969;1.73658;-0.02063;-0.03453;
4.36607;4.99968;1.64952;1.75426;-0.02035;-0.03613;
4.36905;4.99507;1.69406;1.76302;-0.02021;-0.03692;
4.37053;4.99279;1.71614;1.76737;-0.02014;-0.03731;
4.23332;5.08335;1.32501;1.69019;-0.03180;-0.00979;
4.30323;5.03656;1.53316;1.73126;-0.02589;-0.02386;
4.33790;5.01336;1.63637;1.75162;-0.02295;-0.03083;
4.35508;5.00186;1.68754;1.76171;-0.02150;-0.03429;
4.22103;5.04757;0.58037;1.54564;-0.02286;-0.00294;
4.29050;5.17544;0.86886;1.59903;-0.02758;-0.01856;
4.33158;5.08221;1.30701;1.68606;-0.02380;-0.02821;
4.29252;5.18167;1.04588;1.63428;-0.02634;-0.01957;
4.26571;5.18593;0.57840;1.54443;-0.03625;-0.01133;
4.50907;5.18204;0.32005;1.49425;-0.02878;-0.05737;
4.38268;5.23363;0.35194;1.50044;-0.02919;-0.03331;
4.22370;5.12862;-0.05674;1.41999;-0.03343;0.00130;
4.15589;5.11042;-0.28444;1.37621;-0.02877;0.01470;
4.26302;5.12555;0.15029;1.46067;-0.02838;-0.00858;
4.17464;5.10876;-0.18461;1.39583;-0.02625;0.00996;
4.13157;5.10057;-0.34784;1.36423;-0.02521;0.01900;
4.25075;5.12076;0.10703;1.45243;-0.02665;-0.00635;
4.11400;5.09635;0.82752;1.59241;-0.03182;0.01566;
3.79844;5.10186;0.79356;1.58611;-0.04209;0.07662;
4.09007;5.04526;1.27371;1.68045;-0.03089;0.01849;
4.23221;5.01767;1.50773;1.72643;-0.02544;-0.00984;
4.19506;5.04863;0.54874;1.53944;-0.02347;0.00222;
4.19506;5.04863;0.54874;1.53944;-0.02347;0.00222;
4.45798;4.93508;-0.23164;1.38259;-0.04006;-0.04266;
4.40798;5.11966;0.46627;1.51819;-0.03611;-0.03825;
4.32295;5.15519;0.29103;1.48687;-0.04109;-0.02059;
4.53745;5.16680;0.17757;1.46571;-0.03119;-0.06196;
4.44738;5.23455;0.66916;1.55940;-0.03171;-0.04781;
4.25711;5.12996;0.10397;1.44989;-0.03464;-0.00618;
4.19973;5.11379;-0.10476;1.41090;-0.02781;0.00487;
4.28512;5.12681;0.26093;1.48206;-0.02777;-0.01365;
4.83094;5.00349;-0.25424;1.38097;-0.05605;-0.11408;
4.60342;5.07188;0.14823;1.45970;-0.04224;-0.07343;
4.60342;5.07188;0.14823;1.45970;-0.04224;-0.07343;
4.27677;5.09227;0.67706;1.56309;-0.04606;-0.01505;
4.25789;5.14162;0.39546;1.50912;-0.04603;-0.00908;
4.31640;5.06415;1.08387;1.64375;-0.03272;-0.02376;
4.35119;5.05701;1.43979;1.71217;-0.03344;-0.03405;
4.14658;5.03184;1.60284;1.74462;-0.04393;0.00255;
4.25449;5.16879;1.37388;1.69728;-0.03798;-0.01599;
4.32020;5.10895;1.58059;1.73814;-0.03604;-0.03012;
4.47048;5.09024;0.40669;1.51001;-0.01787;-0.05034;
4.47048;5.09024;0.40669;1.51001;-0.01787;-0.05034;
4.36924;5.16876;0.19497;1.47039;-0.03909;-0.02878;
4.36924;5.16876;0.19497;1.47039;-0.03909;-0.02878;
3.95652;5.10644;0.52326;1.53419;-0.03907;0.04972;
4.09916;5.14865;0.31923;1.49479;-0.04256;0.02302;
4.17105;5.16991;0.21640;1.47494;-0.04432;0.00957;
4.26652;5.23665;0.69241;1.56473;-0.03817;-0.01254;
4.31969;5.11257;1.21952;1.66906;-0.02905;-0.02522;
4.34606;5.05104;1.48087;1.72078;-0.02452;-0.03151;
4.35249;5.17716;1.31533;1.68586;-0.02841;-0.03272;
4.16559;5.12451;1.42054;1.70697;-0.03265;0.00240;
4.26965;5.05697;1.58053;1.73958;-0.02631;-0.01781;
4.12452;5.06492;1.55203;1.73360;-0.03161;0.00979;
4.05256;5.06887;1.53789;1.73064;-0.03424;0.02348;
4.06136;5.04782;0.53469;1.53479;-0.03590;0.02917;
3.83272;5.04825;0.48002;1.52499;-0.04533;0.07353;
4.10022;5.17685;0.82199;1.58933;-0.03867;0.01890;
4.25569;5.27074;0.78278;1.58176;-0.03713;-0.01113;
4.16128;5.14687;0.15504;1.45996;-0.03733;0.01220;
4.07231;5.15915;0.41930;1.51200;-0.03387;0.02718;
4.07114;5.09202;-0.02362;1.42567;-0.03573;0.03104;
4.15595;5.14148;0.04814;1.44100;-0.04090;0.01377;
4.12230;5.11680;-0.23244;1.38663;-0.03248;0.02088;
4.24608;5.12833;0.19658;1.46982;-0.03012;-0.00557;
4.16632;5.11012;-0.16186;1.40033;-0.02711;0.01144;
4.26827;5.12494;0.23283;1.47686;-0.02741;-0.01034;
4.32101;5.05661;0.99810;1.62675;-0.02368;-0.02425;
4.28728;5.16897;0.89272;1.60487;-0.02628;-0.01761;
4.82742;5.02543;0.06333;1.44271;-0.05507;-0.11520;
4.40822;5.09891;0.22012;1.47376;-0.04153;-0.03621;
4.38980;5.04381;0.99185;1.62522;-0.03062;-0.03696;
4.38082;5.01696;1.36799;1.69905;-0.02530;-0.03733;
4.37636;5.00364;1.55447;1.73565;-0.02266;-0.03751;
4.17742;5.03848;1.53911;1.73166;-0.02980;0.00003;
4.27552;5.01431;1.63932;1.75182;-0.02489;-0.01899;
4.18621;5.09402;1.28692;1.68247;-0.03416;-0.00071;
4.27988;5.04185;1.51428;1.72743;-0.02705;-0.01936;
4.17584;5.00636;1.61341;1.74814;-0.03771;-0.00178;
4.27219;5.07208;1.13001;1.65264;-0.03281;-0.01685;
4.32252;5.03096;1.43657;1.71266;-0.02639;-0.02736;
4.34789;5.01023;1.59108;1.74291;-0.02315;-0.03266;
4.36014;5.00022;1.66571;1.75752;-0.02158;-0.03522;
4.36611;4.99535;1.70208;1.76464;-0.02082;-0.03647;
4.17234;5.03437;1.61229;1.74603;-0.02889;0.00055;
3.82663;5.06862;1.24086;1.67354;-0.04139;0.06883;
4.60883;5.08045;1.04743;1.63464;-0.02044;-0.08019;
4.48938;5.03511;1.39564;1.70374;-0.02026;-0.05876;
4.29107;5.10901;1.08688;1.64301;-0.02523;-0.01919;
4.13925;5.14131;0.82473;1.59185;-0.02719;0.01144;
4.25666;5.06525;1.28540;1.68256;-0.02360;-0.01335;
4.30909;5.18634;1.21721;1.66663;-0.02803;-0.02390;
4.20011;5.17913;1.07403;1.63956;-0.03591;-0.00261;
4.14372;5.13509;0.26943;1.48376;-0.02995;0.01290;
4.19844;5.20684;0.24375;1.47951;-0.02991;0.00258;
3.83057;5.15365;0.18091;1.46745;-0.03178;0.07480;
4.29333;5.16604;0.12298;1.45608;-0.02657;-0.01466;
4.33299;5.07756;0.93720;1.61519;-0.02329;-0.02627;
4.15592;5.07513;1.23306;1.67193;-0.03011;0.00560;
3.84516;5.06255;0.98364;1.62341;-0.03282;0.06826;
4.30470;5.07509;1.25219;1.67532;-0.03474;-0.02422;
4.19788;5.09625;1.31121;1.68622;-0.03365;-0.00357;
4.28641;5.04250;1.52815;1.72966;-0.02674;-0.02092;
4.18866;5.10785;1.22699;1.67023;-0.02880;-0.00053;
3.82576;5.10500;0.66420;1.56120;-0.03124;0.07327;
4.58804;5.15273;0.57772;1.54412;-0.03105;-0.07230;
4.47818;5.07027;1.16762;1.65981;-0.02547;-0.05470;
4.28207;5.08149;0.32259;1.49511;-0.02483;-0.01306;
4.32664;5.11137;0.41333;1.51225;-0.02666;-0.02235;
4.20592;5.10179;-0.05532;1.42119;-0.02540;0.00319;
3.83862;5.09799;-0.00185;1.43185;-0.02921;0.07444;
3.88896;5.03652;-0.44576;1.34455;-0.02844;0.06798;
3.98993;5.06476;-0.47732;1.33881;-0.02630;0.04776;
4.46414;5.15980;-0.08744;1.41524;-0.03006;-0.04512;
4.22094;5.11591;0.72505;1.57280;-0.03347;-0.00374;
4.29710;5.05270;1.23571;1.67305;-0.02671;-0.02086;
4.33486;5.02136;1.48889;1.72276;-0.02336;-0.02935;
4.21563;5.09752;1.21234;1.66807;-0.03340;-0.00584;
4.29446;5.04358;1.47730;1.72029;-0.02668;-0.02190;
4.26714;5.11384;1.21192;1.66790;-0.03572;-0.01622;
4.32045;5.05115;1.47935;1.72065;-0.02776;-0.02714;
4.19630;5.07667;1.17996;1.66227;-0.03641;-0.00183;
4.28260;5.10803;0.78983;1.58569;-0.03289;-0.01621;
4.18969;5.14050;0.86576;1.60011;-0.03813;0.00067;
4.13990;5.15110;0.95842;1.61757;-0.03479;0.00996;
4.11412;5.12130;0.21217;1.47287;-0.02940;0.01908;
4.24191;5.12968;0.44966;1.51893;-0.02838;-0.00663;
4.35585;5.01928;-0.15070;1.39936;-0.04120;-0.02266;
4.36385;5.07999;0.17205;1.46346;-0.03493;-0.02717;
4.16947;5.07630;0.85988;1.59791;-0.03589;0.00545;
4.07323;5.07448;1.20045;1.66448;-0.03637;0.02160;
4.02674;5.07360;1.36497;1.69664;-0.03660;0.02940;
4.64767;5.07872;1.37164;1.69640;-0.01548;-0.08839;
4.70553;5.08562;1.44137;1.70995;-0.01160;-0.09964;
4.53736;5.03769;1.59086;1.74105;-0.01587;-0.06841;
4.39454;5.15959;1.18661;1.66154;-0.02241;-0.03951;
3.93214;5.12665;0.61390;1.55102;-0.02772;0.05327;
4.15391;5.05803;1.18060;1.66226;-0.02386;0.00741;
4.06713;5.06545;1.35374;1.69527;-0.03040;0.02230;
4.22084;5.02768;1.54741;1.73378;-0.02519;-0.00795;
4.29705;5.00896;1.64343;1.75287;-0.02261;-0.02295;
4.85321;5.04609;1.30396;1.68485;-0.00825;-0.12779;
4.41012;5.05965;1.41584;1.70665;-0.02278;-0.04403;
4.19416;5.06625;1.47037;1.71728;-0.02986;-0.00320;
4.08709;5.06953;1.49741;1.72255;-0.03337;0.01704;
4.03400;5.07115;1.51082;1.72516;-0.03511;0.02707;
4.20441;5.03051;1.62529;1.74860;-0.02753;-0.00558;
4.22947;5.15603;1.20368;1.66528;-0.02819;-0.00836;
4.35524;5.06407;0.20334;1.46941;-0.03449;-0.02609;
4.22791;5.11873;0.14367;1.45920;-0.03714;-0.00118;
4.23372;5.15503;0.13098;1.45761;-0.04164;-0.00222;
4.08485;5.06480;-0.37990;1.35732;-0.03461;0.02997;
4.08705;5.07878;-0.44467;1.34514;-0.02936;0.02892;
4.49512;5.08341;0.09756;1.45122;-0.04105;-0.05420;
4.23411;5.07799;0.82287;1.59182;-0.03890;-0.00786;
4.48904;5.13312;0.79807;1.58612;-0.02325;-0.05581;
4.48389;5.05203;-0.00451;1.42884;-0.03212;-0.04956;
3.96000;5.06247;0.00109;1.43117;-0.03059;0.05170;
3.77476;5.03068;-0.19490;1.39273;-0.02653;0.08935;
4.07082;5.08475;0.22115;1.47400;-0.02708;0.02892;
4.08920;5.13474;0.01639;1.43522;-0.03290;0.02590;
4.08920;5.13474;0.01639;1.43522;-0.03290;0.02590;
4.07945;5.08002;-0.22167;1.38793;-0.03525;0.03041;
4.30295;5.28078;0.38278;1.50559;-0.03595;-0.01771;
4.19427;5.18506;-0.07034;1.41792;-0.02997;0.00547;
4.14130;5.13840;-0.29119;1.37518;-0.02706;0.01677;
4.14130;5.13840;-0.29119;1.37518;-0.02706;0.01677;
4.83332;5.07498;0.83052;1.59257;-0.00935;-0.12163;
4.59874;5.03205;1.29188;1.68362;-0.01480;-0.07895;
4.34184;5.06254;0.38420;1.50692;-0.01954;-0.02508;
4.16336;5.11826;0.45974;1.52117;-0.02427;0.00881;
4.16336;5.11826;0.45974;1.52117;-0.02427;0.00881;
4.12566;5.10517;-0.03251;1.42557;-0.02423;0.01851;
4.13217;5.09840;-0.39228;1.35590;-0.02487;0.01903;
4.24644;5.20064;0.38663;1.50496;-0.02858;-0.00766;
4.30974;5.09471;1.06792;1.63942;-0.02429;-0.02280;
3.77424;5.03235;1.08791;1.64398;-0.03824;0.08155;
3.77424;5.03235;1.08791;1.64398;-0.03824;0.08155;
3.92463;5.02969;0.30501;1.49054;-0.03788;0.05776;
4.12078;5.16951;0.83724;1.59318;-0.03918;0.01443;
4.24744;5.07928;1.29133;1.68316;-0.02955;-0.01185;
4.11350;5.07598;1.40864;1.70563;-0.03321;0.01275;
4.41755;4.94864;0.19470;1.46498;-0.04489;-0.03744;
4.19784;5.01121;0.86493;1.59746;-0.04082;0.00006;
3.84072;5.05854;0.81984;1.59010;-0.04683;0.06868;
4.11086;5.02397;1.28663;1.68241;-0.03322;0.01459;
4.24252;5.00712;1.51414;1.72740;-0.02659;-0.01177;
4.30780;4.99876;1.62694;1.74971;-0.02330;-0.02484;
3.92175;5.02087;1.23807;1.67360;-0.03084;0.05250;
4.15068;5.00545;1.49220;1.72345;-0.02536;0.00664;
4.26226;4.99794;1.61606;1.74775;-0.02269;-0.01571;
4.31759;4.99421;1.67747;1.75980;-0.02137;-0.02680;
4.54188;5.04373;1.59300;1.74138;-0.01452;-0.06911;
4.03979;5.04577;1.18429;1.66219;-0.02546;0.03045;
4.42542;5.10914;1.34319;1.69092;-0.02397;-0.04551;
4.59534;5.10071;1.42726;1.70723;-0.01581;-0.07839;
4.09132;5.04991;0.51384;1.52993;-0.01923;0.02453;
4.09026;5.07140;-0.00155;1.43072;-0.02173;0.02622;
4.17148;5.17235;0.06817;1.44538;-0.02582;0.00952;
4.21350;5.22681;0.43474;1.51554;-0.02735;-0.00096;
4.48318;5.20231;0.24883;1.47992;-0.02437;-0.05222;
4.42712;5.09554;0.99960;1.62701;-0.02220;-0.04490;
4.68089;5.17507;0.64481;1.55813;-0.02803;-0.09106;
4.07411;5.13432;0.34528;1.49975;-0.03051;0.02771;
4.02835;5.14784;0.23698;1.47829;-0.02806;0.03651;
4.20308;5.06786;1.00014;1.62745;-0.02400;-0.00122;
4.28824;5.02888;1.37209;1.70015;-0.02202;-0.01961;
4.18789;5.06097;0.42397;1.51511;-0.02312;0.00433;
4.28071;5.02546;1.08643;1.64446;-0.02158;-0.01686;
4.17626;4.99776;1.39904;1.70657;-0.03495;-0.00053;
4.46717;5.08952;0.72123;1.57352;-0.02808;-0.05245;
4.41918;5.03962;1.23381;1.67341;-0.02404;-0.04501;
4.25743;5.10657;1.08587;1.64360;-0.03374;-0.01361;
4.31519;5.04807;1.41460;1.70816;-0.02685;-0.02575;
4.34383;5.01907;1.57759;1.74017;-0.02343;-0.03177;
4.20809;5.01299;1.56559;1.73856;-0.03561;-0.00726;
4.29143;5.00158;1.65318;1.75538;-0.02771;-0.02274;
4.18167;5.00622;1.59388;1.74427;-0.03773;-0.00261;
4.12682;5.00689;1.57221;1.74030;-0.04277;0.00737;
4.24609;5.07138;1.12585;1.65194;-0.03538;-0.01208;
4.30960;5.03060;1.43461;1.71233;-0.02766;-0.02500;
3.85662;5.05552;1.17359;1.66096;-0.04233;0.06332;
4.12319;5.02192;1.46545;1.71821;-0.03082;0.01107;
4.05130;5.04776;1.49522;1.72305;-0.03387;0.02423;
4.39686;5.11597;1.16955;1.65852;-0.02007;-0.03967;
4.38421;5.05219;1.45852;1.71604;-0.02007;-0.03867;
4.37805;5.02111;1.59936;1.74407;-0.02007;-0.03818;
4.37499;5.00570;1.66919;1.75797;-0.02007;-0.03793;
4.31404;5.14373;1.22545;1.66993;-0.02449;-0.02440;
4.34326;5.06650;1.48380;1.72121;-0.02226;-0.03110;
4.35774;5.02820;1.61190;1.74664;-0.02116;-0.03443;
4.55497;5.05796;1.56143;1.73598;-0.02894;-0.07435;
4.46271;5.02397;1.65038;1.75396;-0.02447;-0.05587;
3.99987;5.03673;1.19451;1.66486;-0.02999;0.03726;
4.18908;5.01325;1.47079;1.71916;-0.02494;-0.00085;
4.21400;5.09623;1.23425;1.67227;-0.03479;-0.00582;
4.15055;5.09434;0.34818;1.49984;-0.02940;0.01131;
4.26032;5.11775;0.44723;1.51872;-0.02883;-0.01017;
4.12350;5.14520;0.41321;1.51199;-0.02830;0.01652;
4.24882;5.06720;1.08129;1.64295;-0.02415;-0.01082;
4.25153;5.17605;0.93145;1.61239;-0.02655;-0.01096;
4.31278;5.08173;1.34149;1.69336;-0.02326;-0.02455;
4.14590;5.07720;1.43351;1.71069;-0.03010;0.00645;
4.25989;5.03351;1.58696;1.74142;-0.02504;-0.01581;
4.17528;5.07851;1.46057;1.71576;-0.02869;0.00080;
4.46371;5.12968;0.83926;1.59517;-0.03196;-0.05129;
4.42392;5.08955;1.31566;1.68754;-0.03306;-0.04761;
4.39729;5.03878;1.53217;1.73067;-0.02640;-0.04253;
4.38442;5.01425;1.63675;1.75150;-0.02318;-0.04007;
4.37150;5.15892;1.39262;1.70110;-0.02774;-0.03696;
4.36510;5.23064;1.27157;1.67610;-0.03001;-0.03542;
4.21632;5.12803;0.40265;1.50775;-0.03380;-0.00004;
3.86980;5.08300;0.24748;1.47833;-0.02623;0.06825;
4.11874;5.10286;0.15547;1.46095;-0.02867;0.01994;
3.76705;5.09081;0.54730;1.53788;-0.04270;0.08458;
4.07206;5.04026;1.14758;1.65575;-0.03129;0.02293;
4.22975;5.04522;1.46839;1.71755;-0.03272;-0.01082;
4.16352;5.10935;1.20217;1.66548;-0.03804;0.00334;
4.12669;5.14009;1.07990;1.64121;-0.03456;0.01160;
4.05302;5.10585;1.30571;1.68520;-0.03571;0.02449;
4.07096;5.10477;1.37740;1.69888;-0.03427;0.02074;
4.16093;5.18650;0.74311;1.57675;-0.03220;0.00703;
4.26737;5.08767;1.24481;1.67504;-0.02608;-0.01552;
4.12093;5.08002;1.38798;1.70206;-0.03159;0.01138;
4.24858;5.03452;1.56588;1.73744;-0.02573;-0.01357;
4.11407;5.05380;1.54476;1.73254;-0.03132;0.01190;
4.02701;5.06892;1.47626;1.71930;-0.04138;0.02761;
4.04888;5.04767;0.49589;1.52756;-0.03942;0.03125;
4.06922;5.07028;-0.01045;1.42954;-0.03174;0.02955;
3.83047;5.03483;-0.19898;1.39225;-0.02713;0.07805;
4.03662;5.11312;-0.03879;1.42443;-0.03664;0.03707;
3.78070;5.07561;0.02861;1.43702;-0.02764;0.08665;
4.07218;5.18934;0.59530;1.54518;-0.02996;0.02586;
4.07109;5.10755;0.06736;1.44284;-0.03377;0.03035;
4.22025;5.12298;0.37037;1.50257;-0.03063;-0.00092;
4.29740;5.05564;1.06570;1.63939;-0.02526;-0.01962;
4.34148;5.05285;1.42779;1.70944;-0.02973;-0.03192;
4.35686;5.02144;1.58413;1.74080;-0.02486;-0.03483;
4.16775;5.04731;1.55381;1.73421;-0.03089;0.00136;
4.21129;5.16436;1.16824;1.65815;-0.02985;-0.00492;
4.14974;5.12814;0.32290;1.49429;-0.02700;0.01162;
4.25991;5.13486;0.42472;1.51402;-0.02768;-0.00996;
4.31020;5.21942;0.79480;1.58394;-0.03000;-0.02214;
4.76220;5.11447;1.09530;1.64343;-0.01932;-0.11137;
4.55881;5.20861;1.12417;1.64751;-0.02583;-0.07231;
4.40518;5.24433;0.95523;1.61516;-0.02734;-0.04144;
