4.38984;1.04398;0.66614;1.66529;-0.02768;-0.02565;
4.37911;1.04676;0.65408;1.65369;-0.02965;-0.01547;
4.37911;1.04676;0.65408;1.65369;-0.02965;-0.01547;
4.39787;1.04457;0.66835;1.66738;-0.02801;-0.03353;
4.39394;1.04425;0.66754;1.66661;-0.02786;-0.02968;
4.39200;1.04409;0.66714;1.66623;-0.02778;-0.02778;
4.40426;1.04325;0.67483;1.67359;-0.02709;-0.03963;
4.39711;1.04360;0.67075;1.66969;-0.02740;-0.03271;
4.39357;1.04377;0.66873;1.66776;-0.02755;-0.02928;
4.39337;1.04642;0.65640;1.65591;-0.02948;-0.02893;
4.39171;1.04517;0.66161;1.66092;-0.02858;-0.02740;
4.40032;1.04495;0.66402;1.66331;-0.02744;-0.03553;
4.39516;1.04444;0.66539;1.66460;-0.02757;-0.03068;
4.40228;1.04078;0.67764;1.67648;-0.02558;-0.03744;
4.39613;1.04237;0.67214;1.67112;-0.02665;-0.03163;
4.39308;1.04316;0.66942;1.66847;-0.02719;-0.02874;
4.40480;1.04279;0.67596;1.67470;-0.02679;-0.04011;
4.38652;1.04616;0.65894;1.65836;-0.02920;-0.02264;
4.37746;1.04784;0.65051;1.65026;-0.03040;-0.01398;
4.38383;1.04587;0.65869;1.65812;-0.02904;-0.01999;
4.38698;1.04490;0.66275;1.66202;-0.02837;-0.02297;
4.38698;1.04490;0.66275;1.66202;-0.02837;-0.02297;
4.40041;1.04615;0.65539;1.65494;-0.02834;-0.03552;
4.39520;1.04504;0.66111;1.66044;-0.02802;-0.03067;
4.39262;1.04448;0.66395;1.66317;-0.02786;-0.02827;
4.40457;1.04344;0.67325;1.67208;-0.02713;-0.03987;
4.41049;1.04293;0.67786;1.67649;-0.02676;-0.04562;
4.39512;1.04393;0.66536;1.66465;-0.02711;-0.03059;
4.38173;1.04673;0.65369;1.65338;-0.02936;-0.01792;
4.37509;1.04812;0.64790;1.64778;-0.03048;-0.01164;
4.38265;1.04601;0.65740;1.65690;-0.02908;-0.01883;
4.39962;1.04420;0.67000;1.66896;-0.02773;-0.03519;
4.40804;1.04331;0.67625;1.67495;-0.02706;-0.04330;
4.42000;1.03891;0.69064;1.68898;-0.02464;-0.05474;
4.39984;1.04194;0.67170;1.67084;-0.02605;-0.03511;
4.40110;1.04303;0.67243;1.67138;-0.02612;-0.03634;
4.40110;1.04303;0.67243;1.67138;-0.02612;-0.03634;
4.39046;1.04399;0.66267;1.66212;-0.02679;-0.02599;
4.39027;1.04396;0.66473;1.66400;-0.02725;-0.02594;
4.39018;1.04395;0.66574;1.66494;-0.02748;-0.02592;
4.39013;1.04394;0.66625;1.66540;-0.02760;-0.02591;
4.40333;1.04318;0.67438;1.67318;-0.02699;-0.03870;
4.39157;1.04406;0.66364;1.66301;-0.02722;-0.02716;
4.39082;1.04400;0.66521;1.66444;-0.02747;-0.02653;
4.37959;1.04676;0.65361;1.65327;-0.02954;-0.01590;
4.38488;1.04534;0.66023;1.65962;-0.02862;-0.02095;
4.39693;1.04504;0.66333;1.66267;-0.02745;-0.03233;
4.38262;1.04728;0.65268;1.65239;-0.02953;-0.01878;
4.37652;1.04609;0.65813;1.65761;-0.03017;-0.01310;
4.38675;1.04447;0.66463;1.66383;-0.02831;-0.02276;
4.38675;1.04447;0.66463;1.66383;-0.02831;-0.02276;
4.38843;1.04420;0.66569;1.66485;-0.02801;-0.02434;
4.38968;1.04400;0.66648;1.66561;-0.02778;-0.02552;
4.37911;1.05170;0.62367;1.62477;-0.02914;-0.01453;
4.37379;1.05058;0.63302;1.63360;-0.03037;-0.00995;
4.37379;1.05058;0.63302;1.63360;-0.03037;-0.00995;
4.39523;1.04647;0.65791;1.65741;-0.02837;-0.03079;
4.37646;1.04778;0.64457;1.64475;-0.02970;-0.01273;
4.37248;1.04864;0.64338;1.64351;-0.03065;-0.00907;
4.36510;1.04509;0.65818;1.65767;-0.02959;-0.00209;
4.39092;1.04375;0.67039;1.66935;-0.02798;-0.02689;
4.39050;1.04384;0.66855;1.66759;-0.02784;-0.02639;
4.38589;1.04633;0.65873;1.65814;-0.02937;-0.02206;
4.38589;1.04633;0.65873;1.65814;-0.02937;-0.02206;
4.38905;1.04453;0.66477;1.66396;-0.02812;-0.02496;
4.39645;1.04623;0.66209;1.66117;-0.02686;-0.03182;
4.39324;1.04507;0.66444;1.66353;-0.02729;-0.02884;
4.40953;1.04656;0.66198;1.66114;-0.02861;-0.04441;
4.39973;1.04524;0.66438;1.66352;-0.02816;-0.03508;
4.39487;1.04458;0.66557;1.66470;-0.02793;-0.03045;
4.38160;1.04705;0.65379;1.65340;-0.02977;-0.01785;
4.37602;1.04598;0.65868;1.65811;-0.03029;-0.01264;
4.37602;1.04598;0.65868;1.65811;-0.03029;-0.01264;
4.38820;1.04404;0.67041;1.66925;-0.02902;-0.02445;
4.38407;1.04448;0.66167;1.66106;-0.02823;-0.02009;
4.38710;1.04421;0.66423;1.66348;-0.02796;-0.02302;
4.38861;1.04407;0.66550;1.66468;-0.02783;-0.02447;
4.38972;1.04397;0.66644;1.66557;-0.02774;-0.02555;
4.38991;1.04395;0.66659;1.66571;-0.02772;-0.02573;
4.39000;1.04395;0.66667;1.66579;-0.02772;-0.02582;
4.39004;1.04394;0.66670;1.66582;-0.02771;-0.02586;
4.37921;1.04674;0.65436;1.65396;-0.02966;-0.01557;
4.37392;1.05305;0.61765;1.61899;-0.03007;-0.00959;
4.37122;1.05125;0.63004;1.63074;-0.03083;-0.00751;
4.36987;1.05036;0.63617;1.63656;-0.03121;-0.00648;
4.39329;1.04636;0.65948;1.65888;-0.02878;-0.02907;
4.39167;1.04514;0.66314;1.66240;-0.02824;-0.02747;
4.39167;1.04514;0.66314;1.66240;-0.02824;-0.02747;
4.39167;1.04514;0.66314;1.66240;-0.02824;-0.02747;
4.39087;1.04453;0.66496;1.66414;-0.02797;-0.02668;
4.39048;1.04423;0.66586;1.66501;-0.02784;-0.02629;
4.39028;1.04408;0.66630;1.66543;-0.02777;-0.02609;
4.38443;1.04906;0.64892;1.64858;-0.02884;-0.02039;
4.38443;1.04906;0.64892;1.64858;-0.02884;-0.02039;
4.37643;1.04927;0.64554;1.64541;-0.03022;-0.01286;
4.37246;1.04938;0.64386;1.64384;-0.03090;-0.00913;
4.38135;1.04664;0.65540;1.65494;-0.02929;-0.01759;
4.39898;1.04451;0.66901;1.66799;-0.02783;-0.03458;
4.40418;1.04082;0.67943;1.67816;-0.02571;-0.03938;
4.40418;1.04082;0.67943;1.67816;-0.02571;-0.03938;
4.40418;1.04082;0.67943;1.67816;-0.02571;-0.03938;
4.40003;1.04222;0.67318;1.67201;-0.02442;-0.03495;
4.37884;1.04567;0.65214;1.65199;-0.02774;-0.01480;
4.38451;1.04480;0.65950;1.65898;-0.02773;-0.02040;
4.39527;1.04377;0.66887;1.66791;-0.02739;-0.03089;
4.37648;1.04645;0.65001;1.64995;-0.02921;-0.01278;
4.39657;1.04442;0.66633;1.66552;-0.02780;-0.03219;
4.38822;1.04467;0.65965;1.65921;-0.02762;-0.02393;
4.37759;1.04911;0.63950;1.63986;-0.03149;-0.01378;
4.39712;1.04574;0.66112;1.66052;-0.02892;-0.03269;
4.39357;1.04483;0.66396;1.66321;-0.02831;-0.02927;
4.39337;1.04694;0.65403;1.65365;-0.02985;-0.02892;
4.39266;1.05072;0.63481;1.63521;-0.02829;-0.02746;
4.40459;1.04654;0.65880;1.65821;-0.02734;-0.03947;
4.38967;1.05327;0.62567;1.62648;-0.02939;-0.02467;
4.38988;1.04856;0.64638;1.64633;-0.02854;-0.02529;
4.38998;1.04623;0.65664;1.65618;-0.02812;-0.02560;
4.38495;1.04557;0.65485;1.65458;-0.02778;-0.02066;
4.40077;1.04398;0.66873;1.66782;-0.02709;-0.03610;
4.39538;1.04396;0.66773;1.66683;-0.02740;-0.03096;
4.39271;1.04395;0.66723;1.66634;-0.02755;-0.02841;
4.38630;1.04444;0.66010;1.65962;-0.02750;-0.02205;
4.39763;1.04459;0.66327;1.66267;-0.02690;-0.03288;
4.39383;1.04426;0.66502;1.66428;-0.02731;-0.02936;
4.39703;1.04319;0.67355;1.67231;-0.02754;-0.03274;
4.39353;1.04357;0.67012;1.66906;-0.02762;-0.02929;
4.40502;1.04299;0.67630;1.67499;-0.02701;-0.04038;
4.39241;1.04396;0.66459;1.66391;-0.02723;-0.02799;
4.39124;1.04395;0.66568;1.66489;-0.02747;-0.02694;
4.39066;1.04394;0.66621;1.66538;-0.02759;-0.02642;
4.37420;1.04653;0.64869;1.64870;-0.02932;-0.01056;
4.38221;1.04522;0.65779;1.65735;-0.02850;-0.01830;
4.38110;1.04507;0.65541;1.65516;-0.02797;-0.01704;
4.38563;1.04450;0.66113;1.66055;-0.02784;-0.02151;
4.37702;1.04701;0.65159;1.65134;-0.02972;-0.01342;
4.37702;1.04701;0.65159;1.65134;-0.02972;-0.01342;
4.38361;1.04546;0.65923;1.65866;-0.02871;-0.01971;
4.38687;1.04469;0.66302;1.66229;-0.02820;-0.02283;
4.40172;1.04355;0.67278;1.67164;-0.02729;-0.03718;
4.39585;1.04374;0.66974;1.66872;-0.02750;-0.03149;
4.39295;1.04384;0.66823;1.66728;-0.02761;-0.02867;
4.40473;1.04313;0.67537;1.67411;-0.02700;-0.04007;
4.39735;1.04354;0.67102;1.66995;-0.02736;-0.03293;
4.40691;1.04298;0.67675;1.67544;-0.02688;-0.04218;
4.41165;1.04270;0.67959;1.67816;-0.02664;-0.04677;
4.40078;1.04332;0.67311;1.67195;-0.02718;-0.03625;
4.39539;1.04363;0.66990;1.66888;-0.02744;-0.03103;
4.38186;1.04658;0.65594;1.65547;-0.02953;-0.01814;
4.38601;1.04525;0.66139;1.66071;-0.02861;-0.02205;
4.40129;1.04382;0.67198;1.67085;-0.02750;-0.03679;
4.38578;1.04437;0.66770;1.66676;-0.02916;-0.02203;
4.40595;1.03701;0.68919;1.68782;-0.02430;-0.04103;
4.41118;1.03974;0.68576;1.68430;-0.02536;-0.04620;
4.41377;1.04109;0.68406;1.68255;-0.02588;-0.04876;
4.39820;1.04530;0.65754;1.65720;-0.02846;-0.03340;
4.39411;1.04461;0.66218;1.66157;-0.02808;-0.02962;
4.39208;1.04427;0.66448;1.66373;-0.02789;-0.02775;
4.39107;1.04410;0.66562;1.66480;-0.02780;-0.02682;
4.39058;1.04402;0.66619;1.66533;-0.02775;-0.02636;
4.39033;1.04398;0.66647;1.66560;-0.02773;-0.02613;
4.39442;1.04691;0.66153;1.66075;-0.02915;-0.03021;
4.39318;1.05070;0.63853;1.63873;-0.02794;-0.02810;
4.40484;1.04653;0.66064;1.65996;-0.02717;-0.03979;
4.38123;1.04781;0.64592;1.64601;-0.02911;-0.01719;
4.38570;1.04586;0.65642;1.65602;-0.02840;-0.02159;
4.37705;1.04769;0.64926;1.64909;-0.03000;-0.01346;
4.37854;1.04629;0.65118;1.65107;-0.02871;-0.01464;
4.39060;1.04395;0.66788;1.66696;-0.02660;-0.02628;
4.37445;1.04431;0.66040;1.65994;-0.02853;-0.01085;
4.37725;1.04462;0.65671;1.65644;-0.02799;-0.01335;
4.37287;1.04707;0.64940;1.64931;-0.02980;-0.00937;
4.37992;1.04384;0.66753;1.66652;-0.02778;-0.01627;
4.39827;1.04313;0.67502;1.67374;-0.02708;-0.03392;
4.39827;1.04313;0.67502;1.67374;-0.02708;-0.03392;
4.38773;1.04237;0.67414;1.67291;-0.02629;-0.02364;
4.40215;1.04240;0.67830;1.67690;-0.02634;-0.03758;
4.40086;1.04371;0.67745;1.67604;-0.02797;-0.03655;
4.39543;1.04382;0.67205;1.67091;-0.02784;-0.03118;
4.38287;1.04437;0.66774;1.66679;-0.02933;-0.01925;
4.38142;1.04465;0.66035;1.65984;-0.02838;-0.01751;
4.38071;1.04479;0.65668;1.65640;-0.02791;-0.01665;
4.39512;1.04095;0.67332;1.67241;-0.02575;-0.03049;
4.39352;1.04775;0.64437;1.64451;-0.02626;-0.02824;
4.38670;1.04632;0.64876;1.64879;-0.02686;-0.02197;
4.38898;1.04886;0.64506;1.64486;-0.02560;-0.02387;
4.38954;1.04638;0.65599;1.65545;-0.02666;-0.02489;
4.40304;1.04439;0.66930;1.66825;-0.02653;-0.03820;
4.39142;1.04466;0.66112;1.66056;-0.02699;-0.02691;
4.38913;1.04264;0.67334;1.67210;-0.02639;-0.02496;
4.39482;1.04790;0.65370;1.65309;-0.02671;-0.02983;
4.39243;1.04590;0.66027;1.65953;-0.02721;-0.02785;
4.39125;1.04491;0.66354;1.66272;-0.02746;-0.02687;
4.38224;1.05097;0.64540;1.64496;-0.02874;-0.01787;
4.38224;1.05097;0.64540;1.64496;-0.02874;-0.01787;
4.39562;1.05086;0.65687;1.65564;-0.02761;-0.03075;
4.41098;1.05260;0.65907;1.65739;-0.02589;-0.04518;
4.41859;1.05346;0.66017;1.65826;-0.02503;-0.05234;
4.40921;1.05234;0.66939;1.66699;-0.02444;-0.04365;
4.39473;1.05255;0.67198;1.66941;-0.02576;-0.03019;
4.38160;1.05720;0.65865;1.65649;-0.02738;-0.01761;
4.38044;1.06031;0.65791;1.65554;-0.02768;-0.01668;
4.38689;1.06572;0.66150;1.65840;-0.02770;-0.02293;
4.39579;1.06928;0.66332;1.65956;-0.02696;-0.03125;
4.39579;1.06928;0.66332;1.65956;-0.02696;-0.03125;
4.40550;1.07868;0.64595;1.64282;-0.02621;-0.03977;
4.40550;1.07868;0.64595;1.64282;-0.02621;-0.03977;
4.39422;1.08711;0.64483;1.64106;-0.02940;-0.02978;
4.39975;1.08970;0.65718;1.65195;-0.02804;-0.03505;
4.40796;1.09406;0.65832;1.65232;-0.02576;-0.04220;
4.40069;1.09731;0.65603;1.65018;-0.02628;-0.03557;
4.37682;1.10030;0.66253;1.65545;-0.02541;-0.01408;
4.36876;1.10068;0.67863;1.66974;-0.02595;-0.00740;
4.38025;1.11383;0.65294;1.64590;-0.02727;-0.01743;
4.38496;1.11772;0.66979;1.66002;-0.02855;-0.02245;
4.38222;1.12681;0.65744;1.64835;-0.02796;-0.01973;
4.39117;1.12849;0.67811;1.66610;-0.02685;-0.02809;
4.39566;1.13290;0.68929;1.67530;-0.02640;-0.03224;
4.39566;1.13290;0.68929;1.67530;-0.02640;-0.03224;
4.39073;1.15166;0.66267;1.65048;-0.02743;-0.02744;
4.37964;1.15208;0.69019;1.67358;-0.02551;-0.01834;
4.39203;1.16408;0.67548;1.66020;-0.02774;-0.02903;
4.40335;1.17727;0.65163;1.63920;-0.02776;-0.03806;
4.41107;1.18472;0.65653;1.64268;-0.03040;-0.04501;
4.41545;1.18856;0.66860;1.65210;-0.02795;-0.04867;
4.39301;1.20087;0.62366;1.61418;-0.03064;-0.02914;
4.38503;1.20540;0.64200;1.62875;-0.02908;-0.02296;
4.38527;1.20650;0.67134;1.65251;-0.02832;-0.02386;
4.37973;1.21008;0.68127;1.66015;-0.02684;-0.01934;
4.37973;1.21008;0.68127;1.66015;-0.02684;-0.01934;
4.37973;1.21008;0.68127;1.66015;-0.02684;-0.01934;
4.37161;1.23336;0.66422;1.64447;-0.02828;-0.01295;
4.39053;1.24337;0.66618;1.64499;-0.02754;-0.02804;
4.38365;1.24764;0.66715;1.64546;-0.02804;-0.02267;
4.39159;1.25714;0.66213;1.64076;-0.02716;-0.02880;
4.39159;1.25714;0.66213;1.64076;-0.02716;-0.02880;
4.36063;1.26566;0.67867;1.65293;-0.03067;-0.00540;
4.38523;1.27741;0.67685;1.65031;-0.02915;-0.02441;
4.37174;1.28328;0.68648;1.65704;-0.03047;-0.01464;
4.41120;1.28900;0.69483;1.66288;-0.02837;-0.04493;
4.41120;1.28900;0.69483;1.66288;-0.02837;-0.04493;
4.36860;1.30492;0.67819;1.64853;-0.02817;-0.01200;
4.32385;1.30316;0.68210;1.65130;-0.02883;0.02203;
4.36713;1.31510;0.68232;1.65067;-0.02868;-0.01092;
4.33980;1.32677;0.65050;1.62609;-0.03056;0.00966;
4.33980;1.32677;0.65050;1.62609;-0.03056;0.00966;
4.37373;1.33165;0.71295;1.67156;-0.02675;-0.01679;
4.37373;1.33165;0.71295;1.67156;-0.02675;-0.01679;
4.40680;1.33819;0.72139;1.67710;-0.02532;-0.04135;
4.39420;1.35705;0.69208;1.65426;-0.02877;-0.03192;
4.38151;1.36336;0.68831;1.65077;-0.02738;-0.02251;
4.39056;1.36993;0.71606;1.66995;-0.02615;-0.02969;
4.35171;1.37679;0.69279;1.65258;-0.02963;-0.00166;
4.47122;1.37619;0.68255;1.64462;-0.01430;-0.08581;
4.42952;1.37714;0.71969;1.67168;-0.02188;-0.05759;
4.39912;1.38097;0.75897;1.69880;-0.02302;-0.03660;
4.40489;1.39561;0.72917;1.67653;-0.02279;-0.03992;
4.39789;1.40530;0.73353;1.67883;-0.02571;-0.03554;
4.37540;1.41325;0.73103;1.67621;-0.02647;-0.01976;
4.34923;1.42574;0.69473;1.65042;-0.03222;-0.00159;
4.40045;1.43412;0.70343;1.65561;-0.02858;-0.03687;
4.40045;1.43412;0.70343;1.65561;-0.02858;-0.03687;
4.36768;1.45142;0.67853;1.63720;-0.02982;-0.01387;
4.37970;1.45805;0.68513;1.64123;-0.02941;-0.02238;
4.39505;1.46259;0.69805;1.64975;-0.03061;-0.03337;
4.44479;1.46993;0.70373;1.65282;-0.02549;-0.06648;
4.43804;1.47205;0.72704;1.66823;-0.02450;-0.06234;
4.43604;1.48430;0.70145;1.65037;-0.02548;-0.06039;
4.41355;1.49275;0.70006;1.64896;-0.02763;-0.04565;
4.30974;1.48585;0.68603;1.63975;-0.03154;0.02392;
4.30593;1.48512;0.73267;1.67062;-0.03128;0.02538;
4.35893;1.50106;0.72700;1.66568;-0.02783;-0.00954;
4.35385;1.50882;0.73983;1.67334;-0.02850;-0.00674;
4.34655;1.51882;0.71720;1.65790;-0.02742;-0.00162;
4.39038;1.52131;0.74002;1.67237;-0.02590;-0.03066;
4.39038;1.52131;0.74002;1.67237;-0.02590;-0.03066;
4.40134;1.53417;0.77138;1.69119;-0.02707;-0.03876;
4.33930;1.54879;0.72128;1.65848;-0.03412;0.00103;
4.32648;1.55203;0.72958;1.66321;-0.03190;0.00950;
4.32679;1.55605;0.74083;1.66999;-0.03266;0.00894;
4.32026;1.55926;0.75378;1.67774;-0.03115;0.01293;
4.32806;1.57096;0.72875;1.66111;-0.02924;0.00850;
4.38968;1.57936;0.74632;1.67101;-0.02501;-0.03013;
4.46114;1.56177;0.80019;1.70583;-0.01704;-0.07521;
4.43602;1.57965;0.76928;1.68520;-0.02152;-0.05938;
4.39761;1.60614;0.68481;1.63155;-0.02416;-0.03449;
4.37739;1.61532;0.68498;1.63099;-0.02816;-0.02231;
4.41041;1.62353;0.69210;1.63461;-0.02850;-0.04273;
4.35934;1.62900;0.69152;1.63387;-0.03129;-0.01169;
4.27302;1.62645;0.68684;1.63063;-0.03255;0.04099;
4.31658;1.64456;0.64497;1.60455;-0.02988;0.01529;
4.38134;1.65314;0.67504;1.62206;-0.02963;-0.02442;
4.45787;1.66055;0.68017;1.62468;-0.02500;-0.07000;
4.42488;1.66979;0.68693;1.62849;-0.02961;-0.05102;
4.43567;1.67341;0.69718;1.63429;-0.02964;-0.05751;
4.36731;1.67179;0.73189;1.65469;-0.03097;-0.01766;
4.42133;1.67762;0.75085;1.66538;-0.02999;-0.05014;
4.36203;1.68689;0.72582;1.65034;-0.03269;-0.01519;
4.30678;1.69550;0.70754;1.63898;-0.03384;0.01733;
4.30284;1.69866;0.74011;1.65762;-0.03336;0.01901;
4.28738;1.70549;0.72425;1.64799;-0.03146;0.02833;
4.38535;1.72206;0.70397;1.63537;-0.02869;-0.02778;
4.31710;1.72723;0.67140;1.61632;-0.03086;0.01173;
4.34525;1.73081;0.72106;1.64445;-0.03048;-0.00553;
4.33630;1.72659;0.77165;1.67351;-0.02975;-0.00121;
4.36236;1.72297;0.81529;1.69862;-0.02858;-0.01697;
4.44679;1.71209;0.79592;1.68857;-0.02247;-0.06454;
4.47337;1.73248;0.79900;1.68850;-0.02321;-0.07958;
4.31657;1.74418;0.71659;1.64123;-0.03066;0.00990;
4.31142;1.77211;0.67301;1.61579;-0.03425;0.01279;
4.29483;1.77222;0.73999;1.65253;-0.03207;0.02125;
4.32253;1.77371;0.78839;1.67915;-0.03033;0.00503;
4.27429;1.76414;0.81461;1.69430;-0.02892;0.03233;
4.34326;1.78482;0.79954;1.68459;-0.02932;-0.00630;
4.37745;1.79507;0.79207;1.67977;-0.02952;-0.02545;
4.37093;1.81780;0.74559;1.65304;-0.02908;-0.02127;
4.26448;1.81526;0.73525;1.64715;-0.03080;0.03687;
4.40643;1.82708;0.72109;1.63869;-0.02193;-0.03935;
4.36074;1.83466;0.73578;1.64636;-0.02718;-0.01568;
4.45579;1.84601;0.72481;1.63971;-0.02008;-0.06584;
4.42291;1.85104;0.75087;1.65346;-0.02343;-0.04908;
4.41693;1.85611;0.77423;1.66575;-0.02711;-0.04677;
4.34331;1.85057;0.79857;1.67896;-0.02924;-0.00776;
4.40300;1.85797;0.81927;1.68934;-0.02707;-0.03980;
4.43270;1.87318;0.78130;1.66832;-0.02496;-0.05471;
4.42184;1.87686;0.79156;1.67361;-0.02805;-0.04954;
4.45858;1.88978;0.75151;1.65190;-0.02825;-0.06800;
4.40504;1.89980;0.68285;1.61555;-0.02983;-0.03880;
4.34658;1.89634;0.70932;1.62938;-0.02939;-0.00835;
4.34834;1.90495;0.74891;1.64935;-0.02932;-0.01001;
4.34956;1.92823;0.68288;1.61433;-0.03071;-0.01007;
4.38119;1.92461;0.74809;1.64748;-0.02585;-0.02687;
4.32111;1.92436;0.79591;1.67161;-0.02937;0.00276;
4.23476;1.92194;0.77522;1.66099;-0.03456;0.04715;
4.36759;1.92842;0.80416;1.67550;-0.03400;-0.02210;
4.61179;1.91385;0.78248;1.66315;-0.00720;-0.14443;
4.53787;1.91546;0.88258;1.71477;-0.02041;-0.11022;
4.70937;1.91438;0.74511;1.64410;-0.01394;-0.19529;
4.53437;1.91856;0.85726;1.70177;-0.01885;-0.10708;
4.48464;1.96077;0.76503;1.65345;-0.02184;-0.08002;
4.49142;1.97839;0.69792;1.61913;-0.02426;-0.08205;
4.28889;1.97468;0.68534;1.61267;-0.03123;0.01942;
4.34017;1.98723;0.74807;1.64344;-0.03007;-0.00709;
4.40621;2.00100;0.75796;1.64769;-0.02726;-0.03982;
4.39814;2.01161;0.78662;1.66134;-0.02826;-0.03664;
4.39414;2.01687;0.80082;1.66810;-0.02876;-0.03507;
4.37290;2.01211;0.84453;1.68957;-0.02775;-0.02509;
4.38163;2.01712;0.82953;1.68210;-0.02850;-0.02934;
4.47436;2.01994;0.82388;1.67877;-0.01992;-0.07375;
4.47443;2.04062;0.79953;1.66592;-0.02254;-0.07350;
4.56203;2.05094;0.75334;1.64309;-0.02713;-0.11552;
4.37498;2.06101;0.70875;1.62137;-0.03348;-0.02519;
4.38246;2.06474;0.76763;1.64942;-0.03169;-0.02959;
4.37453;2.07189;0.79334;1.66141;-0.03191;-0.02625;
4.32236;2.08162;0.78219;1.65554;-0.03201;-0.00114;
4.29693;2.08635;0.77675;1.65268;-0.03205;0.01109;
4.23125;2.07292;0.80918;1.66856;-0.03099;0.04271;
4.35569;2.09103;0.79688;1.66180;-0.02830;-0.01640;
4.40710;2.08928;0.85967;1.69131;-0.02546;-0.04173;
4.38535;2.10208;0.88254;1.70122;-0.02883;-0.03263;
4.45039;2.11446;0.81672;1.66981;-0.02431;-0.06156;
4.45463;2.11318;0.87324;1.69600;-0.02365;-0.06422;
4.35346;2.11818;0.87595;1.69699;-0.02679;-0.01726;
4.37157;2.13020;0.85932;1.68871;-0.02894;-0.02587;
4.37033;2.13936;0.86290;1.69010;-0.03333;-0.02611;
4.29533;2.17064;0.71006;1.61892;-0.03754;0.01043;
4.29533;2.17064;0.71006;1.61892;-0.03754;0.01043;
4.32001;2.16068;0.82073;1.66960;-0.03321;-0.00204;
4.39889;2.16375;0.86898;1.69131;-0.03080;-0.03897;
4.32458;2.16376;0.86621;1.69078;-0.04278;-0.00666;
4.38489;2.19531;0.61414;1.57575;-0.03961;-0.02930;
4.36398;2.21657;0.46618;1.50888;-0.03885;-0.01749;
4.32637;2.21042;0.64388;1.58793;-0.03272;-0.00258;
4.30740;2.20732;0.73348;1.62780;-0.02963;0.00494;
4.28302;2.21396;0.76512;1.64174;-0.03196;0.01478;
4.55587;2.20296;0.77766;1.64650;-0.01730;-0.10644;
4.41925;2.21762;0.80103;1.65663;-0.02228;-0.04595;
4.56927;2.22254;0.78254;1.64779;-0.01327;-0.11146;
4.40257;2.22535;0.84563;1.67594;-0.02258;-0.03913;
4.56693;2.24635;0.59543;1.56579;-0.03306;-0.10766;
4.47632;2.26194;0.73808;1.62738;-0.03312;-0.07061;
4.36499;2.26919;0.77221;1.64200;-0.03409;-0.02263;
4.47758;2.27240;0.79605;1.65170;-0.02473;-0.07112;
4.52044;2.29099;0.71757;1.61705;-0.02229;-0.08832;
4.51847;2.30901;0.39916;1.48007;-0.03874;-0.08261;
4.51847;2.30901;0.39916;1.48007;-0.03874;-0.08261;
4.57808;2.31591;0.40566;1.48281;-0.04113;-0.10834;
4.38343;2.33351;0.40861;1.48383;-0.03298;-0.02554;
4.38343;2.33351;0.40861;1.48383;-0.03298;-0.02554;
4.33121;2.32580;0.62668;1.57711;-0.03059;-0.00592;
4.23363;2.33355;0.65776;1.59006;-0.03127;0.03496;
4.18743;2.34129;0.72908;1.62002;-0.03367;0.05292;
4.29098;2.33902;0.81180;1.65512;-0.02721;0.00873;
4.21703;2.34380;0.80366;1.65152;-0.03160;0.03946;
4.41494;2.36139;0.81706;1.65624;-0.02560;-0.04378;
4.41494;2.36139;0.81706;1.65624;-0.02560;-0.04378;
4.46366;2.36770;0.91805;1.69790;-0.02677;-0.06615;
4.46366;2.36770;0.91805;1.69790;-0.02677;-0.06615;
4.45085;2.37448;0.91207;1.69514;-0.02619;-0.06044;
4.43044;2.37610;0.91724;1.69758;-0.02900;-0.05238;
4.48362;2.39296;0.86183;1.67367;-0.02585;-0.07317;
4.37501;2.40256;0.86055;1.67257;-0.02771;-0.02833;
4.32255;2.40719;0.85994;1.67204;-0.02861;-0.00667;
4.39725;2.39944;0.93889;1.70454;-0.02757;-0.03866;
4.39076;2.40996;0.96338;1.71384;-0.02428;-0.03557;
4.48087;2.43945;0.80582;1.64908;-0.02563;-0.07028;
4.43509;2.43531;0.86147;1.67169;-0.02373;-0.05206;
4.25926;2.44206;0.76260;1.63128;-0.03224;0.01977;
4.26336;2.47005;0.73761;1.62040;-0.03350;0.01766;
4.26336;2.47005;0.73761;1.62040;-0.03350;0.01766;
4.41260;2.48402;0.82706;1.65541;-0.03227;-0.04382;
4.26119;2.46904;0.83723;1.66089;-0.04687;0.01536;
4.54652;2.46607;0.83269;1.65774;-0.02803;-0.09690;
4.40475;2.49979;0.77379;1.63363;-0.03166;-0.04010;
4.58526;2.49117;0.74227;1.62102;-0.02211;-0.11077;
4.68988;2.49019;0.46914;1.51307;-0.03268;-0.14864;
4.41793;2.50431;0.49678;1.52380;-0.02755;-0.04129;
4.48159;2.53461;0.53005;1.53694;-0.03072;-0.06643;
4.53191;2.52602;0.75396;1.62460;-0.02656;-0.08885;
4.31079;2.53255;0.72751;1.61422;-0.03072;-0.00207;
4.45073;2.52481;0.85494;1.66412;-0.02646;-0.05835;
4.48281;2.54125;0.86414;1.66719;-0.02898;-0.07114;
4.44625;2.54357;0.91594;1.68703;-0.02907;-0.05749;
4.45835;2.57945;0.81568;1.64721;-0.03106;-0.06061;
4.42384;2.57457;0.88430;1.67333;-0.02715;-0.04756;
4.47054;2.58432;0.88269;1.67211;-0.02956;-0.06587;
4.36272;2.58484;0.88872;1.67435;-0.03070;-0.02452;
4.36525;2.58293;0.93372;1.69148;-0.03093;-0.02619;
4.38776;2.58262;0.95556;1.69960;-0.03030;-0.03510;
4.34745;2.57004;1.01623;1.72314;-0.02949;-0.02006;
4.36867;2.58859;0.98895;1.71156;-0.02657;-0.02740;
4.37919;2.59779;0.97543;1.70582;-0.02513;-0.03105;
4.31572;2.61054;0.93892;1.69142;-0.02878;-0.00700;
4.28424;2.61687;0.92081;1.68428;-0.03058;0.00493;
4.27020;2.65119;0.82451;1.64702;-0.03401;0.01042;
4.27883;2.63363;0.95336;1.69568;-0.03584;0.00506;
4.25085;2.65359;0.94510;1.69146;-0.03855;0.01490;
4.22249;2.63027;0.99580;1.71155;-0.03810;0.02536;
4.27709;2.67542;0.82337;1.64604;-0.03390;0.00728;
4.17274;2.68307;0.76917;1.62530;-0.03537;0.04635;
4.17274;2.68307;0.76917;1.62530;-0.03537;0.04635;
4.24232;2.71095;0.70427;1.60083;-0.03778;0.02099;
4.38807;2.71470;0.81326;1.64020;-0.03565;-0.03412;
4.38807;2.71470;0.81326;1.64020;-0.03565;-0.03412;
4.33423;2.71278;0.92916;1.68220;-0.03691;-0.01621;
4.33423;2.71278;0.92916;1.68220;-0.03691;-0.01621;
4.35044;2.70493;0.96976;1.69739;-0.03477;-0.02239;
4.29080;2.69308;1.02431;1.71769;-0.03434;-0.00096;
4.44785;2.70139;1.06663;1.73132;-0.02049;-0.05651;
4.38108;2.73823;0.89677;1.66936;-0.03040;-0.03167;
4.10766;2.69709;0.99778;1.70703;-0.05326;0.06284;
4.41771;2.72811;0.91778;1.67680;-0.04049;-0.04678;
4.23235;2.75616;0.74120;1.61272;-0.03325;0.02196;
4.18871;2.74336;0.89917;1.66974;-0.03714;0.03589;
4.21385;2.76525;0.91869;1.67586;-0.03579;0.02666;
4.22619;2.77599;0.92826;1.67886;-0.03512;0.02213;
4.40070;2.80001;0.91056;1.67123;-0.03098;-0.03915;
4.34730;2.77652;1.02749;1.71347;-0.03111;-0.02167;
4.19394;2.79683;0.87568;1.65923;-0.03488;0.03387;
4.31693;2.81002;0.80286;1.63340;-0.03544;-0.00875;
4.27453;2.82013;0.87624;1.65835;-0.03528;0.00508;
4.25386;2.82506;0.91200;1.67051;-0.03520;0.01182;
4.21194;2.80106;0.98912;1.69864;-0.03788;0.02568;
4.26946;2.84846;0.82455;1.63978;-0.03477;0.00741;
4.37789;2.88032;0.78149;1.62383;-0.03594;-0.02979;
4.34241;2.89584;0.75472;1.61435;-0.03923;-0.01788;
4.36532;2.87474;0.89464;1.66274;-0.03261;-0.02675;
4.25691;2.85581;0.99883;1.69888;-0.03330;0.00975;
4.32274;2.85507;1.01450;1.70424;-0.02973;-0.01298;
4.36548;2.86293;1.03556;1.71112;-0.03164;-0.02859;
4.29685;2.86912;0.99595;1.69728;-0.03371;-0.00461;
4.20543;2.83558;1.10803;1.73684;-0.03263;0.02685;
4.42605;2.88243;0.89734;1.66282;-0.02475;-0.04619;
4.32721;2.91997;0.72411;1.60290;-0.02892;-0.01144;
4.35734;2.90999;0.88508;1.65736;-0.02781;-0.02344;
4.19092;2.91481;0.89372;1.65982;-0.03683;0.03179;
4.30075;2.91599;0.98329;1.68999;-0.03548;-0.00663;
4.56594;2.93773;0.84227;1.64132;-0.02835;-0.09347;
4.69846;2.93041;0.92334;1.66762;-0.01544;-0.13745;
4.47240;2.93624;0.95970;1.68053;-0.02989;-0.06361;
4.51885;2.93275;0.96728;1.68309;-0.02415;-0.07859;
4.45147;2.94026;1.01302;1.69794;-0.02573;-0.05649;
4.41811;2.94398;1.03567;1.70529;-0.02651;-0.04555;
4.49212;2.93252;1.02917;1.70360;-0.02165;-0.06983;
4.52060;2.97349;0.71873;1.59942;-0.02895;-0.07616;
4.44355;2.96948;0.90411;1.66043;-0.02416;-0.05180;
4.31328;2.98477;0.93160;1.66875;-0.02706;-0.00950;
4.15534;2.99507;0.83626;1.63697;-0.03429;0.04293;
4.27149;2.99584;0.95459;1.67582;-0.03097;0.00336;
4.24289;3.00820;0.97239;1.68127;-0.03438;0.01190;
4.31490;3.00235;1.02208;1.69779;-0.03101;-0.01203;
4.40450;3.02450;1.03099;1.69935;-0.02669;-0.04098;
4.34057;3.00262;1.12921;1.73217;-0.03060;-0.02171;
4.27714;3.01156;1.05897;1.70921;-0.03419;-0.00052;
4.39254;3.03474;1.03925;1.70148;-0.02771;-0.03710;
4.50515;3.07104;0.63480;1.57074;-0.03918;-0.06872;
4.41111;3.11060;0.54718;1.54225;-0.04585;-0.03811;
4.36527;3.13151;0.49719;1.52582;-0.04063;-0.02335;
4.40617;3.09924;0.19120;1.42719;-0.04682;-0.03165;
4.37474;3.12282;0.30711;1.46440;-0.04094;-0.02361;
4.28777;3.12421;0.66671;1.57860;-0.04002;-0.00086;
4.59005;3.13507;0.66832;1.57918;-0.03734;-0.09635;
4.73606;3.14032;0.66909;1.57946;-0.03604;-0.14248;
4.80723;3.14288;0.66947;1.57960;-0.03541;-0.16496;
4.37037;3.13782;0.69825;1.58871;-0.03490;-0.02715;
4.34328;3.17160;0.68860;1.58548;-0.03503;-0.01882;
4.32985;3.18835;0.68382;1.58387;-0.03509;-0.01469;
4.32319;3.19665;0.68145;1.58307;-0.03512;-0.01264;
4.28770;3.19827;0.67962;1.58269;-0.04043;-0.00186;
4.46612;3.16855;0.58139;1.55185;-0.03827;-0.05681;
4.65678;3.17353;0.64789;1.57233;-0.03164;-0.11633;
4.46388;3.18390;0.31140;1.46798;-0.03355;-0.05257;
4.07834;3.15374;0.31983;1.47022;-0.02969;0.06849;
4.19891;3.20930;0.50384;1.52725;-0.03280;0.02826;
4.56019;3.16081;0.19359;1.43057;-0.04397;-0.08109;
4.36558;3.20623;0.30480;1.46531;-0.03494;-0.02231;
4.15626;3.21316;0.53773;1.53777;-0.03970;0.03963;
4.53639;3.19200;0.29006;1.46146;-0.04212;-0.07516;
4.46061;3.23124;0.42657;1.50357;-0.03895;-0.05286;
4.31163;3.22239;0.72133;1.59434;-0.03546;-0.00960;
4.37661;3.24100;0.86947;1.63897;-0.02799;-0.03022;
4.34587;3.28093;0.58795;1.55361;-0.03264;-0.01845;
4.47085;3.26412;0.27310;1.45734;-0.03367;-0.05388;
4.14109;3.23654;0.37686;1.48878;-0.03018;0.04667;
4.56270;3.27145;0.46417;1.51561;-0.04285;-0.08306;
4.56270;3.27145;0.46417;1.51561;-0.04285;-0.08306;
4.34169;3.28670;0.53596;1.53692;-0.03182;-0.01686;
4.15438;3.26118;0.75519;1.60364;-0.03208;0.03836;
4.04234;3.22716;0.96107;1.66677;-0.03118;0.07151;
4.50666;3.25694;0.47729;1.52133;-0.04842;-0.06304;
4.69161;3.27585;0.60275;1.55797;-0.03706;-0.12160;
4.55110;3.31851;0.52259;1.53354;-0.03321;-0.07940;
4.61374;3.32751;0.83148;1.62523;-0.02283;-0.10052;
4.61374;3.32751;0.83148;1.62523;-0.02283;-0.10052;
4.45542;3.31894;0.74766;1.59962;-0.03546;-0.05257;
4.45542;3.31894;0.74766;1.59962;-0.03546;-0.05257;
4.52014;3.34581;0.90308;1.64482;-0.02935;-0.07304;
4.37993;3.35395;0.89815;1.64424;-0.03907;-0.03308;
4.61554;3.36394;0.93437;1.65431;-0.03666;-0.10288;
4.24886;3.37724;0.77388;1.60696;-0.03329;0.00711;
4.24886;3.37724;0.77388;1.60696;-0.03329;0.00711;
4.27955;3.41440;0.73240;1.59467;-0.03561;-0.00185;
4.33086;3.40259;0.96236;1.66144;-0.03370;-0.01923;
4.50656;3.40174;0.79467;1.61247;-0.03120;-0.06799;
4.37037;3.42207;0.75737;1.60189;-0.04024;-0.02888;
4.37037;3.42207;0.75737;1.60189;-0.04024;-0.02888;
4.33954;3.43675;0.72393;1.59207;-0.03905;-0.01962;
4.76720;3.40909;0.45647;1.51528;-0.04635;-0.14045;
4.76720;3.40909;0.45647;1.51528;-0.04635;-0.14045;
4.33189;3.42681;0.38047;1.49342;-0.04461;-0.01403;
4.23442;3.46484;0.44720;1.51251;-0.04656;0.01294;
3.62259;3.31274;0.58248;1.55254;-0.04623;0.19410;
3.62259;3.31274;0.58248;1.55254;-0.04623;0.19410;
3.62259;3.31274;0.58248;1.55254;-0.04623;0.19410;
3.37370;3.24011;0.49968;1.52837;-0.04161;0.27238;
3.46735;3.27057;0.76471;1.60547;-0.04232;0.23940;
3.66256;3.38548;0.76254;1.60319;-0.04038;0.17757;
3.66256;3.38548;0.76254;1.60319;-0.04038;0.17757;
3.75934;3.44246;0.76146;1.60205;-0.03942;0.14691;
4.47855;3.44670;0.76077;1.60107;-0.02534;-0.05795;
4.39035;3.51895;0.72863;1.59175;-0.03250;-0.03395;
4.34736;3.55415;0.71297;1.58720;-0.03599;-0.02225;
4.51493;3.50199;1.00582;1.67059;-0.02912;-0.07235;
4.67082;3.55672;0.68493;1.57959;-0.02959;-0.11228;
4.67923;3.55985;0.28115;1.46721;-0.03445;-0.11070;
4.40744;3.54551;0.68545;1.57942;-0.02489;-0.03686;
4.71284;3.55740;0.45912;1.51667;-0.03520;-0.12000;
4.27903;3.56753;0.48266;1.52291;-0.03290;-0.00054;
3.86014;3.49176;0.68956;1.58111;-0.03996;0.11627;
3.87982;3.52398;0.86539;1.62915;-0.03786;0.10773;
3.85860;3.54611;0.81569;1.61524;-0.03856;0.11313;
3.99338;3.57339;0.95767;1.65369;-0.03737;0.07357;
3.94588;3.56445;0.99832;1.66513;-0.03657;0.08656;
4.16424;3.57921;1.12588;1.69976;-0.03525;0.02434;
3.98940;3.60811;0.94594;1.65005;-0.04806;0.07220;
4.19055;3.69733;0.69994;1.58285;-0.04806;0.01992;
4.29028;3.74156;0.57797;1.54954;-0.04806;-0.00600;
3.96821;3.64013;0.81563;1.61485;-0.05245;0.07985;
4.10369;3.64896;0.92768;1.64463;-0.04732;0.04121;
4.23080;3.63434;1.10917;1.69392;-0.04612;0.00371;
4.62231;3.65815;0.64923;1.56948;-0.05188;-0.09590;
4.45800;3.69638;0.67685;1.57632;-0.05692;-0.05296;
4.71433;3.69681;0.72106;1.58726;-0.04304;-0.12158;
4.68478;3.72721;0.45166;1.51574;-0.05123;-0.10974;
4.91066;3.67267;0.36973;1.49310;-0.04816;-0.17151;
4.71283;3.66939;0.04590;1.40594;-0.05074;-0.11352;
4.54679;3.70797;0.30197;1.47443;-0.04597;-0.07187;
4.36581;3.73385;0.56594;1.54471;-0.03859;-0.02625;
4.08114;3.72453;0.67465;1.57389;-0.03976;0.04823;
3.94000;3.71990;0.72855;1.58836;-0.04034;0.08516;
4.28070;3.72021;0.93610;1.64352;-0.03311;-0.00709;
4.28942;3.76922;0.82182;1.61297;-0.03758;-0.00895;
4.31072;3.78123;0.86992;1.62542;-0.03877;-0.01525;
4.06548;3.76909;0.84147;1.61807;-0.04538;0.04918;
4.13280;3.78470;0.83169;1.61556;-0.05012;0.03089;
4.21680;3.80133;0.76953;1.59897;-0.04598;0.00970;
4.02390;3.76495;0.93443;1.64261;-0.04751;0.05889;
4.06674;3.75768;1.03494;1.66907;-0.04260;0.04708;
3.93164;3.76175;1.05787;1.67465;-0.05167;0.08048;
4.05930;3.80100;0.94165;1.64346;-0.04181;0.04886;
3.92271;3.79434;0.89494;1.63111;-0.04205;0.08512;
4.27572;3.79676;1.02833;1.66562;-0.03424;-0.00774;
4.22972;3.81835;0.92639;1.63910;-0.03317;0.00517;
4.27994;3.84711;0.92612;1.63849;-0.03704;-0.00840;
4.01021;3.83447;0.87250;1.62459;-0.04541;0.06120;
4.05514;3.83249;1.01413;1.66108;-0.04196;0.04833;
4.05514;3.83249;1.01413;1.66108;-0.04196;0.04833;
4.22279;3.77020;0.74493;1.59103;-0.03990;0.00742;
3.88304;3.77083;0.83041;1.61311;-0.04064;0.09550;
3.84460;3.80586;0.82950;1.61254;-0.03594;0.10546;
4.24069;3.84373;1.00661;1.65717;-0.03155;0.00200;
4.00981;3.88255;0.91747;1.63418;-0.04297;0.05953;
4.15209;3.93508;0.81729;1.60839;-0.04342;0.02406;
4.24035;3.94829;0.87751;1.62304;-0.04262;0.00104;
4.29988;3.90207;1.12191;1.68562;-0.03432;-0.01519;
4.17268;3.93436;0.89770;1.62857;-0.03997;0.01823;
4.25056;3.94794;0.91738;1.63304;-0.04091;-0.00185;
4.64102;3.94333;0.85321;1.61630;-0.03612;-0.09913;
4.64102;3.94333;0.85321;1.61630;-0.03612;-0.09913;
4.30475;4.01085;0.66762;1.56996;-0.04574;-0.01331;
4.03429;3.93972;0.76380;1.59449;-0.04448;0.05518;
4.19222;3.93851;1.07863;1.67303;-0.04685;0.01019;
3.96378;3.94987;0.94155;1.63822;-0.04525;0.06885;
3.85052;3.95550;0.87358;1.62096;-0.04446;0.09794;
4.46660;3.96542;0.81465;1.60609;-0.04413;-0.05517;
4.09982;3.96321;0.81066;1.60503;-0.04390;0.03645;
4.19551;4.02064;0.76742;1.59395;-0.04439;0.01263;
4.24295;4.04912;0.74598;1.58846;-0.04463;0.00083;
4.69567;4.02572;0.73612;1.58563;-0.03921;-0.11058;
4.92014;4.01621;0.73271;1.58422;-0.02522;-0.16523;
4.54282;4.01784;0.27496;1.47148;-0.02805;-0.06891;
4.79283;4.02314;0.25335;1.46703;-0.04355;-0.12942;
4.78263;4.03993;0.46945;1.51984;-0.03569;-0.12876;
4.65924;4.08111;0.38260;1.49891;-0.03765;-0.09765;
4.59338;4.09883;0.61186;1.55442;-0.03421;-0.08340;
4.35388;4.10305;0.47164;1.52018;-0.02783;-0.02432;
4.02866;4.07610;0.64697;1.56330;-0.03640;0.05334;
3.68900;4.00710;0.66934;1.56939;-0.04698;0.13780;
3.70272;4.02939;0.74519;1.58774;-0.04578;0.13279;
3.91327;4.03671;1.00178;1.65005;-0.03697;0.07977;
3.85083;4.03022;1.09735;1.67329;-0.03916;0.09380;
3.46514;3.92003;0.86088;1.61625;-0.04231;0.19490;
4.42232;3.94550;0.35677;1.49374;-0.05414;-0.03643;
3.93893;3.99343;0.36173;1.49483;-0.04772;0.07923;
4.34330;4.04688;0.33791;1.48884;-0.04375;-0.01938;
3.92564;4.08961;0.43786;1.51327;-0.05240;0.07829;
4.15415;4.08572;0.93693;1.63372;-0.04554;0.01851;
4.15805;4.14161;0.89759;1.62377;-0.05214;0.01716;
3.80195;4.05708;0.91034;1.62777;-0.05368;0.10561;
3.57366;3.94199;1.04372;1.66246;-0.04649;0.16574;
3.83424;4.03833;1.15284;1.68641;-0.04971;0.09667;
3.49619;3.95131;0.97363;1.64364;-0.04693;0.18404;
3.39963;3.92980;1.07947;1.66990;-0.05525;0.20523;
3.13496;3.80397;0.83495;1.61080;-0.05594;0.28093;
3.16839;3.85270;0.66523;1.56871;-0.05161;0.27137;
3.21123;3.86885;0.60254;1.55310;-0.03898;0.26098;
3.64099;4.03090;0.92973;1.62978;-0.04071;0.14739;
4.02306;4.07757;1.19190;1.69252;-0.03375;0.05151;
4.82389;4.02065;0.98009;1.64181;-0.01807;-0.14217;
4.30492;4.10395;0.39034;1.50266;-0.03098;-0.01290;
4.04318;4.16392;0.52159;1.53299;-0.03524;0.04760;
4.35866;4.20638;0.90573;1.62193;-0.03263;-0.02943;
4.25738;4.20287;1.08483;1.66455;-0.03606;-0.00754;
4.26739;4.28908;0.71696;1.57895;-0.04241;-0.00695;
4.40275;4.30184;0.78515;1.59398;-0.03740;-0.03877;
4.27647;4.30166;0.82865;1.60367;-0.03668;-0.00991;
3.96562;4.27101;0.83265;1.60468;-0.04184;0.06210;
3.82389;4.28299;0.85079;1.60879;-0.05075;0.09325;
3.74384;4.26201;0.84359;1.60721;-0.04877;0.11265;
4.01304;4.31885;0.79247;1.59508;-0.04847;0.05038;
3.69462;4.23759;0.87191;1.61414;-0.05321;0.12477;
3.98864;4.30674;0.80651;1.59851;-0.05067;0.05639;
3.83530;4.30070;0.83783;1.60573;-0.05513;0.09042;
3.76512;4.25612;1.01596;1.64729;-0.04949;0.10630;
4.28190;4.29977;0.92610;1.62554;-0.03788;-0.01167;
4.42297;4.39531;0.63134;1.55855;-0.04525;-0.04137;
4.05064;4.34462;0.75098;1.58592;-0.05244;0.04195;
4.36960;4.27520;0.01971;1.41685;-0.05746;-0.02304;
4.26011;4.32139;-0.08803;1.39310;-0.04463;0.00117;
4.62854;4.19397;-0.43238;1.30975;-0.05948;-0.07948;
4.36891;4.27079;-0.36282;1.32853;-0.05204;-0.02055;
3.68883;4.11397;-0.22070;1.35956;-0.04158;0.14277;
3.88329;4.22635;0.55582;1.53798;-0.03625;0.08701;
4.12736;4.25120;1.02078;1.64640;-0.03869;0.02360;
4.31534;4.28636;0.24463;1.46975;-0.04386;-0.01280;
4.29791;4.38021;0.16470;1.45227;-0.03490;-0.01001;
4.44182;4.34316;1.13473;1.67187;-0.03063;-0.05063;
4.44182;4.34316;1.13473;1.67187;-0.03063;-0.05063;
3.95078;4.35716;1.03882;1.64984;-0.04942;0.05892;
4.11814;4.42371;0.89308;1.61582;-0.03672;0.02344;
3.81204;4.27234;0.20945;1.45841;-0.04149;0.10538;
3.97851;4.39665;0.55139;1.53649;-0.03963;0.06107;
4.26344;4.46518;0.71145;1.57285;-0.03694;-0.00537;
4.40470;4.49915;0.79081;1.59087;-0.03560;-0.03830;
4.38491;4.43875;1.15582;1.67393;-0.03896;-0.03854;
4.32695;4.51931;0.95233;1.62824;-0.04486;-0.02462;
4.24770;4.51877;0.92153;1.62153;-0.04831;-0.00723;
4.46223;4.52424;0.60944;1.55269;-0.05175;-0.05097;
3.80502;4.45610;0.91808;1.62044;-0.04561;0.09180;
3.80502;4.45610;0.91808;1.62044;-0.04561;0.09180;
3.80402;4.46751;0.24594;1.47256;-0.04112;0.09715;
3.96507;4.49568;-0.03422;1.41095;-0.03765;0.06329;
4.04491;4.50965;-0.17312;1.38040;-0.03593;0.04650;
4.29177;4.52478;0.03054;1.42478;-0.03982;-0.00910;
4.29177;4.52478;0.03054;1.42478;-0.03982;-0.00910;
4.20617;4.52407;-0.14247;1.38694;-0.03698;0.01078;
4.16445;4.52373;-0.22679;1.36850;-0.03560;0.02047;
4.64513;4.47755;-0.25675;1.36135;-0.04754;-0.08431;
4.04626;4.54931;0.21532;1.46498;-0.03487;0.04282;
4.44785;4.48879;0.93980;1.62406;-0.02569;-0.05023;
5.11894;4.42377;0.85160;1.60399;-0.01587;-0.19810;
5.19861;4.49564;0.48523;1.52495;-0.03686;-0.21018;
5.34123;4.52235;0.47833;1.52378;-0.05233;-0.24036;
4.94689;4.59179;0.57548;1.54403;-0.04539;-0.15554;
5.11404;4.57823;0.34951;1.49548;-0.05137;-0.18926;
4.75619;4.61705;0.24496;1.47295;-0.04674;-0.11116;
4.37268;4.61749;0.81333;1.59446;-0.04688;-0.03440;
3.75071;4.44884;1.05933;1.65004;-0.04579;0.10440;
3.50039;4.45987;1.01146;1.63940;-0.05389;0.15634;
4.38717;4.54378;0.55100;1.54035;-0.06273;-0.03073;
4.32606;4.63431;0.51271;1.53131;-0.05770;-0.01932;
4.29553;4.67945;0.48236;1.52442;-0.05520;-0.01349;
4.90616;4.54476;0.10225;1.44141;-0.05776;-0.14424;
5.07694;4.53838;-0.08751;1.40090;-0.05961;-0.17804;
5.07694;4.53838;-0.08751;1.40090;-0.05961;-0.17804;
4.69153;4.59896;0.14058;1.45095;-0.05787;-0.09535;
4.54197;4.69575;0.36373;1.49818;-0.04892;-0.06574;
4.56350;4.61106;1.11567;1.65989;-0.04529;-0.07879;
3.90338;4.54029;1.03939;1.64428;-0.05364;0.06551;
3.78105;4.56967;1.17135;1.67191;-0.05690;0.08882;
3.70299;4.58089;1.24212;1.68608;-0.04566;0.10624;
3.70299;4.58089;1.24212;1.68608;-0.04566;0.10624;
3.65925;4.63826;1.09395;1.65382;-0.04868;0.11491;
4.23446;4.68716;1.05372;1.64407;-0.03099;-0.00483;
4.17715;4.79530;0.75151;1.58066;-0.03494;0.00790;
4.42253;4.59953;-0.23249;1.36889;-0.05253;-0.03254;
3.86073;4.63670;0.16454;1.45491;-0.04716;0.08081;
3.99144;4.76531;0.54891;1.53548;-0.04398;0.04844;
3.79137;4.73872;0.94891;1.61951;-0.03976;0.08732;
3.70748;4.69914;1.12592;1.65806;-0.04389;0.10354;
3.63220;4.76211;0.63202;1.55642;-0.05168;0.12184;
3.99839;4.74273;1.13923;1.66150;-0.04875;0.04026;
4.28093;4.82441;1.01625;1.63465;-0.04301;-0.01651;
4.32022;4.77361;1.32946;1.70051;-0.04444;-0.02838;
4.44050;4.83972;1.11056;1.65399;-0.04088;-0.05054;
4.39150;4.88604;0.96433;1.62300;-0.03822;-0.03877;
4.48036;4.96560;0.93404;1.61550;-0.03838;-0.05612;
4.48036;4.96560;0.93404;1.61550;-0.03838;-0.05612;
4.92285;4.84035;0.11152;1.44850;-0.05301;-0.13935;
5.13548;4.82453;0.10827;1.44823;-0.05651;-0.18292;
5.24090;4.81668;0.10666;1.44810;-0.05824;-0.20452;
5.24090;4.81668;0.10666;1.44810;-0.05824;-0.20452;
4.88925;4.75977;1.18007;1.66907;-0.03269;-0.14163;
4.88925;4.75977;1.18007;1.66907;-0.03269;-0.14163;
4.21949;4.80011;1.27860;1.68664;-0.03471;-0.00578;
4.23837;4.89108;1.02436;1.63460;-0.04491;-0.00836;
4.24773;4.93619;0.89830;1.60881;-0.04996;-0.00965;
3.93495;4.84473;0.92859;1.61533;-0.06055;0.05361;
4.62779;4.77033;0.12113;1.45010;-0.06365;-0.08053;
4.47080;4.87990;0.27648;1.48234;-0.05918;-0.04954;
4.21610;4.87383;0.86411;1.60168;-0.05439;-0.00329;
4.21610;4.87383;0.86411;1.60168;-0.05439;-0.00329;
4.80642;4.87986;1.17180;1.66295;-0.02659;-0.12266;
4.80642;4.87986;1.17180;1.66295;-0.02659;-0.12266;
4.44314;4.89698;-0.11893;1.40341;-0.04244;-0.03940;
3.94759;4.91897;0.40559;1.50869;-0.04868;0.05424;
4.68067;4.93302;0.23744;1.47541;-0.04093;-0.09100;
4.49161;5.02636;0.41661;1.51140;-0.04861;-0.05486;
4.24173;4.97897;0.95973;1.61985;-0.04208;-0.00850;
4.40536;5.01101;0.93202;1.61400;-0.04029;-0.04097;
4.32737;5.06719;0.85567;1.59862;-0.04847;-0.02585;
5.01757;4.91745;0.39163;1.50617;-0.05547;-0.16162;
4.63558;5.02395;0.58986;1.54503;-0.04162;-0.08565;
4.48783;4.96678;1.16696;1.66073;-0.03789;-0.06000;
3.86606;4.93507;1.07853;1.64356;-0.04978;0.06429;
3.54327;4.93062;0.77990;1.58419;-0.04664;0.13132;
3.96118;4.96069;1.26334;1.67851;-0.03331;0.04636;
3.96118;4.96069;1.26334;1.67851;-0.03331;0.04636;
4.10170;5.07801;1.01766;1.62989;-0.03920;0.01873;
4.54924;5.05939;0.41342;1.51301;-0.05621;-0.06323;
4.96115;5.03877;0.22738;1.47620;-0.05239;-0.14372;
4.66934;5.07920;0.13107;1.45708;-0.04192;-0.08664;
4.70966;5.08316;0.83365;1.59337;-0.03926;-0.10006;
4.34304;5.07785;1.18182;1.66112;-0.03807;-0.03078;
4.46167;5.13350;1.04580;1.63447;-0.03891;-0.05268;
4.35183;5.15974;0.98656;1.62311;-0.04191;-0.03147;
4.51880;5.12524;1.25579;1.67544;-0.03991;-0.06624;
4.69267;5.10948;1.33556;1.69021;-0.02308;-0.09778;
4.69267;5.10948;1.33556;1.69021;-0.02308;-0.09778;
4.12173;5.11799;0.61629;1.55127;-0.02735;0.01722;
4.19092;5.20076;0.70510;1.56775;-0.02811;0.00274;
4.40109;5.07866;1.39670;1.70348;-0.03030;-0.04428;
4.32826;5.17987;1.09053;1.64294;-0.02956;-0.02751;
4.32826;5.17987;1.09053;1.64294;-0.02956;-0.02751;
4.68294;5.17244;1.39741;1.70015;-0.02432;-0.09611;
4.46800;5.22637;1.09089;1.64129;-0.02660;-0.05320;
3.81807;5.14454;0.78743;1.58382;-0.03578;0.07442;
4.52539;5.15036;0.63932;1.55612;-0.04732;-0.06104;
4.38874;5.21597;0.71567;1.56999;-0.03792;-0.03560;
4.59536;5.19280;1.10983;1.64502;-0.03020;-0.07739;
4.69781;5.18131;1.30526;1.68222;-0.02637;-0.09810;
4.10079;5.18414;1.05142;1.63465;-0.04686;0.01615;
4.33958;5.27017;0.76767;1.58058;-0.04699;-0.02671;
4.79618;5.17382;1.08093;1.64078;-0.03524;-0.11712;
4.79739;5.17187;1.29452;1.68079;-0.02876;-0.11781;
4.52243;5.22654;1.03771;1.63127;-0.02880;-0.06351;
4.38842;5.25319;0.91255;1.60714;-0.02882;-0.03704;
4.22296;5.25552;0.84958;1.59538;-0.03738;-0.00555;
4.24008;5.26766;0.81902;1.58929;-0.03304;-0.00833;
4.24843;5.27358;0.80412;1.58633;-0.03092;-0.00968;
4.56159;5.17257;0.13516;1.45761;-0.04218;-0.06462;
4.53601;5.11008;-0.32865;1.36815;-0.04905;-0.05485;
4.66616;5.18642;0.02485;1.43725;-0.04805;-0.08273;
4.73347;5.17808;0.77362;1.58041;-0.03511;-0.10090;
4.49305;5.22916;0.78161;1.58192;-0.03195;-0.05558;
4.64708;5.19934;1.14253;1.65093;-0.02724;-0.08729;
4.72345;5.18455;1.32147;1.68515;-0.02490;-0.10301;
4.76132;5.17722;1.41019;1.70211;-0.02374;-0.11081;
4.78009;5.17359;1.45418;1.71053;-0.02317;-0.11467;
4.78940;5.17179;1.47598;1.71470;-0.02289;-0.11659;
4.79401;5.17089;1.48680;1.71676;-0.02274;-0.11754;
5.02135;5.12462;1.43738;1.70828;-0.02322;-0.16213;
4.90901;5.14751;1.46766;1.71358;-0.02291;-0.14012;
4.96456;5.01287;0.29159;1.48422;-0.04644;-0.14226;
4.88086;5.09210;0.89957;1.60250;-0.03442;-0.13027;
4.56613;5.18653;0.84406;1.59287;-0.03161;-0.07014;
4.68331;5.17821;1.17349;1.65636;-0.02707;-0.09451;
4.39040;5.13220;0.32424;1.49368;-0.04006;-0.03078;
4.39040;5.13220;0.32424;1.49368;-0.04006;-0.03078;
4.42184;5.23936;0.58587;1.54465;-0.03583;-0.04039;
4.68657;5.10433;1.23868;1.67210;-0.02004;-0.09487;
4.96808;5.09162;1.31436;1.68613;-0.02188;-0.15089;
4.88260;5.13115;1.40666;1.70260;-0.02225;-0.13455;
4.56699;5.20589;1.09547;1.64250;-0.02557;-0.07226;
4.33273;5.14592;0.28556;1.48681;-0.03932;-0.01975;
4.21658;5.11619;-0.11599;1.40961;-0.04613;0.00629;
4.07622;5.04536;-0.50254;1.33347;-0.03675;0.03448;
4.16566;5.15704;-0.21360;1.39080;-0.03343;0.01389;
4.21192;5.21925;0.29643;1.48874;-0.03109;0.00123;
4.50770;5.19443;0.90198;1.60473;-0.02681;-0.05912;
4.65435;5.18212;1.20221;1.66224;-0.02469;-0.08905;
4.45382;5.23116;0.99410;1.62250;-0.02678;-0.04970;
4.35440;5.25548;0.89093;1.60279;-0.02782;-0.03019;
4.86047;5.21613;0.91429;1.60767;-0.03481;-0.12743;
4.82925;5.19288;1.20831;1.66370;-0.02866;-0.12291;
4.81377;5.18135;1.35408;1.69148;-0.02561;-0.12067;
4.80609;5.17563;1.42636;1.70525;-0.02409;-0.11956;
4.80609;5.17563;1.42636;1.70525;-0.02409;-0.11956;
4.69368;5.25844;1.19004;1.65972;-0.03226;-0.09672;
4.97161;5.16803;1.29025;1.67999;-0.02794;-0.15181;
4.88435;5.16903;1.39471;1.69956;-0.02525;-0.13500;
4.56786;5.22468;1.08955;1.64100;-0.02706;-0.07248;
4.68417;5.19712;1.29520;1.68022;-0.02481;-0.09567;
4.74184;5.18345;1.39717;1.69967;-0.02370;-0.10717;
4.77043;5.17668;1.44772;1.70931;-0.02315;-0.11287;
4.82040;5.12452;0.45426;1.51858;-0.03832;-0.11578;
4.80957;5.19431;0.46561;1.52179;-0.04167;-0.11385;
5.03093;5.13574;0.93502;1.61237;-0.03253;-0.16070;
4.25574;5.15656;0.49621;1.52898;-0.04063;-0.00884;
4.81155;5.16708;0.71859;1.57108;-0.04116;-0.11684;
4.80500;5.16856;1.11128;1.64556;-0.03181;-0.11766;
5.02680;5.12347;1.25120;1.67297;-0.02772;-0.16219;
5.13677;5.10111;1.32057;1.68656;-0.02569;-0.18427;
5.24837;5.13959;1.12731;1.64921;-0.03376;-0.20382;
5.02157;5.15493;1.31392;1.68430;-0.02813;-0.16078;
4.63589;5.21768;1.04949;1.63343;-0.02849;-0.08527;
4.94296;5.14782;1.22056;1.66696;-0.02607;-0.14613;
5.09520;5.11319;1.30538;1.68358;-0.02487;-0.17631;
4.94563;5.14184;1.40221;1.70134;-0.02373;-0.14715;
4.06904;5.12497;1.24669;1.67245;-0.05284;0.01932;
4.43998;5.14787;1.37418;1.69602;-0.03746;-0.05074;
4.84582;5.11321;1.38154;1.69799;-0.03052;-0.12901;
4.82199;5.14185;1.43997;1.70848;-0.02653;-0.12370;
4.81017;5.15605;1.46894;1.71368;-0.02455;-0.12106;
5.02936;5.11727;1.42853;1.70675;-0.02412;-0.16388;
4.25895;5.10184;1.24298;1.67218;-0.04156;-0.01488;
4.52402;5.18035;0.97466;1.62029;-0.04098;-0.06341;
4.55573;5.26221;0.94832;1.61421;-0.04100;-0.06915;
4.68025;5.21493;1.22991;1.66784;-0.03157;-0.09444;
4.74040;5.19209;1.36594;1.69375;-0.02701;-0.10666;
4.76972;5.18096;1.43224;1.70638;-0.02479;-0.11261;
4.51102;5.23059;1.10815;1.64438;-0.02683;-0.06139;
4.93812;5.20379;1.02199;1.62829;-0.03432;-0.14289;
5.09280;5.14093;1.20693;1.66441;-0.02896;-0.17470;
5.16949;5.10977;1.29862;1.68232;-0.02631;-0.19047;
4.09766;5.13966;0.64951;1.55715;-0.03009;0.02131;
4.09766;5.13966;0.64951;1.55715;-0.03009;0.02131;
4.08126;5.12308;0.65634;1.55981;-0.05220;0.02422;
4.66814;5.10091;1.02574;1.63048;-0.03783;-0.09188;
4.73502;5.13635;1.26763;1.67577;-0.03002;-0.10552;
4.99428;5.10725;1.32923;1.68805;-0.02680;-0.15660;
4.99428;5.10725;1.32923;1.68805;-0.02680;-0.15660;
4.84666;5.15459;1.45608;1.71124;-0.02364;-0.12784;
4.84666;5.15459;1.45608;1.71124;-0.02364;-0.12784;
4.17585;5.14964;1.34103;1.69037;-0.05081;-0.00185;
4.21693;5.21562;1.06057;1.63598;-0.03964;-0.00651;
4.51018;5.19262;1.28084;1.67774;-0.03105;-0.06296;
4.88063;5.13540;1.33526;1.68893;-0.02734;-0.13507;
5.06430;5.10703;1.36225;1.69447;-0.02550;-0.17082;
4.93031;5.13879;1.43041;1.70674;-0.02404;-0.14443;
4.86387;5.15453;1.46420;1.71282;-0.02332;-0.13134;
4.83094;5.16234;1.48095;1.71583;-0.02296;-0.12485;
4.74798;5.16235;0.82849;1.59269;-0.05093;-0.10434;
4.74798;5.16235;0.82849;1.59269;-0.05093;-0.10434;
4.77348;5.16621;1.16587;1.65629;-0.03665;-0.11147;
4.13914;5.17621;0.98661;1.62263;-0.05217;0.00930;
4.70172;5.12682;1.19122;1.66196;-0.03769;-0.10023;
4.75138;5.14897;1.34825;1.69111;-0.02995;-0.10958;
4.42137;5.11744;0.40294;1.50938;-0.04159;-0.03765;
4.60835;5.19061;0.47942;1.52465;-0.04247;-0.07479;
5.08438;5.12537;0.90223;1.60660;-0.03849;-0.17071;
5.08438;5.12537;0.90223;1.60660;-0.03849;-0.17071;
5.09396;5.11311;1.29966;1.68234;-0.02696;-0.17548;
5.09396;5.11311;1.29966;1.68234;-0.02696;-0.17548;
5.09622;5.11020;1.39403;1.70032;-0.02423;-0.17660;
5.09622;5.11020;1.39403;1.70032;-0.02423;-0.17660;
4.70994;5.14071;1.15190;1.65448;-0.03440;-0.10114;
4.70994;5.14071;1.15190;1.65448;-0.03440;-0.10114;
4.98196;5.10940;1.27235;1.67759;-0.02896;-0.15445;
5.06869;5.10929;1.38732;1.69915;-0.02472;-0.17144;
5.06869;5.10929;1.38732;1.69915;-0.02472;-0.17144;
4.21010;5.11788;1.20378;1.66430;-0.04008;-0.00470;
4.21010;5.11788;1.20378;1.66430;-0.04008;-0.00470;
5.04104;5.15682;0.86435;1.59907;-0.04669;-0.16173;
4.91669;5.16358;1.18901;1.66047;-0.03434;-0.13954;
5.08358;5.12064;1.29059;1.68053;-0.02893;-0.17332;
4.93987;5.14553;1.39488;1.69983;-0.02574;-0.14567;
4.93987;5.14553;1.39488;1.69983;-0.02574;-0.14567;
4.86861;5.15788;1.44658;1.70939;-0.02416;-0.13195;
4.03132;5.19889;1.01854;1.62839;-0.04853;0.02899;
4.42144;5.18421;1.26204;1.67436;-0.03535;-0.04599;
4.42144;5.18421;1.26204;1.67436;-0.03535;-0.04599;
4.61158;5.17705;1.38073;1.69676;-0.02892;-0.08253;
4.26903;5.10845;0.18710;1.46733;-0.04586;-0.00745;
4.26903;5.10845;0.18710;1.46733;-0.04586;-0.00745;
4.88196;5.16528;0.22764;1.47720;-0.05884;-0.12559;
4.83989;5.16767;0.86805;1.59905;-0.04056;-0.12200;
5.04759;5.12226;1.13509;1.65078;-0.03191;-0.16506;
4.92096;5.14654;1.31933;1.68537;-0.02718;-0.14137;
4.92096;5.14654;1.31933;1.68537;-0.02718;-0.14137;
4.49014;5.16215;1.32268;1.68568;-0.02869;-0.05884;
3.98704;5.12791;1.15599;1.65500;-0.04296;0.03847;
4.11947;5.20622;0.83737;1.59360;-0.03629;0.01493;
4.46196;5.18796;1.17027;1.65674;-0.02939;-0.05235;
4.46196;5.18796;1.17027;1.65674;-0.02939;-0.05235;
5.05742;5.10519;1.33646;1.68959;-0.02506;-0.16919;
5.15195;5.09205;1.36284;1.69480;-0.02437;-0.18774;
5.19882;5.08553;1.37592;1.69739;-0.02403;-0.19694;
4.99700;5.12813;1.43718;1.70818;-0.02331;-0.15737;
4.99700;5.12813;1.43718;1.70818;-0.02331;-0.15737;
4.73957;5.14983;0.95398;1.61665;-0.05107;-0.10644;
4.76932;5.16001;1.22807;1.66817;-0.03672;-0.11251;
5.07126;5.16894;1.07894;1.63961;-0.03927;-0.16919;
4.93259;5.16949;1.29173;1.67987;-0.03080;-0.14340;
4.86501;5.16975;1.39544;1.69950;-0.02667;-0.13083;
5.05655;5.12406;1.39208;1.69972;-0.02517;-0.16872;
5.15152;5.10140;1.39042;1.69982;-0.02443;-0.18751;
4.95576;5.09649;1.45125;1.71176;-0.01611;-0.14832;
4.87650;5.13356;1.47453;1.71531;-0.01939;-0.13327;
4.83719;5.15194;1.48608;1.71707;-0.02101;-0.12581;
4.01436;5.12801;1.30629;1.68372;-0.05210;0.02980;
4.12947;5.15926;0.70055;1.56758;-0.04895;0.01346;
4.46682;5.16468;1.10234;1.64382;-0.03567;-0.05306;
4.85913;5.12154;1.24676;1.67211;-0.02963;-0.13016;
4.68353;5.08478;0.22248;1.47450;-0.04283;-0.08734;
4.68353;5.08478;0.22248;1.47450;-0.04283;-0.08734;
4.71847;5.19465;0.90730;1.60632;-0.03392;-0.09899;
4.98390;5.13640;1.15006;1.65352;-0.02876;-0.15294;
5.11550;5.10752;1.27042;1.67692;-0.02621;-0.17968;
4.95569;5.13903;1.38488;1.69803;-0.02439;-0.14882;
4.07493;5.07578;1.30731;1.68476;-0.04866;0.01984;
4.44287;5.12369;1.40398;1.70207;-0.03541;-0.05049;
4.84726;5.10122;1.39632;1.70099;-0.02950;-0.12889;
4.89749;5.03584;1.64050;1.74961;-0.01690;-0.13875;
5.12973;5.10723;1.28593;1.68047;-0.02940;-0.18125;
4.68952;5.19404;1.03561;1.63153;-0.02912;-0.09541;
4.96955;5.13610;1.21368;1.66602;-0.02638;-0.15116;
4.96955;5.13610;1.21368;1.66602;-0.02638;-0.15116;
4.03791;5.15476;0.55590;1.53929;-0.03060;0.03326;
4.63625;5.15406;0.61489;1.55124;-0.04115;-0.08277;
4.44323;5.21779;0.70366;1.56760;-0.03489;-0.04629;
4.34915;5.24885;0.74693;1.57557;-0.03184;-0.02850;
4.57574;5.20910;1.12533;1.64779;-0.02718;-0.07386;
4.68808;5.18939;1.31294;1.68359;-0.02488;-0.09635;
4.96883;5.13380;1.35118;1.69183;-0.02428;-0.15163;
4.88297;5.15206;1.42492;1.70543;-0.02344;-0.13491;
4.69535;5.09991;0.31081;1.49102;-0.03976;-0.08970;
4.97244;5.08943;0.85433;1.59635;-0.03166;-0.14833;
4.77804;5.21711;0.88866;1.60234;-0.03638;-0.11125;
4.78838;5.19336;1.19560;1.66106;-0.02943;-0.11489;
4.79351;5.18159;1.34778;1.69017;-0.02599;-0.11670;
4.14905;5.18193;1.10968;1.64572;-0.04760;0.00629;
4.70626;5.12966;1.25160;1.67328;-0.03545;-0.10164;
4.97785;5.10418;1.32076;1.68672;-0.02952;-0.15425;
4.94876;5.13509;1.36293;1.69397;-0.02466;-0.14737;
4.90848;5.10364;0.40416;1.50943;-0.03920;-0.13277;
5.07525;5.12820;0.36289;1.50276;-0.05221;-0.16454;
4.93456;5.14946;0.93978;1.61261;-0.03716;-0.14111;
5.09103;5.11400;1.16617;1.65664;-0.03037;-0.17382;
5.16862;5.09642;1.27841;1.67846;-0.02700;-0.19003;
5.20708;5.08770;1.33406;1.68929;-0.02534;-0.19807;
5.22615;5.08338;1.36165;1.69465;-0.02451;-0.20206;
5.01055;5.12706;1.43011;1.70683;-0.02355;-0.15991;
4.27583;5.14969;0.55862;1.53790;-0.02684;-0.01188;
4.27583;5.14969;0.55862;1.53790;-0.02684;-0.01188;
3.88137;5.16348;0.30959;1.49206;-0.03780;0.06494;
4.61342;5.17884;0.46340;1.52213;-0.04640;-0.07638;
4.04396;5.17792;0.26068;1.48392;-0.04751;0.03388;
4.41803;5.21627;0.21803;1.47596;-0.04945;-0.03701;
4.83847;5.14654;0.81333;1.58984;-0.03635;-0.12293;
4.92959;5.01239;-0.03283;1.42287;-0.05310;-0.13374;
4.71846;5.03066;-0.41194;1.35093;-0.05447;-0.08912;
4.87008;4.95494;-0.64031;1.30442;-0.06209;-0.11698;
4.83402;5.06338;0.43754;1.51335;-0.04218;-0.11773;
4.16044;5.08117;0.67503;1.56136;-0.04883;0.00915;
4.71186;5.08013;1.03795;1.63182;-0.03605;-0.10024;
4.64885;5.21250;0.97970;1.61993;-0.03856;-0.08741;
4.83557;5.04509;0.04966;1.43779;-0.05420;-0.11613;
5.04196;5.06225;0.72485;1.56996;-0.03882;-0.16143;
5.14428;5.07076;1.05960;1.63549;-0.03119;-0.18389;
4.96996;5.12080;1.28036;1.67749;-0.02686;-0.15091;
5.10859;5.09979;1.33502;1.68881;-0.02527;-0.17867;
5.23439;5.13894;1.13447;1.65032;-0.03355;-0.20104;
5.01464;5.15461;1.31748;1.68485;-0.02803;-0.15941;
5.13074;5.11655;1.35343;1.69245;-0.02584;-0.18289;
4.38348;5.00323;0.29468;1.48636;-0.02541;-0.02992;
4.59276;5.08732;0.90111;1.60355;-0.02399;-0.07457;
4.59276;5.08732;0.90111;1.60355;-0.02399;-0.07457;
4.42329;5.18416;0.84482;1.59340;-0.02644;-0.04252;
4.83755;5.13120;1.11909;1.64711;-0.02505;-0.12494;
4.81788;5.15077;1.30985;1.68325;-0.02382;-0.12168;
5.03319;5.11465;1.34965;1.69166;-0.02376;-0.16418;
4.64165;5.19771;1.06721;1.63708;-0.02632;-0.08695;
4.72076;5.18375;1.28412;1.67828;-0.02445;-0.10284;
4.65326;5.26387;1.10176;1.64296;-0.03280;-0.08870;
4.72652;5.21655;1.30125;1.68120;-0.02766;-0.10371;
4.76283;5.19309;1.40017;1.70016;-0.02511;-0.11115;
4.13358;5.18819;1.12958;1.64950;-0.04699;0.00917;
4.35483;5.14082;0.07864;1.44663;-0.04687;-0.02335;
4.35483;5.14082;0.07864;1.44663;-0.04687;-0.02335;
4.30615;5.20567;0.08581;1.44907;-0.03852;-0.01531;
4.13496;5.12198;0.81235;1.58950;-0.04266;0.01212;
4.13496;5.12198;0.81235;1.58950;-0.04266;0.01212;
4.18875;5.15630;0.45776;1.52126;-0.04432;0.00477;
4.56458;5.15293;0.31808;1.49438;-0.04849;-0.06646;
4.01069;5.12707;0.21706;1.47468;-0.04088;0.04113;
4.13261;5.20643;0.37846;1.50542;-0.03515;0.01595;
4.47122;5.18791;0.94743;1.61391;-0.02877;-0.05240;
4.80767;5.15593;1.13047;1.64966;-0.02623;-0.11949;
4.80767;5.15593;1.13047;1.64966;-0.02623;-0.11949;
4.80079;5.16655;1.40723;1.70180;-0.02350;-0.11872;
4.80079;5.16655;1.40723;1.70180;-0.02350;-0.11872;
4.25661;5.11319;1.12996;1.65021;-0.03867;-0.01322;
4.25661;5.11319;1.12996;1.65021;-0.03867;-0.01322;
5.00406;5.08743;1.32571;1.68781;-0.02734;-0.15900;
4.25522;5.13824;1.03348;1.63207;-0.04663;-0.01420;
4.25522;5.13824;1.03348;1.63207;-0.04663;-0.01420;
4.53149;5.15440;1.26939;1.67617;-0.03441;-0.06722;
4.89120;5.11644;1.32959;1.68815;-0.02901;-0.13718;
4.17475;5.16169;1.15690;1.65512;-0.04784;0.00053;
4.17475;5.16169;1.15690;1.65512;-0.04784;0.00053;
4.73442;5.15064;1.11400;1.64694;-0.03117;-0.10604;
4.61977;5.09833;0.14030;1.45886;-0.04381;-0.07486;
3.88716;5.08091;0.31762;1.49366;-0.04432;0.06486;
4.07032;5.18256;0.46759;1.52226;-0.03681;0.02771;
4.07032;5.18256;0.46759;1.52226;-0.03681;0.02771;
4.84614;5.12725;1.19168;1.66139;-0.02662;-0.12697;
4.84614;5.12725;1.19168;1.66139;-0.02662;-0.12697;
4.67689;5.21650;0.92529;1.60984;-0.03151;-0.09252;
4.67689;5.21650;0.92529;1.60984;-0.03151;-0.09252;
5.10528;5.11290;1.27485;1.67778;-0.02561;-0.17809;
4.52673;5.11258;1.25307;1.67460;-0.03779;-0.06703;
4.66025;5.18599;0.79107;1.58586;-0.04307;-0.08835;
4.58490;5.11671;-0.00368;1.43169;-0.04950;-0.06661;
4.91198;5.13599;0.20436;1.47254;-0.05561;-0.13173;
4.57048;5.16320;0.15889;1.46377;-0.05068;-0.06590;
4.68744;5.16669;0.84532;1.59455;-0.03628;-0.09286;
4.74393;5.16838;1.17690;1.65773;-0.02933;-0.10588;
4.77147;5.16921;1.33851;1.68852;-0.02594;-0.11223;
4.12890;5.13986;1.04812;1.63391;-0.03844;0.01277;
4.36178;5.24298;0.98421;1.62086;-0.03975;-0.03175;
4.30877;5.26134;0.88602;1.60198;-0.03425;-0.02130;
4.55572;5.21529;1.19429;1.66088;-0.02838;-0.07029;
4.32714;5.15058;0.33456;1.49592;-0.04071;-0.01877;
4.56083;5.20691;0.47100;1.52278;-0.04147;-0.06548;
4.90866;5.14194;0.93767;1.61286;-0.03243;-0.13692;
5.13527;5.15983;0.93746;1.61267;-0.03710;-0.18034;
4.16665;5.10942;0.85016;1.59649;-0.04560;0.00679;
4.69632;5.13088;0.76732;1.58085;-0.04856;-0.09522;
4.11115;5.15975;0.74898;1.57757;-0.05708;0.01589;
4.44521;5.21060;0.67684;1.56337;-0.04997;-0.04670;
4.84880;5.14425;1.03614;1.63229;-0.03671;-0.12709;
4.99195;4.91523;-0.06267;1.41238;-0.06133;-0.14552;
4.61117;5.10382;0.37862;1.50095;-0.04451;-0.07586;
4.93896;5.09105;0.90112;1.60387;-0.03374;-0.14316;
4.86757;5.13120;1.20433;1.66231;-0.02808;-0.13061;
4.83277;5.15077;1.35211;1.69079;-0.02532;-0.12449;
5.04057;5.11465;1.37060;1.69540;-0.02450;-0.16558;
5.20067;5.14630;1.15211;1.65359;-0.03317;-0.19455;
4.56413;5.06029;0.12618;1.45443;-0.03032;-0.06509;
4.68034;5.15966;0.20241;1.47097;-0.03969;-0.08742;
4.06758;5.13038;0.16020;1.46317;-0.03656;0.03082;
4.08512;5.10849;-0.17815;1.39789;-0.04477;0.03136;
4.08512;5.10849;-0.17815;1.39789;-0.04477;0.03136;
4.66006;5.12810;0.01348;1.43587;-0.05713;-0.08106;
4.59899;5.21102;0.54852;1.53802;-0.04225;-0.07471;
4.70133;5.18999;1.03514;1.63073;-0.03218;-0.09715;
4.97772;5.13362;1.21496;1.66591;-0.02786;-0.15249;
5.11244;5.10614;1.30260;1.68307;-0.02576;-0.17946;
4.95417;5.13835;1.40083;1.70108;-0.02417;-0.14871;
5.10076;5.10849;1.39476;1.70050;-0.02393;-0.17758;
4.94838;5.13951;1.44652;1.70973;-0.02326;-0.14778;
4.87284;5.15489;1.47219;1.71430;-0.02293;-0.13300;
4.55949;5.17562;1.12423;1.64844;-0.03400;-0.07108;
4.90801;5.12656;1.25875;1.67462;-0.02876;-0.13967;
4.85282;5.14847;1.37909;1.69689;-0.02566;-0.12898;
5.05051;5.11351;1.38398;1.69842;-0.02467;-0.16780;
5.14852;5.09617;1.38640;1.69918;-0.02418;-0.18705;
5.19712;5.08758;1.38760;1.69956;-0.02393;-0.19659;
5.22121;5.08332;1.38820;1.69975;-0.02381;-0.20133;
4.35570;5.09335;1.12650;1.64993;-0.03882;-0.03270;
4.57324;5.17695;0.88677;1.60356;-0.04020;-0.07225;
4.68687;5.17345;1.19475;1.66168;-0.03133;-0.09556;
4.46624;5.22778;0.98692;1.62154;-0.03005;-0.05220;
3.81290;5.14489;0.75769;1.57823;-0.03790;0.07569;
4.52278;5.15029;0.66622;1.56128;-0.04678;-0.06086;
4.66300;5.16032;1.08887;1.64137;-0.03449;-0.09016;
4.95640;5.11938;1.24009;1.67090;-0.02904;-0.14855;
5.10186;5.09909;1.31506;1.68553;-0.02635;-0.17751;
5.17399;5.08902;1.35223;1.69279;-0.02501;-0.19186;
4.98469;5.12986;1.42544;1.70590;-0.02380;-0.15486;
4.61761;5.20525;1.10478;1.64414;-0.02634;-0.08233;
4.70884;5.18749;1.30276;1.68178;-0.02446;-0.10055;
4.75407;5.17868;1.40091;1.70045;-0.02352;-0.10959;
4.77650;5.17431;1.44958;1.70970;-0.02306;-0.11407;
4.78761;5.17214;1.47370;1.71429;-0.02283;-0.11629;
5.01818;5.12524;1.43089;1.70705;-0.02327;-0.16151;
4.90744;5.14782;1.46444;1.71297;-0.02293;-0.13981;
4.19747;5.12794;1.13272;1.65034;-0.03750;-0.00135;
4.50310;5.14933;1.31817;1.68515;-0.02992;-0.06090;
4.65207;5.15976;1.40855;1.70211;-0.02623;-0.08993;
4.95098;5.11911;1.39858;1.70101;-0.02495;-0.14844;
5.09918;5.09895;1.39364;1.70047;-0.02432;-0.17745;
5.17265;5.08895;1.39119;1.70020;-0.02400;-0.19184;
5.20908;5.08400;1.38998;1.70006;-0.02385;-0.19897;
5.00209;5.12737;1.44415;1.70951;-0.02322;-0.15838;
4.89946;5.14887;1.47102;1.71419;-0.02291;-0.13826;
5.13071;5.16327;1.20190;1.66291;-0.03238;-0.18100;
4.96323;5.16667;1.35090;1.69109;-0.02745;-0.14947;
4.22560;5.13758;1.07310;1.63884;-0.03971;-0.00620;
4.74736;5.14386;1.16076;1.65567;-0.02889;-0.10814;
4.74736;5.14386;1.16076;1.65567;-0.02889;-0.10814;
4.89755;5.14087;1.38751;1.69856;-0.02442;-0.13781;
4.89755;5.14087;1.38751;1.69856;-0.02442;-0.13781;
4.84763;5.15556;1.44293;1.70876;-0.02351;-0.12806;
4.17634;5.15412;1.30481;1.68340;-0.05002;-0.00151;
4.70125;5.15426;0.97815;1.62117;-0.05160;-0.09924;
4.97544;5.11637;1.18525;1.66089;-0.03753;-0.15307;
4.88473;5.14388;1.34534;1.69059;-0.02987;-0.13533;
5.06787;5.11095;1.36743;1.69534;-0.02673;-0.17125;
4.65545;5.19243;1.07271;1.63910;-0.04259;-0.09046;
4.72760;5.18113;1.28686;1.67928;-0.03252;-0.10458;
4.09617;5.14127;0.69822;1.56652;-0.03303;0.02132;
4.44436;5.20127;0.68860;1.56485;-0.03687;-0.04553;
4.85141;5.13917;1.04462;1.63353;-0.03017;-0.12711;
5.04981;5.10889;1.21815;1.66701;-0.02690;-0.16688;
4.86031;5.15499;1.42878;1.70607;-0.02366;-0.13037;
4.86031;5.15499;1.42878;1.70607;-0.02366;-0.13037;
5.05422;5.11674;1.40861;1.70297;-0.02368;-0.16849;
5.15037;5.09778;1.39861;1.70144;-0.02369;-0.18739;
4.31997;5.08081;1.31626;1.68678;-0.04370;-0.02780;
4.84755;4.98085;0.26445;1.48154;-0.06372;-0.12039;
5.04453;5.06762;0.41352;1.51176;-0.05995;-0.15970;
4.81183;5.20747;0.67228;1.56082;-0.05032;-0.11653;
4.69842;5.27563;0.79841;1.58473;-0.04563;-0.09548;
4.97396;5.17655;1.09607;1.64281;-0.03457;-0.15120;
4.88552;5.17326;1.29844;1.68112;-0.02854;-0.13470;
4.17446;5.13737;0.70396;1.56743;-0.03106;0.00639;
4.38241;5.24087;0.81411;1.58801;-0.03608;-0.03454;
4.81728;5.15932;1.10386;1.64444;-0.02984;-0.12098;
5.03289;5.11889;1.24752;1.67242;-0.02674;-0.16384;
5.13979;5.09884;1.31874;1.68629;-0.02520;-0.18508;
4.96773;5.13473;1.40884;1.70268;-0.02389;-0.15150;
4.88243;5.15252;1.45351;1.71081;-0.02324;-0.13484;
4.84014;5.16134;1.47565;1.71483;-0.02292;-0.12659;
4.81917;5.16571;1.48663;1.71683;-0.02276;-0.12250;
4.80877;5.16788;1.49208;1.71782;-0.02268;-0.12047;
5.02867;5.12313;1.43999;1.70880;-0.02319;-0.16358;
5.13770;5.10094;1.41417;1.70433;-0.02345;-0.18496;
4.96670;5.13577;1.45615;1.71162;-0.02302;-0.15143;
4.60869;5.20819;1.12001;1.64698;-0.02595;-0.08063;
4.05585;5.19796;0.95311;1.61594;-0.04653;0.02502;
4.63995;5.17638;0.80573;1.58809;-0.04957;-0.08581;
4.71994;5.17317;1.15459;1.65401;-0.03597;-0.10228;
4.77972;5.17077;1.41533;1.70328;-0.02581;-0.11459;
4.77972;5.17077;1.41533;1.70328;-0.02581;-0.11459;
5.01897;5.12437;1.42247;1.70547;-0.02394;-0.16164;
5.01897;5.12437;1.42247;1.70547;-0.02394;-0.16164;
5.18937;5.09025;1.39706;1.70129;-0.02376;-0.19508;
4.29640;5.08760;1.12379;1.64942;-0.03985;-0.02098;
4.40271;5.14486;0.94279;1.61449;-0.03994;-0.04015;
