3.78129;5.15612;1.10629;1.64615;-0.06420;0.07534;
4.51951;5.11695;1.24939;1.67339;-0.04384;-0.06601;
4.94928;5.14777;1.09010;1.64228;-0.04275;-0.14593;
4.94928;5.14777;1.09010;1.64228;-0.04275;-0.14593;
4.76545;5.24655;1.00600;1.62516;-0.04189;-0.10928;
5.06399;5.21151;0.97211;1.61889;-0.04181;-0.16604;
5.21201;5.19414;0.95531;1.61578;-0.04177;-0.19418;
4.71878;5.26945;0.52513;1.53488;-0.04446;-0.09685;
4.55115;5.15843;1.16026;1.65770;-0.03942;-0.06954;
4.90099;5.11810;1.27610;1.67911;-0.03156;-0.13780;
5.13120;5.14783;1.10603;1.64564;-0.03669;-0.18018;
4.75563;5.09813;1.44827;1.71262;-0.03557;-0.11085;
4.13024;5.13399;1.22858;1.67010;-0.05419;0.00880;
3.80677;5.15569;0.63601;1.55648;-0.05128;0.07627;
4.51974;5.15406;0.66214;1.56119;-0.05133;-0.06062;
4.66187;5.16178;1.08749;1.64144;-0.03680;-0.08955;
4.95588;5.11977;1.24003;1.67105;-0.03026;-0.14772;
3.69583;5.14721;0.75512;1.57876;-0.05476;0.09639;
4.47692;5.11254;1.07524;1.63997;-0.03916;-0.05553;
4.61465;5.09921;1.29622;1.68324;-0.03799;-0.08412;
4.98923;5.13846;1.11600;1.64769;-0.03987;-0.15356;
4.89345;5.15399;1.30894;1.68366;-0.03124;-0.13539;
4.63775;5.10118;1.54888;1.73147;-0.03287;-0.08865;
4.94393;5.08972;1.46878;1.71568;-0.02831;-0.14727;
5.09573;5.08404;1.42907;1.70785;-0.02605;-0.17634;
4.29269;5.09361;1.14698;1.65396;-0.03998;-0.01960;
3.88662;5.13585;0.59590;1.54854;-0.04429;0.06231;
4.56000;5.14485;0.61659;1.55236;-0.04878;-0.06740;
4.03639;5.16697;0.67334;1.56324;-0.05733;0.03161;
4.64595;5.12233;1.03479;1.63229;-0.04043;-0.08768;
5.01088;5.15040;0.98556;1.62226;-0.04110;-0.15649;
4.69331;5.09897;1.39196;1.70169;-0.03772;-0.09862;
4.97147;5.08862;1.39098;1.70092;-0.03072;-0.15222;
5.10938;5.08349;1.39049;1.70053;-0.02724;-0.17879;
4.95302;5.12673;1.44504;1.70986;-0.02498;-0.14790;
5.10024;5.10239;1.41729;1.70497;-0.02440;-0.17665;
4.92369;5.09418;1.46582;1.71547;-0.03067;-0.14417;
4.75430;5.21915;1.19298;1.66159;-0.03590;-0.10872;
5.05847;5.19793;1.06482;1.63695;-0.03884;-0.16576;
5.15252;5.13769;1.22878;1.66882;-0.03127;-0.18550;
5.25590;5.15754;1.08257;1.64054;-0.03654;-0.20383;
5.00086;5.12152;1.29986;1.68352;-0.03669;-0.15764;
4.89922;5.14559;1.40010;1.70142;-0.02967;-0.13741;
4.20265;5.16742;1.07175;1.63904;-0.04784;-0.00282;
3.84236;5.17213;0.55892;1.54121;-0.04816;0.07056;
4.32483;5.17068;1.03274;1.63086;-0.03535;-0.02427;
3.74674;5.15602;0.76435;1.58011;-0.04802;0.08763;
3.93773;5.05475;1.41960;1.70846;-0.04034;0.04737;
4.59686;5.06670;1.40468;1.70427;-0.03201;-0.07983;
4.92365;5.07262;1.39729;1.70220;-0.02789;-0.14290;
4.21497;5.12892;1.10311;1.64570;-0.04779;-0.00601;
4.77625;5.16168;0.80302;1.58819;-0.05403;-0.10993;
4.77625;5.16168;0.80302;1.58819;-0.05403;-0.10993;
4.78796;5.16553;1.15695;1.65476;-0.03812;-0.11379;
4.14674;5.17505;0.99373;1.62404;-0.05324;0.00848;
4.47873;5.17210;1.25063;1.67237;-0.03773;-0.05563;
4.87169;5.12407;1.32211;1.68662;-0.03060;-0.13219;
5.06151;5.10087;1.35664;1.69350;-0.02716;-0.16917;
4.90448;5.09343;1.43574;1.70978;-0.03204;-0.14046;
5.07617;5.08587;1.41269;1.70493;-0.02790;-0.17296;
4.28283;5.09753;1.08958;1.64295;-0.03956;-0.01739;
4.81077;5.14547;0.76452;1.58084;-0.05115;-0.11535;
5.08654;5.16140;0.85241;1.59692;-0.04640;-0.16906;
4.93922;5.16543;1.18382;1.65954;-0.03428;-0.14263;
5.15194;5.17134;1.05923;1.63573;-0.03806;-0.18291;
4.76591;5.10979;1.42507;1.70771;-0.03625;-0.11221;
4.62267;5.08876;1.36077;1.69497;-0.04252;-0.08640;
4.62267;5.08876;1.36077;1.69497;-0.04252;-0.08640;
4.06320;5.12331;1.23929;1.67176;-0.05907;0.02035;
4.69903;5.15882;0.86866;1.60076;-0.05992;-0.09647;
4.60789;5.11272;1.10180;1.64516;-0.04408;-0.08102;
3.89964;5.11525;1.04842;1.63506;-0.06141;0.05377;
4.58455;5.09651;1.22233;1.66820;-0.04228;-0.07792;
4.92354;5.08724;1.30840;1.68460;-0.03281;-0.14311;
5.08981;5.08269;1.35061;1.69265;-0.02816;-0.17508;
5.08981;5.08269;1.35061;1.69265;-0.02816;-0.17508;
4.98244;5.12527;1.43520;1.70784;-0.02434;-0.15358;
4.78343;5.23456;1.17780;1.65781;-0.03277;-0.11339;
4.13334;5.20538;0.61581;1.55134;-0.04068;0.01513;
4.74022;5.20052;0.56778;1.54257;-0.04995;-0.10037;
4.74022;5.20052;0.56778;1.54257;-0.04995;-0.10037;
3.97169;5.05405;0.07258;1.44555;-0.04345;0.05476;
3.73088;5.11588;0.06785;1.44610;-0.04598;0.09849;
4.53727;5.15530;0.25858;1.48332;-0.05399;-0.05795;
4.00683;5.16617;0.15923;1.46467;-0.05118;0.04346;
4.63112;5.12194;0.77980;1.58340;-0.03739;-0.08177;
4.84456;5.09300;1.30229;1.68438;-0.03372;-0.12791;
4.84456;5.09300;1.30229;1.68438;-0.03372;-0.12791;
4.08233;4.96086;1.26699;1.67804;-0.03753;0.02420;
3.79072;5.05441;1.22688;1.66995;-0.05742;0.07560;
4.18224;5.20393;0.88560;1.60386;-0.05198;0.00375;
4.28517;5.12592;1.33911;1.69193;-0.04315;-0.01966;
4.54880;5.14814;1.42094;1.70582;-0.03269;-0.06985;
4.90280;5.11270;1.40521;1.70294;-0.02818;-0.13853;
4.82580;5.09929;1.45983;1.71446;-0.03255;-0.12527;
4.82580;5.09929;1.45983;1.71446;-0.03255;-0.12527;
3.82416;5.16051;0.57676;1.54502;-0.04895;0.07353;
3.82416;5.16051;0.57676;1.54502;-0.04895;0.07353;
3.91139;5.20348;0.51200;1.53214;-0.04642;0.05745;
4.63779;5.07784;1.34594;1.69312;-0.03159;-0.08736;
3.91622;5.05793;1.18658;1.66241;-0.04789;0.05264;
4.59187;5.06836;1.29002;1.68160;-0.03566;-0.07832;
4.97793;5.12317;1.11293;1.64687;-0.03872;-0.15069;
4.86305;5.10448;1.31491;1.68667;-0.03777;-0.13129;
4.55508;5.12797;1.27293;1.67856;-0.04109;-0.07175;
4.40641;5.20220;0.84273;1.59603;-0.04981;-0.03977;
4.40641;5.20220;0.84273;1.59603;-0.04981;-0.03977;
5.04250;5.10833;1.25786;1.67501;-0.03010;-0.16504;
5.14547;5.09314;1.32506;1.68780;-0.02691;-0.18532;
5.19565;5.08573;1.35781;1.69403;-0.02536;-0.19520;
5.22053;5.08206;1.37405;1.69712;-0.02458;-0.20010;
5.23287;5.08024;1.38210;1.69865;-0.02420;-0.20253;
4.21435;5.10450;1.12200;1.64902;-0.04887;-0.00642;
4.10542;5.12126;1.34920;1.69250;-0.05026;0.01249;
4.68000;5.09967;1.36978;1.69636;-0.03693;-0.09713;
4.96487;5.08897;1.37998;1.69827;-0.03032;-0.15148;
4.23576;5.13356;1.14675;1.65376;-0.05035;-0.01103;
4.31232;5.09069;1.47119;1.71718;-0.04227;-0.02712;
4.78258;5.08452;1.43026;1.70860;-0.03297;-0.11677;
5.07249;5.13118;1.18246;1.66026;-0.03739;-0.16975;
4.93473;5.15037;1.34189;1.68989;-0.03001;-0.14342;
4.86642;5.15989;1.42094;1.70458;-0.02635;-0.13036;
5.05730;5.11883;1.40535;1.70235;-0.02508;-0.16795;
5.20869;5.14819;1.17011;1.65716;-0.03347;-0.19513;
4.35871;5.16500;1.01982;1.62899;-0.05140;-0.03276;
4.79408;5.16023;0.80201;1.58753;-0.05351;-0.11429;
5.02150;5.11898;1.09857;1.64433;-0.03854;-0.16000;
5.13611;5.09820;1.24803;1.67296;-0.03099;-0.18303;
5.19148;5.08815;1.32023;1.68679;-0.02735;-0.19416;
4.96892;5.08712;1.41769;1.70645;-0.03213;-0.15285;
5.10812;5.08275;1.40374;1.70328;-0.02794;-0.17910;
5.17713;5.08058;1.39682;1.70170;-0.02587;-0.19212;
4.34280;5.13384;1.08649;1.64232;-0.04635;-0.03062;
4.36493;5.09083;1.44157;1.71155;-0.04031;-0.03675;
4.86542;5.13431;1.18806;1.66172;-0.04102;-0.13008;
5.11356;5.15586;1.06238;1.63702;-0.04138;-0.17635;
5.17983;5.11683;1.22757;1.66885;-0.03253;-0.19075;
5.21269;5.09748;1.30948;1.68463;-0.02814;-0.19790;
5.28573;5.13760;1.12257;1.64838;-0.03499;-0.20997;
5.26520;5.10778;1.25742;1.67448;-0.02936;-0.20743;
5.25501;5.09299;1.32427;1.68743;-0.02657;-0.20616;
4.05937;5.02934;1.03038;1.63143;-0.04229;0.02785;
3.77435;5.10363;0.54272;1.53826;-0.04540;0.08515;
4.06075;5.07547;1.16969;1.65970;-0.04043;0.02494;
4.09342;5.01481;1.62057;1.74792;-0.03658;0.01629;
4.67405;5.04690;1.50432;1.72384;-0.03015;-0.09524;
3.77132;5.00649;1.11965;1.64948;-0.04406;0.08284;
4.51435;5.04277;1.25597;1.67503;-0.03386;-0.06225;
4.93950;5.11048;1.09604;1.64362;-0.03783;-0.14272;
5.15029;5.14405;1.01675;1.62804;-0.03979;-0.18262;
4.70243;5.21224;0.90124;1.60563;-0.03427;-0.09604;
4.38064;5.23360;0.85963;1.59787;-0.04025;-0.03476;
4.21984;5.24360;0.84966;1.59605;-0.04329;-0.00423;
4.13882;5.25106;0.80150;1.58693;-0.04460;0.01153;
4.09568;5.21006;0.14681;1.46196;-0.04129;0.02499;
4.17809;5.24611;0.21620;1.47526;-0.03557;0.00858;
4.21927;5.26601;0.38949;1.50813;-0.03248;-0.00039;
4.02508;5.07114;1.13436;1.65615;-0.04011;0.03271;
4.14682;5.17808;0.95623;1.61887;-0.03432;0.01030;
4.48503;5.17344;1.23690;1.67098;-0.02833;-0.05596;
4.36969;5.22819;1.00452;1.62578;-0.02860;-0.03266;
4.17368;5.14899;1.26859;1.67786;-0.03290;0.00334;
4.27464;5.06869;1.50541;1.72547;-0.02659;-0.01672;
4.26829;5.17488;1.14351;1.65393;-0.02773;-0.01379;
4.12505;5.12323;1.33528;1.69138;-0.03243;0.01239;
3.77399;5.10103;1.12811;1.65156;-0.04447;0.08098;
3.87998;5.08661;1.32764;1.69020;-0.04074;0.05938;
3.93253;5.07946;1.42657;1.70937;-0.03888;0.04866;
3.95859;5.07592;1.47562;1.71887;-0.03796;0.04335;
4.03307;4.98242;1.74686;1.77486;-0.04254;0.02577;
4.31047;5.08585;1.32570;1.69107;-0.04114;-0.02456;
4.53212;5.08598;1.42040;1.70858;-0.03897;-0.06876;
4.64202;5.08604;1.46736;1.71726;-0.03789;-0.09067;
4.69650;5.08607;1.49064;1.72156;-0.03736;-0.10154;
4.52457;5.03458;1.61363;1.74749;-0.04320;-0.07029;
4.29875;5.04949;1.41883;1.70946;-0.04508;-0.02422;
3.90350;5.00133;0.76150;1.58043;-0.05302;0.06161;
4.40521;5.00268;0.14159;1.45879;-0.05993;-0.03117;
4.18139;5.04915;0.32795;1.49514;-0.05127;0.01002;
4.28664;4.97900;1.04266;1.63718;-0.04221;-0.01652;
4.21170;5.04052;0.94572;1.61697;-0.04290;-0.00165;
4.08489;5.06591;0.83013;1.59360;-0.04363;0.02387;
4.33990;4.91130;1.41358;1.71288;-0.03055;-0.02953;
4.36456;4.91124;1.57793;1.74424;-0.03204;-0.03598;
4.62314;4.87303;1.70729;1.77037;-0.03266;-0.09039;
3.75429;4.92388;1.10677;1.64947;-0.04935;0.08784;
3.87929;4.92837;1.29796;1.68722;-0.04264;0.06248;
3.87929;4.92837;1.29796;1.68722;-0.04264;0.06248;
3.94127;4.93060;1.39276;1.70593;-0.03931;0.04990;
4.10097;5.02723;1.08473;1.64427;-0.04799;0.01932;
4.10810;5.02705;1.00865;1.62897;-0.04503;0.01855;
4.18321;5.03526;0.55882;1.53973;-0.04490;0.00733;
4.13354;4.96198;0.06756;1.44041;-0.04054;0.02150;
4.25305;4.98019;0.28266;1.48354;-0.03421;-0.00405;
4.39284;4.93261;1.15030;1.65819;-0.02806;-0.03690;
3.84273;4.87844;1.14756;1.65871;-0.05460;0.07122;
3.56784;4.84746;1.17417;1.66470;-0.06890;0.12478;
3.97474;4.85130;1.43422;1.71648;-0.04415;0.04381;
4.67647;4.86092;1.16435;1.66113;-0.02709;-0.09514;
4.39900;4.83739;0.35122;1.49594;-0.03879;-0.03151;
4.78377;4.85773;0.42834;1.51263;-0.04687;-0.11146;
4.52266;4.92308;0.60670;1.54859;-0.03687;-0.06021;
4.39338;4.95543;0.69501;1.56639;-0.03192;-0.03484;
4.39338;4.95543;0.69501;1.56639;-0.03192;-0.03484;
4.35397;4.84826;1.19387;1.67049;-0.02434;-0.02903;
3.99428;4.78552;1.26952;1.68665;-0.02971;0.04484;
3.99428;4.78552;1.26952;1.68665;-0.02971;0.04484;
3.77562;4.80786;1.05255;1.64178;-0.04031;0.08946;
3.82785;4.72274;1.39819;1.71564;-0.04267;0.07645;
3.90417;4.84125;0.60376;1.55024;-0.03808;0.06567;
3.90417;4.84125;0.60376;1.55024;-0.03808;0.06567;
4.12896;4.80977;1.15417;1.66283;-0.03574;0.01534;
4.07360;4.80529;1.30188;1.69299;-0.03532;0.02597;
3.81677;4.77903;1.11287;1.65440;-0.03720;0.08108;
4.07738;4.71649;1.15030;1.66400;-0.04300;0.02752;
4.07738;4.71649;1.15030;1.66400;-0.04300;0.02752;
3.81865;4.73500;1.03772;1.64003;-0.04101;0.08185;
3.76445;4.69842;1.25913;1.68711;-0.04650;0.09145;
4.05887;4.67673;1.45170;1.72810;-0.03947;0.02887;
4.16423;4.76218;1.10639;1.65522;-0.04652;0.00890;
4.27918;4.70903;1.37534;1.71198;-0.03892;-0.01666;
4.59902;4.74965;1.31945;1.69816;-0.02938;-0.08159;
4.31472;4.71234;1.36659;1.70909;-0.03170;-0.02237;
4.34645;4.65909;1.48348;1.73529;-0.02510;-0.02893;
4.36287;4.62437;1.56328;1.75317;-0.02165;-0.03226;
4.53678;4.65695;1.48121;1.73482;-0.02777;-0.07014;
4.40433;4.71896;1.12146;1.65843;-0.03463;-0.04035;
4.33582;4.74743;0.61998;1.55296;-0.03867;-0.02216;
4.33582;4.74743;0.61998;1.55296;-0.03867;-0.02216;
4.49780;4.77056;0.74980;1.57936;-0.03800;-0.05717;
4.52471;4.77190;0.82144;1.59420;-0.03718;-0.06339;
4.08055;4.70860;0.47309;1.52092;-0.04048;0.03392;
3.72421;4.66304;0.49139;1.52531;-0.04745;0.10936;
4.22834;4.68866;0.49853;1.52671;-0.04369;0.00206;
4.39249;4.73165;0.69854;1.56845;-0.03997;-0.03433;
4.47250;4.75261;0.79603;1.58879;-0.03815;-0.05207;
4.63887;4.65430;0.20367;1.46181;-0.04324;-0.08331;
4.00103;4.63612;0.35782;1.49601;-0.04882;0.05123;
3.68245;4.59476;0.42649;1.51096;-0.04451;0.11999;
3.66296;4.62077;0.27727;1.47965;-0.04412;0.12484;
3.66296;4.62077;0.27727;1.47965;-0.04412;0.12484;
4.00230;4.55575;-0.23993;1.36662;-0.04694;0.05954;
4.07969;4.56315;-0.30296;1.35338;-0.04738;0.04323;
3.72145;4.55858;0.09887;1.44025;-0.04380;0.11602;
3.94045;4.56455;-0.13498;1.38988;-0.04583;0.07124;
4.04903;4.56751;-0.25093;1.36491;-0.04683;0.04903;
3.86662;4.49867;0.50245;1.52962;-0.04622;0.08318;
4.21061;4.57459;0.69362;1.56964;-0.04073;0.00628;
3.94033;4.55196;0.41653;1.50930;-0.04169;0.06735;
3.94033;4.55196;0.41653;1.50930;-0.04169;0.06735;
3.85990;4.52884;0.07144;1.43421;-0.04437;0.08854;
3.91393;4.52640;0.34580;1.49381;-0.03477;0.07396;
3.91393;4.52640;0.34580;1.49381;-0.03477;0.07396;
4.21824;4.53772;0.85666;1.60663;-0.04150;0.00216;
4.51401;4.45226;1.25126;1.69500;-0.03551;-0.06734;
4.43232;4.43904;1.40609;1.72912;-0.03313;-0.04949;
4.01737;4.44519;1.12907;1.66780;-0.04125;0.04458;
4.23539;4.48889;1.02184;1.64349;-0.03768;-0.00259;
4.50703;4.49099;1.02731;1.64415;-0.02450;-0.06147;
4.64892;4.46774;0.33469;1.49110;-0.03594;-0.08774;
4.95335;4.45974;0.23768;1.47020;-0.04599;-0.15427;
5.10040;4.45588;0.19082;1.46011;-0.05085;-0.18641;
4.74591;4.38789;0.86060;1.61107;-0.03971;-0.11344;
4.44202;4.42921;0.82199;1.60106;-0.03962;-0.04601;
4.30167;4.44348;0.23491;1.47011;-0.04326;-0.00948;
4.21657;4.42738;-0.02530;1.41077;-0.03813;0.01107;
4.51651;4.44145;0.13185;1.44602;-0.04689;-0.05704;
4.32145;4.42624;-0.07816;1.39842;-0.03987;-0.01213;
4.00970;4.42255;0.04063;1.42505;-0.04077;0.05689;
4.34500;4.38557;0.67855;1.56894;-0.03588;-0.02422;
4.34913;4.35238;1.10323;1.66512;-0.03288;-0.02803;
4.51329;4.35078;1.20538;1.68796;-0.03196;-0.06632;
4.29311;4.34362;1.26311;1.70084;-0.03160;-0.01606;
4.32324;4.33158;1.39330;1.73029;-0.03077;-0.02395;
4.19888;4.33410;1.35628;1.72183;-0.03101;0.00495;
4.13123;4.33131;1.33500;1.71800;-0.04936;0.01742;
4.66080;4.34750;1.06092;1.65464;-0.03622;-0.09894;
4.07985;4.31609;0.92660;1.62411;-0.03644;0.03563;
4.12758;4.36454;0.85224;1.60726;-0.04329;0.02448;
4.24477;4.37403;0.73896;1.58166;-0.04555;-0.00130;
4.26285;4.39578;0.80530;1.59628;-0.04205;-0.00600;
4.31412;4.38593;0.51209;1.52972;-0.04612;-0.01465;
4.34048;4.38085;0.36101;1.49543;-0.04822;-0.01909;
4.56571;4.36653;0.53504;1.53507;-0.03921;-0.07223;
4.16664;4.32429;0.54568;1.53729;-0.03285;0.01986;
4.10579;4.30549;0.91387;1.62225;-0.03835;0.02979;
4.23415;4.26044;1.20932;1.69151;-0.03364;-0.00164;
4.29682;4.23844;1.35359;1.72533;-0.03134;-0.01699;
4.48788;4.24268;1.31483;1.71621;-0.03081;-0.06140;
4.41862;4.22997;1.40387;1.73710;-0.02999;-0.04567;
4.24778;4.23213;1.34626;1.72380;-0.03024;-0.00496;
4.20293;4.26798;1.10039;1.66650;-0.03325;0.00697;
3.92570;4.25434;0.96343;1.63488;-0.04031;0.07214;
4.04543;4.27824;0.91668;1.62383;-0.03815;0.04465;
4.13271;4.29567;0.88259;1.61578;-0.03657;0.02461;
4.13271;4.29567;0.88259;1.61578;-0.03657;0.02461;
3.92289;4.24697;0.87449;1.61442;-0.03548;0.07477;
4.18990;4.18466;0.20718;1.45661;-0.04045;0.01832;
4.28123;4.18018;0.83111;1.60491;-0.04041;-0.00958;
4.78239;4.14771;0.19798;1.45534;-0.04134;-0.12267;
4.77303;4.17222;0.41273;1.50714;-0.04789;-0.12254;
4.77303;4.17222;0.41273;1.50714;-0.04789;-0.12254;
4.63187;4.14673;-0.02599;1.40255;-0.04721;-0.08428;
4.50337;4.16405;0.26037;1.47107;-0.04666;-0.05644;
4.24836;4.19145;0.71415;1.57871;-0.03799;-0.00000;
4.24836;4.19145;0.71415;1.57871;-0.03799;-0.00000;
4.41300;4.12522;1.20036;1.69630;-0.03653;-0.04412;
4.24027;4.10843;1.21092;1.69930;-0.03909;-0.00249;
4.24027;4.10843;1.21092;1.69930;-0.03909;-0.00249;
3.67875;3.91027;1.21766;1.70550;-0.03957;0.14364;
3.67875;3.91027;1.21766;1.70550;-0.03957;0.14364;
4.74123;3.96840;0.64457;1.56363;-0.04562;-0.12008;
4.61680;3.99935;0.10851;1.43250;-0.04568;-0.08374;
4.40853;4.02775;-0.05928;1.39157;-0.04433;-0.03075;
4.06585;4.04124;0.09461;1.42884;-0.03547;0.05105;
4.18052;4.10753;0.41762;1.50736;-0.04079;0.01969;
4.23348;4.11253;0.30378;1.47990;-0.03887;0.00791;
4.38102;4.12091;0.39613;1.50222;-0.03771;-0.02847;
4.76403;4.08556;0.29017;1.47669;-0.04438;-0.12057;
4.76403;4.08556;0.29017;1.47669;-0.04438;-0.12057;
4.70595;4.10211;0.34977;1.49116;-0.04622;-0.10675;
4.67693;4.10912;0.50749;1.52935;-0.04422;-0.10123;
4.84331;4.05308;0.82587;1.60722;-0.03642;-0.14571;
4.29053;4.03196;0.83645;1.60977;-0.03459;-0.00940;
4.45866;3.93324;0.11949;1.42932;-0.04565;-0.04357;
4.90041;4.00059;0.45642;1.51532;-0.04381;-0.15564;
4.53268;4.00965;0.13725;1.43710;-0.03710;-0.06323;
4.43167;4.04163;0.26491;1.46898;-0.04121;-0.03947;
4.58325;3.99763;0.02026;1.40775;-0.04189;-0.07520;
4.55490;4.01598;0.19042;1.45014;-0.03985;-0.06962;
4.55430;3.93270;0.87949;1.62413;-0.03739;-0.07712;
4.83006;3.94154;0.90459;1.62854;-0.02435;-0.14445;
4.46544;3.91894;0.21307;1.45507;-0.03494;-0.04565;
4.32502;3.92362;0.02821;1.40856;-0.04357;-0.00822;
4.25539;3.92593;-0.06344;1.38551;-0.04786;0.01034;
4.50988;3.92027;-0.11892;1.37147;-0.05064;-0.05379;
4.63606;3.91746;-0.14643;1.36450;-0.05202;-0.08559;
4.46820;3.95322;0.09568;1.42567;-0.04838;-0.04630;
4.38432;3.97004;0.19356;1.45044;-0.04660;-0.02641;
4.34206;3.98031;0.28811;1.47427;-0.04562;-0.01689;
4.48238;3.95944;0.45858;1.51721;-0.04327;-0.05415;
4.44272;3.90784;0.91434;1.63327;-0.03415;-0.04750;
4.71361;3.86683;1.00875;1.65774;-0.03067;-0.11864;
4.39674;3.84786;1.08431;1.67790;-0.03491;-0.03791;
4.57696;3.81299;1.24366;1.71937;-0.02418;-0.08496;
4.55177;3.87491;1.02966;1.66352;-0.02682;-0.07656;
4.09975;3.85021;0.90093;1.63105;-0.04109;0.03992;
4.10049;3.84009;1.02955;1.66460;-0.03991;0.03836;
4.10420;3.82801;1.11982;1.68826;-0.03925;0.03670;
4.10420;3.82801;1.11982;1.68826;-0.03925;0.03670;
4.15911;3.80365;1.15380;1.69800;-0.03591;0.02277;
4.35874;3.80313;1.15770;1.69918;-0.03208;-0.02896;
4.54036;3.69609;0.25703;1.46010;-0.04902;-0.06623;
4.74285;3.74673;0.13377;1.43122;-0.06301;-0.11644;
4.54877;3.76115;0.74486;1.59117;-0.04407;-0.07244;
4.18928;3.74505;0.92188;1.63890;-0.04666;0.01880;
4.40847;3.77190;1.04242;1.66966;-0.03662;-0.03995;
4.39327;3.75701;1.17207;1.70452;-0.03618;-0.03799;
4.10737;3.75718;0.99095;1.65716;-0.04414;0.03849;
4.24398;3.74971;1.14655;1.69832;-0.03991;0.00090;
4.44919;3.75661;1.13080;1.69410;-0.03845;-0.05327;
4.37572;3.78720;0.91876;1.63812;-0.04023;-0.03174;
4.33930;3.80237;0.81364;1.61037;-0.04112;-0.02106;
4.32124;3.80989;0.76151;1.59660;-0.04156;-0.01577;
4.31229;3.81362;0.73567;1.58978;-0.04177;-0.01314;
3.99865;3.74567;0.62593;1.56094;-0.04251;0.07259;
4.25995;3.70529;0.17249;1.43939;-0.04774;0.00851;
4.39056;3.73756;0.49469;1.52517;-0.03779;-0.02967;
4.45531;3.75355;0.65443;1.56770;-0.03286;-0.04860;
4.59467;3.71380;0.26768;1.46448;-0.04168;-0.08216;
4.45623;3.64673;-0.09390;1.36543;-0.04226;-0.04102;
4.59512;3.66084;-0.10334;1.36419;-0.04633;-0.07840;
4.60564;3.71725;0.21298;1.44965;-0.04387;-0.08458;
4.54614;3.66958;-0.04005;1.38070;-0.04278;-0.06663;
4.47683;3.68858;0.20735;1.44780;-0.03738;-0.05081;
4.23388;3.56557;0.85559;1.62866;-0.03911;0.01047;
4.21646;3.62396;0.83561;1.62060;-0.03495;0.01442;
4.29908;3.60842;1.04565;1.67779;-0.03457;-0.01078;
4.34005;3.60071;1.14978;1.70614;-0.03438;-0.02328;
4.36036;3.59689;1.20141;1.72020;-0.03429;-0.02948;
4.65656;3.61005;0.97817;1.65835;-0.03152;-0.10816;
4.38994;3.60498;1.03845;1.67509;-0.03398;-0.03556;
4.34889;3.63360;0.86952;1.62862;-0.03714;-0.02292;
4.36474;3.61319;1.06246;1.68176;-0.03566;-0.02930;
4.33639;3.63767;0.88143;1.63192;-0.03798;-0.01981;
4.32234;3.64980;0.79168;1.60721;-0.03913;-0.01511;
4.31537;3.65582;0.74718;1.59496;-0.03970;-0.01278;
4.49898;3.63304;0.72553;1.58895;-0.02685;-0.06247;
4.40225;3.64764;0.71337;1.58591;-0.03367;-0.03606;
4.45926;3.63234;0.75571;1.59785;-0.03017;-0.05199;
4.45926;3.63234;0.75571;1.59785;-0.03017;-0.05199;
4.40048;3.54987;1.11313;1.69912;-0.03262;-0.03964;
4.39082;3.53632;1.17187;1.71577;-0.03302;-0.03762;
4.24122;3.48709;1.23478;1.73562;-0.03719;0.00401;
4.47645;3.48605;1.27074;1.74453;-0.01948;-0.05986;
4.43819;3.48358;1.25425;1.74109;-0.03091;-0.05147;
4.22309;3.43234;1.35482;1.77159;-0.03540;0.00903;
3.99346;3.43364;1.16753;1.71879;-0.04692;0.07537;
4.38793;3.45804;0.96249;1.65960;-0.02799;-0.03407;
4.65402;3.47072;0.85268;1.62801;-0.02780;-0.10867;
4.39183;3.46593;0.96070;1.65922;-0.03141;-0.03517;
4.35118;3.49263;0.82477;1.62038;-0.03510;-0.02266;
4.33137;3.50564;0.75852;1.60145;-0.03689;-0.01656;
4.32155;3.51209;0.72568;1.59206;-0.03778;-0.01354;
4.51333;3.50717;0.71071;1.58744;-0.03004;-0.06756;
4.41090;3.51290;0.70190;1.58510;-0.03442;-0.03858;
4.36087;3.51568;0.69848;1.58393;-0.03656;-0.02443;
4.33607;3.51706;0.69679;1.58334;-0.03762;-0.01742;
4.46463;3.47613;0.88589;1.63794;-0.03073;-0.05561;
4.52838;3.45584;0.97965;1.66500;-0.02732;-0.07455;
4.32251;3.43633;1.03102;1.68038;-0.03608;-0.01671;
4.61330;3.42703;0.88324;1.63758;-0.03156;-0.09912;
4.64747;3.39162;1.06526;1.69154;-0.03146;-0.11178;
4.48107;3.42244;0.87872;1.63654;-0.02502;-0.06070;
4.32992;3.39061;0.97450;1.66560;-0.03385;-0.01785;
4.25945;3.38182;0.97722;1.66704;-0.04225;0.00201;
4.30999;3.36561;1.09121;1.70066;-0.04191;-0.01437;
4.34690;3.34659;1.13105;1.71302;-0.03661;-0.02480;
4.25092;3.33968;1.08242;1.69883;-0.03505;0.00485;
4.20334;3.33626;1.05831;1.69180;-0.03428;0.01955;
4.17975;3.33456;1.04635;1.68831;-0.03390;0.02683;
4.28233;3.33120;1.10881;1.70689;-0.03264;-0.00437;
4.29920;3.35873;0.89816;1.64420;-0.03493;-0.00741;
4.30756;3.37239;0.79372;1.61312;-0.03606;-0.00892;
4.62513;3.34174;0.73942;1.59692;-0.02675;-0.10274;
4.45098;3.34607;0.69569;1.58423;-0.03214;-0.05046;
4.41226;3.38654;0.60201;1.55646;-0.03774;-0.03817;
4.32485;3.33477;0.29657;1.46468;-0.04107;-0.00777;
4.24381;3.32406;0.39551;1.49429;-0.03410;0.01525;
4.27244;3.33623;0.33067;1.47560;-0.04170;0.00733;
4.31903;3.31774;0.37964;1.48976;-0.03457;-0.00734;
4.29906;3.28253;0.17461;1.42729;-0.04438;0.00260;
4.26201;3.28199;0.22709;1.44301;-0.03447;0.01222;
4.42054;3.26572;0.63457;1.56680;-0.02841;-0.04002;
4.65545;3.24723;0.64183;1.56916;-0.02805;-0.11251;
4.16296;3.16821;0.63528;1.56850;-0.04087;0.04198;
4.28099;3.14268;1.01104;1.68631;-0.03792;-0.00093;
4.28099;3.14268;1.01104;1.68631;-0.03792;-0.00093;
4.19977;3.19506;0.82643;1.62841;-0.03769;0.02523;
4.64927;3.16477;0.85854;1.63748;-0.01742;-0.11361;
4.58595;3.18280;0.56643;1.54715;-0.03347;-0.09068;
4.46422;3.21274;0.71299;1.59215;-0.03368;-0.05499;
4.33101;3.19721;0.87500;1.64275;-0.02775;-0.01444;
4.32352;3.22925;0.77549;1.61222;-0.04107;-0.01242;
4.31987;3.24487;0.72698;1.59735;-0.04757;-0.01144;
4.29604;3.16344;0.99643;1.68381;-0.04174;-0.00648;
4.32097;3.17401;0.92261;1.65992;-0.03745;-0.01326;
4.58440;3.17482;0.81891;1.62704;-0.04019;-0.09488;
4.38531;3.16393;0.79487;1.62000;-0.04390;-0.03221;
4.30654;3.15106;0.88031;1.64738;-0.04687;-0.00919;
4.30654;3.15106;0.88031;1.64738;-0.04687;-0.00919;
4.52465;3.13430;0.54204;1.53991;-0.04130;-0.07405;
4.44783;3.13075;0.49171;1.52348;-0.03369;-0.04858;
4.44783;3.13075;0.49171;1.52348;-0.03369;-0.04858;
4.41979;3.14393;0.57805;1.55099;-0.03698;-0.04030;
4.41979;3.14393;0.57805;1.55099;-0.03698;-0.04030;
4.49178;3.11265;0.78923;1.61873;-0.02891;-0.06503;
4.37732;3.09483;0.89755;1.65379;-0.03311;-0.03011;
4.29266;3.08315;0.95081;1.67099;-0.03589;-0.00380;
4.12841;3.09645;0.76545;1.61121;-0.04329;0.05063;
4.12841;3.09645;0.76545;1.61121;-0.04329;0.05063;
4.16996;3.08405;0.88486;1.64973;-0.04092;0.03600;
4.28188;3.01390;1.09185;1.72004;-0.03281;-0.00126;
4.39321;3.00026;1.15798;1.74142;-0.02515;-0.03720;
4.47473;3.01588;1.06728;1.71100;-0.02299;-0.06266;
4.39833;3.05545;0.87015;1.64605;-0.02851;-0.03630;
4.49259;3.03099;0.92858;1.66562;-0.02366;-0.06714;
4.48917;3.04651;0.84206;1.63690;-0.02291;-0.06503;
4.28441;3.02169;0.56514;1.54564;-0.01752;0.00460;
4.30546;3.03200;0.61978;1.56422;-0.02557;-0.00300;
4.35671;2.99813;0.85410;1.64306;-0.03033;-0.02305;
4.18098;2.97086;0.87051;1.64909;-0.03417;0.03594;
4.28500;2.95893;0.96490;1.68103;-0.03075;0.00050;
4.33658;2.95301;1.01170;1.69686;-0.02906;-0.01707;
4.49403;2.95066;0.98760;1.68850;-0.01766;-0.06821;
4.43976;2.94890;1.02325;1.70067;-0.02261;-0.05099;
4.38286;2.97030;0.84454;1.64090;-0.02774;-0.03051;
4.60681;2.96534;0.76945;1.61560;-0.02467;-0.10476;
4.60681;2.96534;0.76945;1.61560;-0.02467;-0.10476;
4.41318;2.94323;0.87043;1.65067;-0.03070;-0.04120;
4.36968;2.96749;0.76877;1.61612;-0.03175;-0.02565;
4.28443;2.93462;0.85326;1.64549;-0.03033;0.00284;
4.20874;2.89849;0.97485;1.68779;-0.02860;0.02825;
4.19498;2.92293;0.73108;1.60464;-0.03461;0.03436;
4.19498;2.92293;0.73108;1.60464;-0.03461;0.03436;
4.22177;2.88685;0.90168;1.66429;-0.03556;0.02329;
4.30854;2.84696;1.07127;1.72424;-0.02937;-0.00772;
4.27663;2.87500;0.90832;1.66750;-0.03497;0.00453;
4.30302;2.88510;0.78393;1.62441;-0.03333;-0.00302;
4.31610;2.89010;0.72225;1.60305;-0.03252;-0.00676;
4.31610;2.89010;0.72225;1.60305;-0.03252;-0.00676;
4.37861;2.88005;0.74469;1.61107;-0.02882;-0.02832;
4.35358;2.88759;0.70279;1.59644;-0.03028;-0.01931;
4.58509;2.86753;0.67283;1.58614;-0.03093;-0.09966;
4.26749;2.84192;0.65767;1.58116;-0.03471;0.01184;
4.27257;2.84432;0.64979;1.57863;-0.03767;0.00971;
4.23857;2.81519;0.29695;1.45406;-0.03923;0.02695;
4.28534;2.83259;0.48292;1.51964;-0.03511;0.00778;
4.44041;2.82471;0.40933;1.49386;-0.03988;-0.04601;
4.68282;2.77239;0.64226;1.57698;-0.02907;-0.13628;
4.49717;2.78410;0.35952;1.47648;-0.03824;-0.06547;
4.28174;2.76271;0.61539;1.56818;-0.04039;0.00824;
4.08654;2.75018;0.69466;1.59627;-0.04285;0.07700;
4.32699;2.76411;0.79025;1.63018;-0.04252;-0.01126;
4.33914;2.77572;0.79822;1.63235;-0.03562;-0.01512;
4.27789;2.75074;0.84868;1.65114;-0.03130;0.00738;
4.34420;2.74493;0.93527;1.68247;-0.03162;-0.01802;
4.36694;2.73472;0.96530;1.69367;-0.02830;-0.02615;
4.46575;2.73599;0.92051;1.67742;-0.02724;-0.06153;
4.39859;2.74886;0.78782;1.62918;-0.02875;-0.03571;
4.40413;2.72331;0.89940;1.67080;-0.03007;-0.03943;
4.20871;2.70108;0.80520;1.63687;-0.03390;0.03390;
4.28853;2.69898;0.90875;1.67479;-0.03336;0.00288;
4.26748;2.70048;0.91455;1.67697;-0.03344;0.01050;
4.25704;2.70122;0.91742;1.67805;-0.03348;0.01428;
4.32380;2.69262;0.95087;1.69066;-0.02901;-0.01013;
4.32713;2.70552;0.80078;1.63578;-0.03702;-0.01026;
4.27535;2.68918;0.86959;1.66180;-0.03920;0.00766;
4.26279;2.67543;0.89062;1.67016;-0.03605;0.01260;
4.16679;2.65452;0.88011;1.66682;-0.03501;0.04935;
4.12275;2.65279;0.79553;1.63538;-0.03567;0.06689;
4.33232;2.65477;0.72129;1.60781;-0.03031;-0.01045;
4.55406;2.64750;0.67197;1.58927;-0.02984;-0.09322;
4.44141;2.65164;0.66257;1.58635;-0.03694;-0.05102;
4.32193;2.63955;0.61333;1.56773;-0.03382;-0.00491;
4.59742;2.61520;0.53358;1.53777;-0.03688;-0.10888;
4.48403;2.61880;0.57132;1.55224;-0.03585;-0.06601;
4.43656;2.59371;0.76514;1.62701;-0.02953;-0.04970;
4.41306;2.58129;0.86111;1.66403;-0.02640;-0.04162;
4.35433;2.57294;0.90544;1.68167;-0.03199;-0.02049;
4.34550;2.58753;0.77376;1.63077;-0.03019;-0.01534;
4.35736;2.56575;0.87183;1.66943;-0.03049;-0.02124;
4.37436;2.54947;0.90735;1.68387;-0.02673;-0.02770;
4.43428;2.53109;0.97396;1.71051;-0.02375;-0.05172;
4.41249;2.53228;0.95799;1.70423;-0.02339;-0.04281;
4.35570;2.54061;0.87975;1.67395;-0.03010;-0.02042;
4.56209;2.51659;0.83821;1.65776;-0.01175;-0.09987;
4.48612;2.51332;0.89839;1.68194;-0.02035;-0.07143;
4.49942;2.51728;0.88178;1.67566;-0.02582;-0.07704;
4.38130;2.52520;0.79731;1.64245;-0.03062;-0.02965;
4.42531;2.53292;0.75400;1.62517;-0.03133;-0.04640;
4.36970;2.49261;0.89871;1.68413;-0.02935;-0.02576;
4.39078;2.48404;0.92379;1.69430;-0.02883;-0.03474;
4.32837;2.48110;0.89789;1.68401;-0.02964;-0.00945;
4.28466;2.47276;0.87028;1.67318;-0.02692;0.00900;
4.43051;2.46093;0.91276;1.69051;-0.02440;-0.05040;
4.36767;2.46089;0.91518;1.69171;-0.03004;-0.02581;
4.29311;2.45003;0.88877;1.68160;-0.03077;0.00500;
4.48159;2.45487;0.83503;1.65955;-0.02786;-0.07035;
4.37550;2.45905;0.77239;1.63439;-0.03110;-0.02691;
4.61241;2.41662;0.48100;1.51542;-0.03961;-0.12059;
4.36555;2.42634;0.58869;1.55962;-0.03641;-0.02088;
4.48488;2.43800;0.61830;1.57182;-0.03165;-0.06943;
4.30618;2.42447;0.71402;1.61144;-0.03438;0.00246;
4.51372;2.42350;0.70617;1.60790;-0.02765;-0.08228;
4.44997;2.41044;0.80808;1.65088;-0.03146;-0.05818;
4.28611;2.38352;0.81350;1.65389;-0.03082;0.01083;
4.34944;2.38047;0.86901;1.67712;-0.02892;-0.01648;
4.39309;2.38006;0.89208;1.68665;-0.02722;-0.03510;
4.26226;2.37585;0.78906;1.64387;-0.02984;0.02097;
4.39917;2.37670;0.79558;1.64662;-0.02613;-0.03622;
4.25270;2.35924;0.79615;1.64727;-0.02494;0.02607;
4.31995;2.33327;0.91967;1.70107;-0.02941;-0.00470;
4.31995;2.33327;0.91967;1.70107;-0.02941;-0.00470;
4.31354;2.32358;0.95104;1.71489;-0.03120;-0.00259;
4.26988;2.31504;0.87921;1.68493;-0.03196;0.01733;
4.26988;2.31504;0.87921;1.68493;-0.03196;0.01733;
4.30560;2.33831;0.75712;1.63256;-0.03547;0.00344;
4.24445;2.33333;0.73516;1.62330;-0.03656;0.02998;
4.33275;2.30050;0.84948;1.67361;-0.03083;-0.00883;
4.33275;2.30050;0.84948;1.67361;-0.03083;-0.00883;
4.19129;2.27377;0.81043;1.65842;-0.03633;0.05347;
4.32429;2.29280;0.75261;1.63278;-0.03259;-0.00337;
4.32429;2.29280;0.75261;1.63278;-0.03259;-0.00337;
4.35719;2.28471;0.81505;1.66017;-0.03295;-0.01884;
4.44277;2.28602;0.79947;1.65316;-0.02722;-0.05538;
4.35139;2.25358;0.83756;1.67181;-0.03216;-0.01640;
4.34745;2.26271;0.73344;1.62598;-0.03482;-0.01328;
4.48904;2.25483;0.73833;1.62804;-0.02883;-0.07563;
4.43906;2.23769;0.80074;1.65668;-0.03062;-0.05470;
4.43906;2.23769;0.80074;1.65668;-0.03062;-0.05470;
4.46995;2.23244;0.80841;1.66042;-0.02778;-0.06838;
4.49235;2.21822;0.81187;1.66227;-0.02091;-0.07798;
4.49235;2.21822;0.81187;1.66227;-0.02091;-0.07798;
4.43949;2.20435;0.83206;1.67230;-0.02802;-0.05542;
4.43949;2.20435;0.83206;1.67230;-0.02802;-0.05542;
4.46256;2.19467;0.81566;1.66537;-0.02735;-0.06568;
4.47399;2.18986;0.80753;1.66193;-0.02701;-0.07077;
4.43185;2.17857;0.82857;1.67224;-0.02931;-0.05209;
4.38222;2.15565;0.88508;1.69910;-0.02625;-0.02950;
4.33404;2.15242;0.81050;1.66554;-0.03259;-0.00733;
4.31411;2.15194;0.80943;1.66471;-0.02931;0.00238;
4.33041;2.15720;0.71725;1.62230;-0.03248;-0.00394;
4.33041;2.15720;0.71725;1.62230;-0.03248;-0.00394;
4.36055;2.14942;0.78088;1.65178;-0.03182;-0.01890;
4.32747;2.13721;0.79183;1.65743;-0.03478;-0.00390;
4.23340;2.12447;0.73430;1.63150;-0.03638;0.04153;
4.37380;2.12504;0.74381;1.63570;-0.03412;-0.02453;
4.39332;2.11247;0.79984;1.66214;-0.02874;-0.03387;
4.27324;2.10881;0.71932;1.62430;-0.03186;0.02377;
4.31098;2.09973;0.77525;1.65115;-0.03192;0.00489;
4.35114;2.08382;0.80083;1.66429;-0.03097;-0.01432;
4.31268;2.07530;0.78389;1.65661;-0.03138;0.00473;
4.29362;2.07107;0.77549;1.65280;-0.03159;0.01418;
4.38364;2.06966;0.75137;1.64117;-0.02618;-0.02827;
4.38720;2.05701;0.78648;1.65889;-0.02795;-0.03077;
4.29098;2.05219;0.72424;1.62904;-0.03367;0.01662;
4.29098;2.05219;0.72424;1.62904;-0.03367;0.01662;
4.35065;2.04086;0.75871;1.64648;-0.03405;-0.01302;
4.37081;2.03131;0.78710;1.66079;-0.03165;-0.02318;
4.43943;2.01526;0.81862;1.67683;-0.02751;-0.05717;
4.39399;2.02757;0.71982;1.62809;-0.03056;-0.03343;
4.43311;2.02093;0.74413;1.64016;-0.02752;-0.05271;
4.46803;2.01435;0.73785;1.63741;-0.02881;-0.07029;
4.46890;2.00318;0.75097;1.64434;-0.02651;-0.07076;
4.46890;2.00318;0.75097;1.64434;-0.02651;-0.07076;
4.55846;1.98311;0.71126;1.62503;-0.01909;-0.11478;
4.47331;1.98031;0.75886;1.64925;-0.02394;-0.07309;
4.39129;1.98025;0.69819;1.61933;-0.03264;-0.03159;
4.39129;1.98025;0.69819;1.61933;-0.03264;-0.03159;
4.51907;1.96558;0.70043;1.62083;-0.02541;-0.09605;
4.50911;1.96490;0.71227;1.62712;-0.02745;-0.09135;
4.45063;1.96064;0.64229;1.59187;-0.02947;-0.06066;
4.45063;1.96064;0.64229;1.59187;-0.02947;-0.06066;
4.40037;1.95580;0.62944;1.58581;-0.03080;-0.03495;
4.37587;1.95344;0.62318;1.58286;-0.03144;-0.02241;
4.28856;1.92936;0.68226;1.61408;-0.03313;0.02198;
4.33144;1.91433;0.74547;1.64736;-0.02776;-0.00064;
4.36492;1.90538;0.76412;1.65758;-0.03058;-0.01871;
4.38913;1.89304;0.78341;1.66832;-0.02553;-0.03117;
4.39401;1.87431;0.83685;1.69759;-0.02491;-0.03451;
4.42053;1.86270;0.84449;1.70273;-0.02761;-0.04947;
4.40602;1.85923;0.80987;1.68480;-0.02716;-0.04099;
4.37687;1.85380;0.83357;1.69745;-0.02332;-0.02503;
4.37551;1.84746;0.81362;1.68741;-0.02253;-0.02370;
4.41808;1.84835;0.77510;1.66689;-0.02248;-0.04606;
4.36720;1.84514;0.76226;1.66045;-0.02742;-0.01909;
4.37007;1.83346;0.77607;1.66871;-0.02961;-0.02104;
4.38473;1.81684;0.82429;1.69571;-0.02652;-0.02935;
4.38840;1.81764;0.79574;1.68032;-0.02634;-0.03082;
4.35398;1.81123;0.76925;1.66643;-0.02899;-0.01168;
4.28729;1.80132;0.74545;1.65385;-0.03081;0.02565;
4.41856;1.80194;0.70618;1.63216;-0.02988;-0.04632;
4.40504;1.80112;0.73537;1.64814;-0.02787;-0.03917;
4.43157;1.78347;0.78902;1.67887;-0.02527;-0.05473;
4.48521;1.79002;0.69778;1.62814;-0.02971;-0.08326;
4.49857;1.78238;0.70823;1.63411;-0.02469;-0.09068;
4.42464;1.76139;0.76801;1.66896;-0.02641;-0.05029;
4.41172;1.76210;0.75757;1.66308;-0.02455;-0.04282;
4.36748;1.75706;0.74595;1.65672;-0.02761;-0.01789;
4.33859;1.76147;0.68091;1.62009;-0.03231;-0.00099;
4.36570;1.75464;0.71746;1.64087;-0.02865;-0.01663;
4.40368;1.73263;0.76580;1.67001;-0.02823;-0.03931;
4.41509;1.71982;0.78142;1.67974;-0.02616;-0.04580;
4.42074;1.71347;0.78917;1.68457;-0.02514;-0.04901;
4.37384;1.70784;0.75711;1.66655;-0.02743;-0.02126;
4.38399;1.69900;0.76770;1.67336;-0.02541;-0.02700;
4.40488;1.70703;0.70822;1.63852;-0.02798;-0.03847;
4.44250;1.70623;0.69369;1.63004;-0.02673;-0.06024;
4.43337;1.70245;0.67091;1.61696;-0.02848;-0.05476;
4.36904;1.69120;0.68498;1.62602;-0.03180;-0.01731;
4.45017;1.67051;0.74422;1.66218;-0.02674;-0.06655;
4.39616;1.65525;0.76501;1.67578;-0.02931;-0.03457;
4.35074;1.64749;0.76127;1.67415;-0.03049;-0.00704;
4.37181;1.64984;0.74634;1.66501;-0.02705;-0.01920;
4.37080;1.62631;0.80431;1.70198;-0.02543;-0.01912;
4.33400;1.61759;0.81417;1.70866;-0.02719;0.00301;
4.37270;1.60783;0.81718;1.71167;-0.02562;-0.02069;
4.38221;1.61503;0.77034;1.68302;-0.02898;-0.02620;
4.34613;1.61737;0.72891;1.65768;-0.03138;-0.00346;
4.34562;1.60702;0.75131;1.67227;-0.03112;-0.00353;
4.37905;1.60205;0.74494;1.66878;-0.02852;-0.02375;
4.38600;1.59795;0.73171;1.66084;-0.02562;-0.02738;
4.38896;1.58869;0.72338;1.65664;-0.02854;-0.02936;
4.39125;1.58013;0.73714;1.66602;-0.02945;-0.03131;
4.41352;1.57157;0.75512;1.67793;-0.02727;-0.04563;
4.36135;1.57314;0.70127;1.64405;-0.03022;-0.01170;
4.38669;1.56445;0.71554;1.65371;-0.02768;-0.02790;
4.35107;1.55714;0.69578;1.64178;-0.02997;-0.00472;
4.38169;1.54978;0.71151;1.65223;-0.02745;-0.02430;
4.41539;1.54175;0.73060;1.66488;-0.02375;-0.04596;
4.38780;1.53744;0.72153;1.65942;-0.02669;-0.02819;
4.35840;1.51729;0.76179;1.68718;-0.02914;-0.00987;
4.35405;1.51049;0.75535;1.68369;-0.02904;-0.00682;
4.35820;1.52246;0.67475;1.63067;-0.03137;-0.00840;
4.31966;1.51340;0.66672;1.62587;-0.03525;0.01693;
4.31985;1.50580;0.66764;1.62677;-0.03317;0.01721;
4.37630;1.48977;0.70905;1.65525;-0.02834;-0.02070;
4.37599;1.48385;0.71164;1.65723;-0.02693;-0.02013;
4.39374;1.48156;0.71287;1.65797;-0.02536;-0.03182;
4.37964;1.47964;0.68663;1.64084;-0.03136;-0.02241;
4.40473;1.45937;0.74560;1.68193;-0.02620;-0.03996;
4.41849;1.45965;0.70797;1.65636;-0.02602;-0.04846;
4.41470;1.45165;0.70750;1.65645;-0.02460;-0.04572;
4.42295;1.44993;0.68812;1.64342;-0.02512;-0.05112;
4.41118;1.43452;0.72223;1.66826;-0.02550;-0.04382;
4.42704;1.42983;0.72199;1.66847;-0.02605;-0.05506;
4.39635;1.42134;0.73100;1.67548;-0.02808;-0.03407;
4.39408;1.41993;0.70679;1.65871;-0.02810;-0.03202;
4.38464;1.41408;0.70330;1.65696;-0.03016;-0.02562;
4.44595;1.39969;0.70017;1.65569;-0.02112;-0.06811;
4.44949;1.39668;0.68983;1.64877;-0.02397;-0.07081;
4.44512;1.38921;0.70047;1.65704;-0.02485;-0.06812;
4.41699;1.37829;0.72700;1.67699;-0.02696;-0.04883;
4.43971;1.37274;0.71918;1.67196;-0.02650;-0.06515;
4.42573;1.36686;0.71252;1.66779;-0.02669;-0.05479;
4.43912;1.36330;0.66842;1.63611;-0.02737;-0.06378;
4.42461;1.34580;0.73088;1.68331;-0.02629;-0.05464;
4.36203;1.34668;0.65673;1.62932;-0.03639;-0.00745;
4.33575;1.33731;0.67908;1.64641;-0.03413;0.01188;
4.32039;1.33729;0.65730;1.63039;-0.03430;0.02357;
4.38942;1.32733;0.67904;1.64716;-0.02964;-0.02823;
4.39993;1.31806;0.70768;1.66951;-0.02796;-0.03642;
4.38714;1.31716;0.67161;1.64280;-0.03048;-0.02613;
4.39181;1.30070;0.69565;1.66247;-0.02725;-0.02973;
4.39181;1.30070;0.69565;1.66247;-0.02725;-0.02973;
4.36731;1.29417;0.64714;1.62624;-0.02848;-0.00987;
4.38898;1.27862;0.68542;1.65720;-0.02685;-0.02736;
4.38898;1.27862;0.68542;1.65720;-0.02685;-0.02736;
4.38651;1.26385;0.69980;1.66988;-0.02715;-0.02563;
4.38651;1.26385;0.69980;1.66988;-0.02715;-0.02563;
4.37122;1.26218;0.67499;1.65060;-0.02780;-0.01296;
4.36392;1.25061;0.69550;1.66795;-0.02813;-0.00748;
4.38432;1.24510;0.70200;1.67383;-0.02853;-0.02410;
4.38001;1.23659;0.67074;1.64978;-0.03111;-0.02000;
4.38001;1.23659;0.67074;1.64978;-0.03111;-0.02000;
4.38277;1.22607;0.68640;1.66346;-0.02944;-0.02238;
4.36686;1.20584;0.69735;1.67416;-0.02911;-0.00930;
4.38807;1.20446;0.67771;1.65817;-0.02738;-0.02601;
4.34192;1.19399;0.66689;1.65073;-0.03286;0.01257;
4.34192;1.19399;0.66689;1.65073;-0.03286;0.01257;
4.38986;1.18783;0.65827;1.64378;-0.02840;-0.02686;
4.38986;1.18783;0.65827;1.64378;-0.02840;-0.02686;
4.39174;1.17042;0.67195;1.65681;-0.02742;-0.02866;
4.42058;1.16038;0.68324;1.66730;-0.02525;-0.05345;
4.41030;1.15234;0.69277;1.67629;-0.02570;-0.04482;
4.38848;1.14486;0.68861;1.67342;-0.02650;-0.02580;
4.38848;1.14486;0.68861;1.67342;-0.02650;-0.02580;
4.38384;1.13668;0.67351;1.66125;-0.02852;-0.02161;
4.39683;1.12951;0.68005;1.66742;-0.02530;-0.03270;
4.39683;1.12951;0.68005;1.66742;-0.02530;-0.03270;
4.37434;1.12500;0.66246;1.65256;-0.02932;-0.01272;
4.37648;1.11043;0.67053;1.66123;-0.02792;-0.01433;
4.40639;1.10320;0.68046;1.67093;-0.02657;-0.04154;
4.41125;1.10075;0.66986;1.66174;-0.02503;-0.04542;
4.41958;1.09660;0.66976;1.66216;-0.02507;-0.05308;
4.41330;1.09510;0.65409;1.64826;-0.02723;-0.04712;
4.41104;1.08857;0.66506;1.65894;-0.02727;-0.04549;
4.40550;1.08236;0.67504;1.66860;-0.02586;-0.04039;
4.40502;1.07753;0.67003;1.66462;-0.02605;-0.03991;
4.40588;1.07654;0.66513;1.66016;-0.02697;-0.04069;
4.40735;1.07291;0.66902;1.66412;-0.02698;-0.04215;
4.40283;1.07058;0.66514;1.66104;-0.02905;-0.03830;
4.40145;1.06392;0.67262;1.66873;-0.02651;-0.03670;
4.38401;1.06504;0.64703;1.64489;-0.02815;-0.01986;
4.38880;1.06328;0.64696;1.64495;-0.02698;-0.02410;
4.39779;1.05993;0.65178;1.64981;-0.02716;-0.03271;
4.41205;1.05709;0.65655;1.65450;-0.02566;-0.04616;
4.41913;1.05569;0.65892;1.65683;-0.02492;-0.05282;
4.42263;1.05499;0.66009;1.65798;-0.02455;-0.05613;
4.40094;1.04794;0.67705;1.67472;-0.02686;-0.03634;
4.45724;1.03768;0.68341;1.68168;-0.01482;-0.08842;
4.45724;1.03768;0.68341;1.68168;-0.01482;-0.08842;
4.42145;1.03920;0.68440;1.68258;-0.02040;-0.05518;
4.39700;1.04314;0.67405;1.67253;-0.02627;-0.03243;
4.39189;1.04189;0.67975;1.67803;-0.02603;-0.02770;
4.40284;1.04466;0.66382;1.66287;-0.02718;-0.03786;
4.39641;1.04430;0.66529;1.66438;-0.02745;-0.03183;
4.40645;1.04335;0.67391;1.67267;-0.02692;-0.04164;
4.38203;1.04624;0.65250;1.65232;-0.02898;-0.01811;
4.39297;1.04708;0.65601;1.65539;-0.02729;-0.02842;
4.41253;1.04078;0.68060;1.67928;-0.02475;-0.04736;
4.40628;1.03995;0.67794;1.67689;-0.02415;-0.04106;
4.39811;1.04196;0.67229;1.67133;-0.02595;-0.03342;
4.39407;1.04296;0.66949;1.66857;-0.02683;-0.02963;
4.39206;1.04345;0.66811;1.66720;-0.02727;-0.02775;
4.40429;1.04293;0.67531;1.67407;-0.02683;-0.03961;
4.40649;1.04384;0.67096;1.66970;-0.02657;-0.04153;
4.40757;1.04428;0.66880;1.66753;-0.02645;-0.04248;
4.39877;1.04530;0.66607;1.66484;-0.02792;-0.03417;
4.40375;1.04501;0.66638;1.66512;-0.02711;-0.03883;
4.41826;1.04383;0.67414;1.67256;-0.02610;-0.05281;
4.39893;1.04437;0.66368;1.66258;-0.02678;-0.03411;
4.40276;1.04678;0.64722;1.64679;-0.02745;-0.03734;
4.40466;1.04798;0.63906;1.63896;-0.02779;-0.03894;
4.41505;1.04769;0.63646;1.63647;-0.02655;-0.04866;
4.39733;1.04628;0.64500;1.64468;-0.02701;-0.03206;
4.40304;1.04550;0.65593;1.65513;-0.02666;-0.03778;
4.39138;1.04520;0.65466;1.65393;-0.02706;-0.02667;
4.40008;1.04496;0.66072;1.65971;-0.02669;-0.03511;
4.39660;1.04701;0.65243;1.65192;-0.02904;-0.03182;
4.39066;1.05086;0.62648;1.62735;-0.03054;-0.02566;
4.39066;1.05086;0.62648;1.62735;-0.03054;-0.02566;
4.38875;1.04572;0.65616;1.65563;-0.02814;-0.02434;
4.38942;1.04482;0.66150;1.66079;-0.02792;-0.02513;
4.38232;1.04490;0.65515;1.65492;-0.02756;-0.01810;
4.38623;1.04441;0.66099;1.66043;-0.02764;-0.02203;
4.38309;1.04467;0.65700;1.65669;-0.02754;-0.01889;
4.39509;1.05003;0.64424;1.64424;-0.02791;-0.02990;
4.39257;1.04696;0.65558;1.65514;-0.02781;-0.02788;
4.43181;1.04603;0.65400;1.65361;-0.02746;-0.06525;
4.40569;1.04547;0.65353;1.65331;-0.02745;-0.04032;
4.37625;1.04703;0.64864;1.64857;-0.03096;-0.01273;
4.39645;1.04471;0.66566;1.66483;-0.02866;-0.03217;
4.38338;1.04481;0.66457;1.66378;-0.02974;-0.01974;
4.39999;1.04361;0.67355;1.67238;-0.02806;-0.03564;
4.39499;1.04377;0.67012;1.66909;-0.02788;-0.03073;
4.41315;1.04715;0.66330;1.66226;-0.02663;-0.04756;
4.40152;1.04553;0.66504;1.66407;-0.02717;-0.03664;
4.39576;1.04473;0.66590;1.66497;-0.02744;-0.03123;
4.39290;1.04433;0.66632;1.66542;-0.02758;-0.02854;
4.39148;1.04413;0.66653;1.66564;-0.02764;-0.02721;
4.40400;1.04327;0.67453;1.67330;-0.02702;-0.03935;
4.41021;1.04284;0.67849;1.67710;-0.02671;-0.04536;
4.40006;1.04340;0.67257;1.67143;-0.02721;-0.03555;
4.38995;1.04416;0.66274;1.66214;-0.02733;-0.02560;
4.38493;1.04455;0.65787;1.65754;-0.02739;-0.02066;
4.38753;1.04424;0.66234;1.66173;-0.02755;-0.02330;
4.38882;1.04409;0.66456;1.66381;-0.02763;-0.02461;
4.40268;1.04325;0.67355;1.67239;-0.02701;-0.03806;
4.40575;1.04400;0.66994;1.66900;-0.02666;-0.04082;
4.39951;1.04663;0.65703;1.65650;-0.02607;-0.03448;
4.39570;1.05057;0.63629;1.63662;-0.02642;-0.03021;
4.40609;1.04646;0.65954;1.65891;-0.02641;-0.04084;
4.39294;1.04569;0.65628;1.65593;-0.02693;-0.02822;
4.39150;1.04480;0.66155;1.66094;-0.02732;-0.02705;
4.39501;1.04732;0.65909;1.65844;-0.02894;-0.03067;
4.38167;1.04841;0.65058;1.65030;-0.03027;-0.01796;
4.39914;1.04539;0.66662;1.66569;-0.02832;-0.03476;
4.39457;1.04466;0.66668;1.66577;-0.02801;-0.03029;
4.37614;1.04689;0.64892;1.64890;-0.02952;-0.01249;
4.40380;1.04869;0.65279;1.65225;-0.02744;-0.03851;
4.39180;1.04679;0.65294;1.65263;-0.02744;-0.02706;
4.40416;1.04459;0.66779;1.66685;-0.02692;-0.03927;
4.40649;1.04467;0.66708;1.66625;-0.02661;-0.04142;
4.41144;1.04354;0.67480;1.67360;-0.02651;-0.04639;
4.40067;1.04374;0.67074;1.66970;-0.02711;-0.03606;
4.40856;1.04308;0.67661;1.67531;-0.02675;-0.04373;
4.39416;1.04401;0.66475;1.66407;-0.02710;-0.02965;
4.40533;1.04321;0.67364;1.67252;-0.02675;-0.04056;
4.39764;1.04358;0.67016;1.66916;-0.02723;-0.03317;
4.40706;1.04300;0.67633;1.67504;-0.02681;-0.04230;
4.39850;1.04347;0.67149;1.67041;-0.02726;-0.03403;
4.38879;1.04718;0.66275;1.66192;-0.03041;-0.02506;
4.39038;1.05084;0.63913;1.63931;-0.02857;-0.02554;
4.39532;1.04645;0.66071;1.65993;-0.02817;-0.03084;
4.39268;1.04518;0.66375;1.66292;-0.02793;-0.02835;
4.40460;1.04379;0.67315;1.67195;-0.02716;-0.03991;
4.40696;1.04046;0.68148;1.68013;-0.02538;-0.04202;
4.39845;1.04221;0.67405;1.67293;-0.02655;-0.03390;
4.39423;1.04308;0.67037;1.66936;-0.02714;-0.02987;
4.41316;1.03880;0.68772;1.68621;-0.02468;-0.04807;
4.41475;1.04063;0.68503;1.68350;-0.02555;-0.04969;
4.40231;1.04230;0.67581;1.67460;-0.02664;-0.03770;
4.39615;1.04312;0.67124;1.67019;-0.02718;-0.03175;
4.39309;1.04353;0.66897;1.66801;-0.02744;-0.02880;
4.39158;1.04374;0.66785;1.66692;-0.02758;-0.02734;
4.41872;1.04645;0.64918;1.64901;-0.02817;-0.05267;
4.41371;1.04559;0.65786;1.65741;-0.02723;-0.04806;
4.39671;1.04525;0.65545;1.65519;-0.02734;-0.03180;
4.39337;1.04459;0.66114;1.66057;-0.02753;-0.02883;
4.40494;1.04350;0.67185;1.67078;-0.02696;-0.04015;
4.39237;1.04422;0.66239;1.66182;-0.02721;-0.02787;
4.40444;1.04331;0.67247;1.67141;-0.02680;-0.03968;
4.40663;1.04403;0.66940;1.66851;-0.02655;-0.04162;
4.41151;1.04322;0.67595;1.67472;-0.02648;-0.04649;
4.42493;1.04136;0.68726;1.68558;-0.02577;-0.05961;
4.42538;1.04747;0.66079;1.66004;-0.02562;-0.05905;
4.42081;1.04492;0.67168;1.67053;-0.02601;-0.05513;
4.40532;1.04443;0.66919;1.66817;-0.02687;-0.04039;
4.39764;1.04418;0.66796;1.66700;-0.02729;-0.03309;
4.40325;1.04446;0.66716;1.66633;-0.02680;-0.03835;
4.40083;1.04715;0.66187;1.66111;-0.02868;-0.03628;
4.39541;1.04553;0.66433;1.66350;-0.02819;-0.03105;
4.39273;1.04473;0.66555;1.66469;-0.02795;-0.02845;
4.40462;1.04357;0.67404;1.67283;-0.02717;-0.03996;
4.41052;1.04299;0.67825;1.67686;-0.02678;-0.04567;
4.40528;1.04105;0.67677;1.67569;-0.02516;-0.04022;
4.39254;1.04300;0.66482;1.66425;-0.02631;-0.02791;
4.38622;1.04397;0.65890;1.65858;-0.02689;-0.02181;
4.37731;1.04675;0.65049;1.65037;-0.02925;-0.01357;
4.38695;1.04463;0.66275;1.66205;-0.02809;-0.02287;
4.38695;1.04463;0.66275;1.66205;-0.02809;-0.02287;
4.40175;1.04352;0.67265;1.67152;-0.02724;-0.03720;
4.40910;1.04297;0.67756;1.67621;-0.02682;-0.04430;
4.39951;1.04346;0.67211;1.67099;-0.02727;-0.03502;
4.40798;1.04294;0.67729;1.67595;-0.02683;-0.04322;
4.39896;1.04344;0.67197;1.67086;-0.02727;-0.03449;
4.41205;1.04267;0.67983;1.67838;-0.02662;-0.04715;
4.41205;1.04267;0.67983;1.67838;-0.02662;-0.04715;
4.40192;1.04860;0.64760;1.64747;-0.02669;-0.03650;
4.40918;1.04549;0.66514;1.66429;-0.02654;-0.04395;
4.39955;1.04471;0.66595;1.66508;-0.02713;-0.03485;
4.41427;1.04214;0.68251;1.68093;-0.02653;-0.04937;
4.41427;1.04214;0.68251;1.68093;-0.02653;-0.04937;
4.40629;1.04599;0.66948;1.66835;-0.02855;-0.04174;
4.39906;1.05025;0.64247;1.64250;-0.02765;-0.03382;
4.38758;1.05001;0.64105;1.64119;-0.02823;-0.02285;
4.39827;1.04736;0.65382;1.65353;-0.02726;-0.03328;
4.39827;1.04736;0.65382;1.65353;-0.02726;-0.03328;
4.40737;1.04487;0.66823;1.66730;-0.02683;-0.04235;
4.39181;1.04441;0.66369;1.66300;-0.02743;-0.02742;
4.39094;1.04417;0.66523;1.66444;-0.02757;-0.02666;
4.40374;1.04329;0.67388;1.67270;-0.02698;-0.03907;
4.40374;1.04329;0.67388;1.67270;-0.02698;-0.03907;
4.40628;1.04402;0.67010;1.66916;-0.02664;-0.04132;
4.41385;1.04282;0.67937;1.67796;-0.02646;-0.04883;
4.41129;1.04379;0.67282;1.67176;-0.02638;-0.04616;
4.41129;1.04379;0.67282;1.67176;-0.02638;-0.04616;
4.39670;1.04559;0.65923;1.65882;-0.02750;-0.03204;
4.40279;1.04516;0.66284;1.66227;-0.02690;-0.03783;
4.40581;1.04495;0.66463;1.66398;-0.02660;-0.04070;
4.40730;1.04484;0.66551;1.66483;-0.02645;-0.04213;
4.41185;1.04362;0.67402;1.67290;-0.02643;-0.04674;
4.40182;1.04908;0.64472;1.64475;-0.02660;-0.03630;
4.39590;1.04648;0.65582;1.65539;-0.02716;-0.03106;
4.40619;1.04444;0.66922;1.66822;-0.02678;-0.04125;
4.40619;1.04444;0.66922;1.66822;-0.02678;-0.04125;
4.41003;1.04409;0.67108;1.67008;-0.02645;-0.04491;
4.39997;1.04401;0.66889;1.66795;-0.02708;-0.03533;
4.39997;1.04401;0.66889;1.66795;-0.02708;-0.03533;
4.39499;1.04397;0.66781;1.66690;-0.02740;-0.03057;
4.39129;1.04395;0.66700;1.66611;-0.02763;-0.02705;
4.39068;1.04394;0.66687;1.66598;-0.02767;-0.02647;
4.39038;1.04394;0.66681;1.66592;-0.02769;-0.02619;
4.39023;1.04394;0.66677;1.66589;-0.02770;-0.02604;
4.39110;1.04175;0.67544;1.67429;-0.02728;-0.02691;
4.39110;1.04175;0.67544;1.67429;-0.02728;-0.02691;
4.39059;1.04285;0.67106;1.67004;-0.02750;-0.02640;
4.39034;1.04340;0.66888;1.66793;-0.02760;-0.02615;
4.40344;1.04291;0.67569;1.67443;-0.02700;-0.03882;
4.40993;1.04266;0.67907;1.67766;-0.02670;-0.04510;
4.39992;1.04331;0.67285;1.67171;-0.02721;-0.03542;
4.38988;1.04412;0.66288;1.66228;-0.02733;-0.02553;
4.38988;1.04412;0.66288;1.66228;-0.02733;-0.02553;
4.40982;1.04284;0.67759;1.67627;-0.02663;-0.04495;
4.40982;1.04284;0.67759;1.67627;-0.02663;-0.04495;
4.40929;1.04380;0.67194;1.67092;-0.02647;-0.04423;
4.40903;1.04427;0.66914;1.66827;-0.02639;-0.04388;
4.39948;1.04410;0.66793;1.66705;-0.02705;-0.03481;
4.39948;1.04410;0.66793;1.66705;-0.02705;-0.03481;
4.40797;1.04326;0.67522;1.67400;-0.02672;-0.04312;
4.40863;1.04020;0.68251;1.68114;-0.02516;-0.04361;
4.39420;1.04258;0.66767;1.66696;-0.02631;-0.02959;
4.39212;1.04326;0.66720;1.66640;-0.02702;-0.02773;
4.40911;1.04841;0.65085;1.65054;-0.02624;-0.04324;
4.40920;1.04275;0.67043;1.66951;-0.02492;-0.04367;
4.39956;1.04335;0.66857;1.66767;-0.02633;-0.03471;
4.40801;1.04288;0.67554;1.67430;-0.02636;-0.04307;
4.40840;1.04382;0.67092;1.66995;-0.02634;-0.04330;
4.39916;1.04388;0.66881;1.66789;-0.02703;-0.03453;
4.41881;1.04168;0.68373;1.68219;-0.02604;-0.05368;
4.40433;1.04282;0.67516;1.67395;-0.02688;-0.03967;
4.40433;1.04282;0.67516;1.67395;-0.02688;-0.03967;
4.39359;1.04366;0.66881;1.66785;-0.02750;-0.02929;
4.39182;1.04380;0.66777;1.66684;-0.02761;-0.02758;
4.39095;1.04387;0.66725;1.66635;-0.02766;-0.02674;
4.40374;1.04314;0.67488;1.67365;-0.02702;-0.03911;
4.39177;1.04404;0.66389;1.66324;-0.02724;-0.02736;
4.39092;1.04399;0.66533;1.66456;-0.02747;-0.02663;
4.39050;1.04396;0.66604;1.66521;-0.02759;-0.02626;
4.37952;1.05168;0.62345;1.62457;-0.02905;-0.01489;
4.39807;1.04701;0.65317;1.65294;-0.02771;-0.03324;
4.39405;1.04546;0.66001;1.65945;-0.02771;-0.02954;
4.38696;1.04519;0.65652;1.65620;-0.02758;-0.02262;
4.38345;1.04505;0.65478;1.65459;-0.02751;-0.01918;
4.40828;1.04386;0.66826;1.66749;-0.02629;-0.04313;
4.39910;1.04390;0.66749;1.66667;-0.02701;-0.03445;
4.39977;1.04852;0.65080;1.65040;-0.02702;-0.03453;
4.40431;1.04662;0.65866;1.65810;-0.02666;-0.03907;
4.40431;1.04662;0.65866;1.65810;-0.02666;-0.03907;
4.39808;1.05056;0.63710;1.63741;-0.02671;-0.03249;
4.40574;1.04743;0.65464;1.65422;-0.02657;-0.04035;
4.41107;1.04490;0.66863;1.66764;-0.02648;-0.04586;
4.40049;1.04442;0.66768;1.66674;-0.02710;-0.03580;
4.39016;1.04467;0.66032;1.65982;-0.02728;-0.02572;
4.39012;1.04430;0.66356;1.66286;-0.02749;-0.02581;
4.40333;1.04336;0.67305;1.67192;-0.02694;-0.03865;
4.40333;1.04336;0.67305;1.67192;-0.02694;-0.03865;
4.39665;1.04365;0.66987;1.66886;-0.02733;-0.03222;
4.39334;1.04379;0.66829;1.66735;-0.02752;-0.02904;
4.37581;1.04423;0.66061;1.66013;-0.02899;-0.01222;
4.37792;1.04458;0.65681;1.65654;-0.02821;-0.01403;
4.39348;1.04466;0.66164;1.66114;-0.02725;-0.02890;
4.41314;1.04513;0.66931;1.66815;-0.02563;-0.04773;
4.41474;1.04377;0.67591;1.67455;-0.02602;-0.04952;
4.41554;1.04309;0.67917;1.67771;-0.02621;-0.05041;
4.40270;1.04352;0.67291;1.67174;-0.02697;-0.03805;
4.39634;1.04373;0.66980;1.66877;-0.02734;-0.03193;
4.40641;1.04307;0.67615;1.67485;-0.02687;-0.04169;
4.41141;1.04275;0.67929;1.67787;-0.02663;-0.04652;
4.41388;1.04258;0.68085;1.67936;-0.02652;-0.04892;
4.41511;1.04250;0.68163;1.68010;-0.02646;-0.05011;
4.41572;1.04246;0.68201;1.68047;-0.02643;-0.05070;
4.39771;1.04370;0.66742;1.66662;-0.02694;-0.03311;
4.40709;1.04306;0.67497;1.67379;-0.02667;-0.04227;
4.40331;1.04403;0.67580;1.67450;-0.02813;-0.03887;
4.40607;1.04439;0.67105;1.67004;-0.02721;-0.04122;
4.41123;1.04340;0.67677;1.67548;-0.02680;-0.04629;
4.41380;1.04291;0.67960;1.67818;-0.02660;-0.04881;
4.40278;1.04872;0.64749;1.64737;-0.02668;-0.03732;
4.40580;1.04671;0.65701;1.65659;-0.02649;-0.04045;
4.39279;1.04581;0.65503;1.65479;-0.02697;-0.02802;
4.40085;1.04527;0.66075;1.66027;-0.02664;-0.03584;
4.39636;1.04989;0.63814;1.63849;-0.02670;-0.03089;
4.40642;1.04613;0.66045;1.65984;-0.02655;-0.04117;
4.39310;1.04552;0.65673;1.65639;-0.02700;-0.02838;
4.39158;1.04472;0.66178;1.66117;-0.02736;-0.02713;
4.40025;1.04473;0.66410;1.66343;-0.02683;-0.03540;
4.40025;1.04473;0.66410;1.66343;-0.02683;-0.03540;
4.39513;1.04433;0.66543;1.66466;-0.02727;-0.03061;
4.39258;1.04413;0.66609;1.66526;-0.02749;-0.02824;
4.39132;1.04403;0.66642;1.66556;-0.02760;-0.02706;
4.39070;1.04399;0.66658;1.66571;-0.02765;-0.02648;
4.40362;1.04320;0.67455;1.67333;-0.02702;-0.03898;
4.39171;1.04407;0.66373;1.66309;-0.02724;-0.02730;
4.39089;1.04400;0.66525;1.66448;-0.02747;-0.02659;
4.38540;1.04447;0.65911;1.65870;-0.02746;-0.02115;
4.38268;1.04470;0.65607;1.65583;-0.02745;-0.01846;
4.39964;1.04355;0.66934;1.66843;-0.02692;-0.03501;
4.38974;1.04424;0.66114;1.66066;-0.02719;-0.02533;
4.38991;1.04409;0.66396;1.66328;-0.02745;-0.02562;
4.39942;1.04442;0.66518;1.66448;-0.02687;-0.03465;
4.39472;1.04418;0.66597;1.66518;-0.02729;-0.03024;
4.39238;1.04406;0.66636;1.66552;-0.02750;-0.02805;
4.40445;1.04323;0.67444;1.67324;-0.02695;-0.03976;
4.39721;1.04359;0.67056;1.66952;-0.02733;-0.03278;
4.39362;1.04376;0.66863;1.66767;-0.02752;-0.02931;
4.41606;1.04163;0.68364;1.68208;-0.02629;-0.05109;
4.40296;1.04279;0.67512;1.67390;-0.02700;-0.03839;
4.39139;1.04387;0.66401;1.66337;-0.02723;-0.02700;
4.39073;1.04390;0.66539;1.66462;-0.02747;-0.02645;
4.39041;1.04392;0.66607;1.66524;-0.02759;-0.02617;
4.38038;1.04442;0.66477;1.66398;-0.02921;-0.01677;
4.39850;1.04341;0.67365;1.67248;-0.02779;-0.03417;
4.40368;1.04408;0.66999;1.66904;-0.02704;-0.03889;
4.40162;1.04454;0.67333;1.67215;-0.02832;-0.03720;
4.40903;1.04347;0.67790;1.67652;-0.02735;-0.04430;
4.39948;1.04371;0.67227;1.67115;-0.02753;-0.03502;
4.39948;1.04371;0.67227;1.67115;-0.02753;-0.03502;
4.40797;1.04306;0.67737;1.67603;-0.02696;-0.04322;
4.41218;1.04274;0.67990;1.67845;-0.02668;-0.04728;
4.41426;1.04258;0.68116;1.67965;-0.02654;-0.04930;
4.40629;1.04621;0.66881;1.66772;-0.02855;-0.04170;
4.41914;1.04035;0.68695;1.68539;-0.02538;-0.05394;
4.41772;1.04140;0.68465;1.68309;-0.02589;-0.05260;
4.41321;1.04308;0.67544;1.67431;-0.02610;-0.04803;
4.40155;1.04351;0.67105;1.67005;-0.02691;-0.03687;
4.40519;1.04413;0.66870;1.66784;-0.02661;-0.04023;
4.39852;1.04933;0.64208;1.64224;-0.02669;-0.03307;
4.40749;1.04585;0.66240;1.66170;-0.02654;-0.04225;
4.41194;1.04412;0.67248;1.67134;-0.02647;-0.04680;
4.40092;1.04403;0.66959;1.66858;-0.02709;-0.03627;
4.39546;1.04398;0.66815;1.66721;-0.02740;-0.03104;
4.40598;1.04320;0.67533;1.67408;-0.02690;-0.04125;
4.40722;1.04299;0.67674;1.67543;-0.02685;-0.04247;
4.40722;1.04299;0.67674;1.67543;-0.02685;-0.04247;
4.41408;1.04256;0.68100;1.67950;-0.02651;-0.04912;
4.40198;1.04326;0.67381;1.67262;-0.02711;-0.03741;
4.40198;1.04326;0.67381;1.67262;-0.02711;-0.03741;
4.40624;1.04301;0.67637;1.67507;-0.02690;-0.04153;
4.40624;1.04301;0.67637;1.67507;-0.02690;-0.04153;
4.39153;1.04395;0.66569;1.66491;-0.02744;-0.02722;
4.39080;1.04395;0.66622;1.66539;-0.02758;-0.02656;
4.39080;1.04395;0.66622;1.66539;-0.02758;-0.02656;
4.39044;1.04394;0.66648;1.66562;-0.02764;-0.02623;
4.40349;1.04318;0.67450;1.67329;-0.02702;-0.03886;
4.39767;1.04885;0.64496;1.64494;-0.02689;-0.03239;
4.41138;1.04309;0.66743;1.66676;-0.02456;-0.04571;
4.40064;1.04352;0.66708;1.66630;-0.02615;-0.03573;
4.40591;1.04307;0.67472;1.67352;-0.02667;-0.04111;
4.43330;1.04591;0.64342;1.64365;-0.02640;-0.06622;
4.41151;1.04492;0.65518;1.65485;-0.02706;-0.04589;
4.41151;1.04492;0.65518;1.65485;-0.02706;-0.04589;
4.42293;1.03908;0.68699;1.68551;-0.02447;-0.05737;
4.40637;1.04153;0.67678;1.67560;-0.02610;-0.04150;
4.39816;1.04274;0.67172;1.67069;-0.02691;-0.03364;
4.39816;1.04274;0.67172;1.67069;-0.02691;-0.03364;
4.38900;1.04384;0.66232;1.66177;-0.02718;-0.02465;
4.39515;1.05263;0.62586;1.62660;-0.02638;-0.02934;
4.40202;1.04865;0.64629;1.64630;-0.02634;-0.03649;
4.39600;1.04627;0.65660;1.65616;-0.02703;-0.03115;
4.38216;1.04789;0.64935;1.64917;-0.02932;-0.01820;
4.39558;1.04630;0.65794;1.65749;-0.02780;-0.03097;
4.39787;1.04269;0.66670;1.66608;-0.02567;-0.03293;
4.40717;1.04256;0.67461;1.67352;-0.02604;-0.04218;
4.39347;1.04375;0.66375;1.66318;-0.02675;-0.02888;
4.39347;1.04375;0.66375;1.66318;-0.02675;-0.02888;
4.40119;1.04425;0.66508;1.66443;-0.02653;-0.03627;
4.39559;1.04409;0.66592;1.66515;-0.02712;-0.03104;
4.39559;1.04409;0.66592;1.66515;-0.02712;-0.03104;
4.40604;1.04325;0.67422;1.67306;-0.02676;-0.04125;
4.41122;1.04283;0.67834;1.67698;-0.02658;-0.04631;
4.40150;1.04868;0.64686;1.64677;-0.02667;-0.03608;
4.40897;1.04553;0.66477;1.66394;-0.02654;-0.04374;
4.41451;1.04319;0.67806;1.67668;-0.02643;-0.04943;
4.40220;1.04357;0.67235;1.67122;-0.02708;-0.03757;
4.40220;1.04357;0.67235;1.67122;-0.02708;-0.03757;
4.42064;1.03875;0.69121;1.68954;-0.02448;-0.05532;
4.41846;1.04060;0.68676;1.68515;-0.02545;-0.05328;
4.40509;1.04758;0.65104;1.65082;-0.02611;-0.03954;
4.41075;1.04498;0.66685;1.66595;-0.02626;-0.04546;
4.40127;1.04975;0.64116;1.64131;-0.02651;-0.03566;
4.40886;1.04606;0.66195;1.66123;-0.02646;-0.04354;
4.40882;1.04539;0.66418;1.66347;-0.02638;-0.04353;
4.39937;1.04466;0.66547;1.66467;-0.02705;-0.03464;
4.40792;1.04353;0.67400;1.67282;-0.02672;-0.04303;
4.41215;1.04297;0.67823;1.67686;-0.02656;-0.04719;
4.41425;1.04270;0.68033;1.67886;-0.02648;-0.04925;
4.41529;1.04256;0.68137;1.67985;-0.02644;-0.05028;
4.41581;1.04249;0.68188;1.68035;-0.02642;-0.05078;
4.41607;1.04246;0.68214;1.68059;-0.02641;-0.05103;
4.41265;1.03980;0.68594;1.68441;-0.02501;-0.04754;
4.39619;1.04238;0.66937;1.66858;-0.02624;-0.03154;
4.39311;1.04317;0.66805;1.66721;-0.02698;-0.02870;
4.39311;1.04317;0.66805;1.66721;-0.02698;-0.02870;
4.38281;1.04503;0.65824;1.65780;-0.02835;-0.01886;
4.38648;1.04448;0.66253;1.66186;-0.02803;-0.02241;
4.38321;1.04470;0.65776;1.65740;-0.02774;-0.01908;
4.38321;1.04470;0.65776;1.65740;-0.02774;-0.01908;
4.39530;1.04478;0.66094;1.66047;-0.02694;-0.03059;
4.39530;1.04478;0.66094;1.66047;-0.02694;-0.03059;
4.40079;1.04455;0.66513;1.66444;-0.02681;-0.03594;
4.39539;1.04424;0.66594;1.66515;-0.02726;-0.03088;
4.39539;1.04424;0.66594;1.66515;-0.02726;-0.03088;
4.41117;1.04287;0.67835;1.67698;-0.02661;-0.04627;
4.40054;1.04341;0.67250;1.67137;-0.02717;-0.03600;
4.39527;1.04368;0.66959;1.66859;-0.02744;-0.03091;
4.38757;1.04430;0.66127;1.66073;-0.02744;-0.02329;
4.38884;1.04412;0.66403;1.66332;-0.02758;-0.02461;
4.40269;1.04326;0.67329;1.67215;-0.02698;-0.03806;
4.39634;1.04360;0.66999;1.66898;-0.02735;-0.03193;
4.39412;1.04907;0.64272;1.64281;-0.02705;-0.02895;
4.39209;1.04648;0.65483;1.65443;-0.02738;-0.02741;
4.40430;1.04444;0.66873;1.66774;-0.02689;-0.03945;
4.39808;1.04948;0.64210;1.64219;-0.02682;-0.03268;
4.38896;1.04718;0.64763;1.64765;-0.02714;-0.02417;
4.38953;1.04555;0.65727;1.65683;-0.02743;-0.02504;
4.39923;1.04514;0.66186;1.66128;-0.02686;-0.03436;
4.39462;1.04453;0.66432;1.66359;-0.02729;-0.03010;
4.39233;1.04423;0.66554;1.66473;-0.02750;-0.02798;
4.40443;1.04332;0.67404;1.67285;-0.02695;-0.03973;
4.39720;1.04363;0.67036;1.66932;-0.02733;-0.03276;
4.40684;1.04302;0.67642;1.67513;-0.02686;-0.04210;
4.40527;1.04549;0.66787;1.66670;-0.02624;-0.04032;
4.41084;1.04394;0.67519;1.67383;-0.02632;-0.04584;
4.41360;1.04318;0.67882;1.67736;-0.02636;-0.04859;
4.41497;1.04280;0.68062;1.67911;-0.02638;-0.04994;
4.40242;1.04337;0.67362;1.67243;-0.02705;-0.03782;
4.41338;1.04147;0.68620;1.68443;-0.02669;-0.04868;
4.41466;1.04214;0.67746;1.67605;-0.02399;-0.04886;
4.42027;1.03590;0.69403;1.69243;-0.02173;-0.05433;
4.40505;1.03995;0.68027;1.67903;-0.02475;-0.04000;
4.41073;1.04120;0.68134;1.67994;-0.02558;-0.04569;
4.39524;1.04308;0.66709;1.66636;-0.02652;-0.03062;
4.39264;1.04351;0.66691;1.66611;-0.02712;-0.02824;
4.39264;1.04351;0.66691;1.66611;-0.02712;-0.02824;
4.40078;1.04413;0.66665;1.66588;-0.02671;-0.03595;
4.39030;1.04453;0.65981;1.65939;-0.02708;-0.02579;
4.38511;1.04473;0.65641;1.65617;-0.02727;-0.02076;
4.40084;1.04357;0.66951;1.66861;-0.02683;-0.03615;
4.39542;1.04375;0.66811;1.66722;-0.02727;-0.03098;
4.40596;1.04308;0.67531;1.67408;-0.02683;-0.04122;
4.39795;1.04351;0.67099;1.66993;-0.02727;-0.03350;
4.40721;1.04296;0.67674;1.67543;-0.02683;-0.04246;
4.39858;1.04346;0.67170;1.67060;-0.02727;-0.03411;
4.41687;1.04590;0.66988;1.66870;-0.02380;-0.05102;
4.42142;1.04975;0.65202;1.65153;-0.02465;-0.05482;
4.40562;1.04682;0.65944;1.65875;-0.02619;-0.04024;
4.39786;1.04656;0.66129;1.66064;-0.02778;-0.03311;
4.38308;1.04803;0.65167;1.65138;-0.02970;-0.01917;
4.38153;1.04647;0.65238;1.65220;-0.02856;-0.01747;
4.39527;1.04560;0.65944;1.65899;-0.02743;-0.03061;
4.39265;1.04476;0.66312;1.66245;-0.02757;-0.02824;
4.39136;1.04434;0.66495;1.66417;-0.02764;-0.02706;
4.39072;1.04414;0.66585;1.66502;-0.02767;-0.02648;
4.38531;1.04453;0.65941;1.65896;-0.02756;-0.02110;
4.38264;1.04473;0.65622;1.65596;-0.02750;-0.01843;
4.39962;1.04357;0.66941;1.66850;-0.02695;-0.03499;
4.39961;1.04429;0.67305;1.67188;-0.02827;-0.03527;
4.40423;1.04451;0.66969;1.66875;-0.02728;-0.03943;
4.39710;1.04422;0.66820;1.66729;-0.02750;-0.03261;
4.39356;1.04408;0.66747;1.66657;-0.02760;-0.02923;
4.40504;1.04324;0.67499;1.67376;-0.02700;-0.04035;
4.41072;1.04283;0.67872;1.67732;-0.02670;-0.04586;
4.41354;1.04263;0.68057;1.67909;-0.02655;-0.04859;
4.41973;1.04809;0.65747;1.65683;-0.02601;-0.05358;
4.39970;1.04649;0.65526;1.65490;-0.02673;-0.03454;
4.39485;1.04521;0.66105;1.66043;-0.02722;-0.03018;
4.38736;1.04506;0.65703;1.65669;-0.02734;-0.02293;
4.38874;1.04449;0.66193;1.66131;-0.02752;-0.02443;
4.38942;1.04421;0.66435;1.66360;-0.02762;-0.02517;
4.38975;1.04407;0.66556;1.66474;-0.02766;-0.02554;
4.38992;1.04401;0.66615;1.66530;-0.02769;-0.02572;
4.38492;1.04447;0.65956;1.65910;-0.02757;-0.02072;
4.39695;1.04460;0.66300;1.66241;-0.02693;-0.03222;
4.38840;1.04476;0.65800;1.65767;-0.02719;-0.02394;
4.38925;1.04435;0.66241;1.66180;-0.02745;-0.02493;
4.39061;1.04943;0.63896;1.63925;-0.02710;-0.02548;
4.38526;1.04716;0.64608;1.64619;-0.02728;-0.02060;
