0.00001;-0.00007;-0.00002;-3.14052;-0.00062;3.14128;
-0.00009;-0.00012;-0.00004;-3.14070;-0.00061;3.14123;
0.00001;0.00007;-0.00026;-3.14059;-0.00093;3.14129;
0.00005;0.00015;-0.00022;-3.14065;-0.00084;3.14130;
0.00010;0.00037;-0.00026;-3.14061;-0.00081;3.14154;
0.00010;0.00024;-0.00025;-3.14044;-0.00080;-3.14136;
0.00021;0.00033;-0.00032;-3.14049;-0.00075;3.14139;
-0.00003;0.00023;-0.00029;-3.14045;-0.00063;3.14148;
0.00009;0.00016;-0.00012;-3.14060;-0.00062;3.14150;
0.00012;0.00029;-0.00036;-3.14026;-0.00119;-3.14146;
0.00017;0.00034;-0.00022;-3.14031;-0.00114;-3.14154;
0.00022;0.00043;-0.00035;-3.14023;-0.00121;-3.14124;
0.00019;0.00036;-0.00018;-3.14032;-0.00109;-3.14136;
0.00038;0.00085;-0.00052;-3.14013;-0.00180;-3.14103;
0.00038;0.00079;-0.00034;-3.14030;-0.00169;-3.14119;
0.00030;0.00058;-0.00024;-3.14036;-0.00137;-3.14126;
0.00048;0.00094;-0.00039;-3.14053;-0.00103;-3.14145;
0.00057;0.00126;-0.00053;-3.14062;-0.00096;-3.14155;
0.00055;0.00086;-0.00041;-3.14046;-0.00092;3.14149;
0.00035;0.00078;-0.00036;-3.14054;-0.00077;3.14158;
0.00010;0.00008;-0.00005;-3.14074;-0.00057;3.14143;
0.00003;0.00029;-0.00008;-3.14120;-0.00046;-3.14154;
-0.00004;-0.00006;0.00003;-3.14113;-0.00013;-3.14155;
-0.00006;-0.00014;-0.00005;-3.14124;-0.00015;3.14153;
0.00000;0.00006;-0.00031;-3.14082;-0.00075;-3.14142;
0.00013;0.00035;-0.00034;-3.14100;-0.00070;-3.14148;
0.00016;0.00028;-0.00020;-3.14088;-0.00053;-3.14149;
0.00008;0.00009;-0.00018;-3.14079;-0.00092;-3.14142;
0.00000;0.00004;-0.00018;-3.14067;-0.00104;-3.14133;
0.00008;0.00029;-0.00017;-3.14061;-0.00099;-3.14128;
0.00030;0.00061;-0.00028;-3.14085;-0.00088;-3.14142;
0.00024;0.00050;-0.00025;-3.14092;-0.00084;-3.14146;
0.00035;0.00076;-0.00044;-3.14063;-0.00086;-3.14153;
0.00028;0.00045;-0.00022;-3.14068;-0.00056;3.14155;
0.00022;0.00040;-0.00032;-3.14041;-0.00096;3.14132;
0.00011;0.00027;-0.00027;-3.14050;-0.00084;3.14129;
0.00005;0.00017;-0.00020;-3.14072;-0.00077;3.14132;
0.00002;-0.00007;-0.00006;-3.14097;-0.00072;3.14111;
-0.00004;-0.00013;-0.00005;-3.14100;-0.00065;3.14120;
-0.00031;-0.00039;-0.00005;-3.14097;-0.00063;3.14148;
-0.00020;-0.00040;-0.00002;-3.14108;-0.00098;3.14152;
-0.00017;-0.00037;0.00000;-3.14107;-0.00084;3.14150;
-0.00007;-0.00021;-0.00009;-3.14090;-0.00105;-3.14152;
-0.00010;-0.00026;-0.00006;-3.14110;-0.00083;3.14158;
-0.00012;-0.00029;0.00002;-3.14123;-0.00080;3.14149;
0.00000;0.00006;-0.00015;-3.14121;-0.00092;-3.14152;
-0.00003;-0.00013;-0.00012;-3.14116;-0.00093;-3.14148;
-0.00014;-0.00037;0.00007;-3.14125;-0.00073;-3.14150;
0.00005;-0.00011;-0.00009;-3.14135;-0.00083;3.14154;
0.00002;0.00001;-0.00006;-3.14134;-0.00073;3.14142;
-0.00008;-0.00021;-0.00007;-3.14127;-0.00077;3.14156;
-0.00006;-0.00017;-0.00004;-3.14100;-0.00079;-3.14138;
-0.00007;-0.00021;-0.00006;-3.14104;-0.00077;-3.14153;
-0.00024;-0.00045;0.00001;-3.14114;-0.00068;-3.14158;
-0.00018;-0.00035;-0.00001;-3.14106;-0.00066;3.14139;
0.00007;0.00023;-0.00027;-3.14091;-0.00096;3.14144;
0.00008;0.00026;-0.00015;-3.14095;-0.00090;3.14131;
0.00005;0.00012;0.00004;-3.14101;-0.00082;3.14115;
-0.00002;0.00011;-0.00014;-3.14103;-0.00102;3.14146;
0.00004;0.00002;-0.00003;-3.14098;-0.00081;3.14152;
0.00002;0.00006;-0.00012;-3.14110;-0.00070;3.14140;
0.00007;0.00022;-0.00018;-3.14103;-0.00052;3.14142;
0.00016;0.00052;-0.00035;-3.14123;-0.00053;3.14136;
0.00039;0.00073;-0.00045;-3.14127;-0.00077;3.14158;
0.00029;0.00051;-0.00022;3.14155;-0.00071;-3.14146;
0.00026;0.00053;-0.00034;-3.14148;-0.00081;-3.14121;
0.00037;0.00077;-0.00052;-3.14133;-0.00103;-3.14130;
0.00023;0.00057;-0.00029;-3.14127;-0.00089;-3.14135;
0.00032;0.00100;-0.00067;-3.14109;-0.00095;-3.14152;
0.00027;0.00064;-0.00027;-3.14098;-0.00085;-3.14140;
0.00026;0.00041;-0.00021;-3.14110;-0.00084;-3.14145;
0.00022;0.00038;-0.00018;-3.14108;-0.00074;-3.14147;
0.00016;0.00025;-0.00017;-3.14125;-0.00072;-3.14158;
0.00011;0.00037;-0.00030;-3.14133;-0.00077;-3.14155;
0.00014;0.00022;-0.00008;-3.14119;-0.00061;-3.14146;
0.00024;0.00038;-0.00016;-3.14135;-0.00057;-3.14150;
0.00025;0.00051;-0.00022;-3.14125;-0.00052;-3.14137;
0.00020;0.00053;-0.00042;-3.14094;-0.00093;-3.14100;
0.00036;0.00061;-0.00046;-3.14089;-0.00123;-3.14123;
0.00033;0.00059;-0.00028;-3.14089;-0.00112;-3.14132;
0.00020;0.00024;-0.00011;-3.14104;-0.00086;-3.14140;
0.00030;0.00094;-0.00054;-3.14121;-0.00075;-3.14137;
0.00043;0.00094;-0.00047;-3.14119;-0.00082;-3.14147;
0.00031;0.00055;-0.00016;-3.14105;-0.00054;-3.14147;
0.00012;0.00030;-0.00038;-3.14071;-0.00109;-3.14114;
0.00023;0.00074;-0.00048;-3.14069;-0.00121;-3.14102;
0.00017;0.00025;-0.00020;-3.14104;-0.00097;-3.14141;
0.00009;0.00017;-0.00018;-3.14093;-0.00107;-3.14121;
0.00029;0.00018;-0.00008;-3.14063;-0.00080;-3.14142;
0.00003;0.00004;-0.00009;-3.14078;-0.00086;-3.14152;
0.00014;0.00021;-0.00025;-3.14072;-0.00086;3.14147;
0.00009;0.00032;-0.00029;-3.14077;-0.00079;3.14155;
0.00024;0.00060;-0.00040;-3.14079;-0.00092;-3.14147;
0.00020;0.00048;-0.00030;-3.14084;-0.00091;-3.14153;
0.00016;0.00022;-0.00014;-3.14107;-0.00074;3.14154;
0.00013;0.00036;-0.00014;3.14159;-0.00090;-3.14151;
0.00032;0.00056;-0.00033;3.14131;-0.00084;-3.14159;
0.00025;0.00040;-0.00026;3.14129;-0.00073;3.14155;
0.00032;0.00078;-0.00040;3.14141;-0.00062;3.14141;
0.00021;0.00043;-0.00023;3.14148;-0.00046;3.14153;
0.00004;0.00011;-0.00018;3.14141;-0.00028;3.14137;
0.00004;0.00001;-0.00016;3.14158;-0.00035;3.14128;
0.00007;0.00001;-0.00011;-3.14159;-0.00032;3.14130;
0.00001;-0.00005;-0.00007;3.14157;-0.00032;3.14126;
-0.00014;-0.00022;-0.00003;3.14148;-0.00011;3.14110;
-0.00000;-0.00003;-0.00013;3.14155;-0.00023;3.14092;
-0.00005;-0.00005;-0.00008;3.14156;-0.00023;3.14096;
-0.00006;0.00010;-0.00019;3.14148;0.00008;3.14087;
-0.00010;-0.00026;0.00001;-3.14148;0.00017;3.14112;
-0.00007;-0.00030;0.00007;-3.14155;0.00014;3.14105;
-0.00019;-0.00028;-0.00003;3.14154;0.00044;3.14082;
-0.00028;-0.00036;-0.00003;3.14152;0.00040;3.14081;
-0.00009;0.00003;-0.00020;-3.14145;0.00004;3.14102;
-0.00000;-0.00025;0.00003;-3.14145;-0.00002;3.14106;
-0.00018;-0.00017;-0.00008;-3.14125;-0.00004;3.14131;
0.00002;-0.00007;-0.00006;-3.14158;-0.00003;3.14115;
0.00015;0.00023;-0.00020;-3.14134;-0.00004;3.14145;
0.00025;0.00037;-0.00022;-3.14127;-0.00002;3.14135;
0.00046;0.00079;-0.00041;-3.14107;-0.00018;3.14096;
0.00034;0.00072;-0.00037;-3.14114;-0.00013;3.14096;
0.00027;0.00063;-0.00045;-3.14096;-0.00043;3.14112;
0.00030;0.00053;-0.00023;-3.14087;-0.00031;3.14108;
0.00002;0.00029;-0.00021;-3.14061;-0.00051;3.14122;
0.00020;0.00038;-0.00026;-3.14044;-0.00071;3.14135;
0.00029;0.00062;-0.00032;-3.14054;-0.00071;3.14138;
0.00017;0.00023;-0.00024;-3.14037;-0.00081;3.14134;
0.00010;0.00031;-0.00032;-3.14035;-0.00096;-3.14153;
0.00012;0.00029;-0.00023;-3.14056;-0.00089;3.14156;
0.00029;0.00065;-0.00048;-3.14011;-0.00151;-3.14153;
0.00040;0.00079;-0.00033;-3.14021;-0.00117;-3.14154;
0.00048;0.00105;-0.00041;-3.14044;-0.00106;3.14144;
0.00056;0.00107;-0.00045;-3.14063;-0.00102;3.14136;
0.00051;0.00109;-0.00047;-3.14089;-0.00082;3.14128;
0.00050;0.00100;-0.00044;-3.14098;-0.00077;3.14127;
0.00078;0.00135;-0.00068;-3.14061;-0.00101;3.14103;
0.00065;0.00165;-0.00082;-3.14073;-0.00098;3.14137;
0.00050;0.00117;-0.00055;-3.14068;-0.00109;-3.14152;
0.00055;0.00117;-0.00047;-3.14073;-0.00081;-3.14153;
0.00053;0.00112;-0.00044;-3.14080;-0.00081;-3.14153;
0.00052;0.00119;-0.00065;-3.14076;-0.00086;-3.14148;
0.00048;0.00099;-0.00041;-3.14082;-0.00061;-3.14145;
0.00035;0.00059;-0.00031;-3.14090;-0.00057;-3.14158;
0.00036;0.00080;-0.00034;-3.14110;-0.00051;3.14158;
0.00035;0.00075;-0.00038;-3.14101;-0.00057;-3.14147;
0.00069;0.00132;-0.00059;-3.14109;-0.00069;3.14145;
0.00040;0.00084;-0.00044;-3.14126;-0.00107;-3.14106;
0.00061;0.00114;-0.00062;-3.14079;-0.00143;-3.14158;
0.00058;0.00093;-0.00041;-3.14072;-0.00109;-3.14155;
0.00034;0.00077;-0.00036;-3.14047;-0.00103;-3.14125;
0.00029;0.00068;-0.00032;-3.14060;-0.00094;-3.14130;
0.00038;0.00080;-0.00045;-3.14056;-0.00117;-3.14142;
0.00057;0.00105;-0.00042;-3.14038;-0.00099;3.14151;
0.00047;0.00087;-0.00026;-3.14032;-0.00067;-3.14156;
0.00019;0.00032;-0.00015;-3.14028;-0.00053;-3.14153;
0.00001;0.00013;-0.00023;-3.14046;-0.00062;-3.14139;
-0.00002;-0.00005;-0.00013;-3.14059;-0.00067;-3.14148;
-0.00006;-0.00005;-0.00020;-3.14020;-0.00095;-3.14104;
-0.00003;0.00003;-0.00011;-3.14017;-0.00092;-3.14115;
0.00004;-0.00004;-0.00016;-3.14027;-0.00114;-3.14155;
0.00010;0.00042;-0.00033;-3.14051;-0.00143;-3.14081;
0.00013;0.00047;-0.00037;-3.14034;-0.00160;-3.14064;
0.00052;0.00073;-0.00037;-3.14014;-0.00159;-3.14114;
0.00042;0.00069;-0.00032;-3.14022;-0.00129;-3.14116;
0.00036;0.00095;-0.00051;-3.14022;-0.00157;-3.14085;
0.00034;0.00070;-0.00038;-3.14030;-0.00169;-3.14084;
0.00028;0.00062;-0.00040;-3.14023;-0.00185;-3.14064;
0.00037;0.00068;-0.00033;-3.14069;-0.00176;-3.14103;
0.00021;0.00037;-0.00018;-3.14075;-0.00141;-3.14117;
0.00015;0.00043;-0.00019;-3.14074;-0.00129;-3.14125;
-0.00012;-0.00014;-0.00008;-3.14102;-0.00106;-3.14144;
0.00002;-0.00002;-0.00017;-3.14093;-0.00094;-3.14142;
-0.00004;0.00003;-0.00024;-3.14074;-0.00104;-3.14126;
0.00014;0.00011;-0.00005;-3.14072;-0.00079;-3.14135;
0.00038;0.00063;-0.00037;-3.14032;-0.00099;-3.14143;
0.00003;0.00048;-0.00048;-3.14031;-0.00093;-3.14137;
-0.00002;0.00013;-0.00015;-3.14096;-0.00068;3.14131;
-0.00006;-0.00022;0.00002;-3.14124;-0.00070;3.14106;
0.00018;0.00035;-0.00035;-3.14085;-0.00097;3.14094;
0.00004;0.00030;-0.00027;-3.14092;-0.00082;3.14094;
0.00024;0.00057;-0.00033;-3.14076;-0.00102;3.14100;
0.00029;0.00073;-0.00047;-3.14038;-0.00148;3.14136;
0.00041;0.00100;-0.00060;-3.14012;-0.00185;3.14142;
0.00039;0.00094;-0.00023;-3.14107;-0.00171;-3.14148;
0.00077;0.00114;-0.00044;-3.14063;-0.00139;3.14150;
0.00079;0.00136;-0.00068;-3.14051;-0.00138;3.14116;
0.00071;0.00180;-0.00086;-3.14042;-0.00148;3.14124;
0.00046;0.00116;-0.00058;-3.14066;-0.00149;3.14137;
0.00066;0.00145;-0.00059;-3.14090;-0.00150;3.14130;
0.00043;0.00096;-0.00033;-3.14105;-0.00112;3.14127;
0.00020;0.00099;-0.00037;-3.14076;-0.00116;-3.14137;
0.00029;0.00157;-0.00025;-3.14106;-0.00114;-3.14155;
0.00029;0.00266;-0.00022;-3.14116;-0.00101;3.14158;
0.00023;0.00412;-0.00026;-3.14116;-0.00088;-3.14141;
0.00041;0.00598;-0.00034;-3.14127;-0.00105;-3.14155;
0.00026;0.00769;-0.00027;3.14128;-0.00092;-3.14140;
0.00031;0.00980;-0.00023;3.14109;-0.00082;-3.14152;
0.00020;0.01265;-0.00038;3.14113;-0.00117;-3.14138;
0.00018;0.01516;-0.00038;3.14097;-0.00099;-3.14139;
0.00033;0.01813;-0.00049;3.14057;-0.00106;-3.14109;
0.00006;0.02087;-0.00052;3.14052;-0.00120;-3.14100;
0.00010;0.02446;-0.00046;3.14093;-0.00089;-3.14071;
-0.00008;0.02770;-0.00041;3.14087;-0.00083;-3.14071;
0.00024;0.03132;-0.00035;3.14076;-0.00070;-3.14056;
0.00023;0.03555;-0.00049;3.14068;-0.00032;-3.14061;
0.00004;0.03999;-0.00077;3.14059;-0.00061;-3.14066;
-0.00010;0.04367;-0.00068;3.14069;-0.00056;-3.14018;
-0.00024;0.04822;-0.00067;3.14047;-0.00095;-3.14036;
-0.00044;0.05300;-0.00064;3.14001;-0.00067;-3.14029;
-0.00052;0.05769;-0.00072;3.14007;-0.00085;-3.14019;
-0.00080;0.06269;-0.00071;3.14018;-0.00098;-3.14000;
-0.00113;0.06741;-0.00056;3.14014;-0.00107;-3.13991;
-0.00148;0.07251;-0.00010;3.13994;-0.00108;-3.13995;
-0.00153;0.07867;-0.00030;3.13959;-0.00125;-3.13998;
-0.00167;0.08486;-0.00035;3.13978;-0.00123;-3.13970;
-0.00174;0.09120;-0.00028;3.13962;-0.00212;-3.13998;
-0.00203;0.09739;-0.00017;3.13980;-0.00143;-3.13939;
-0.00244;0.10605;-0.00028;3.13980;-0.00158;-3.13928;
-0.00271;0.11272;-0.00024;3.13991;-0.00160;-3.13893;
-0.00307;0.11926;-0.00001;3.13983;-0.00195;-3.13900;
-0.00314;0.12594;0.00009;3.13980;-0.00145;-3.13865;
-0.00352;0.13228;0.00034;3.13982;-0.00207;-3.13888;
-0.00400;0.13876;0.00045;3.13986;-0.00167;-3.13844;
-0.00436;0.14513;0.00046;3.13983;-0.00175;-3.13827;
-0.00445;0.15196;0.00033;3.13969;-0.00233;-3.13809;
-0.00466;0.15852;0.00046;3.13963;-0.00261;-3.13785;
-0.00459;0.16555;0.00039;3.13965;-0.00306;-3.13802;
-0.00502;0.17201;0.00043;3.13946;-0.00275;-3.13738;
-0.00554;0.17804;0.00060;3.13930;-0.00320;-3.13732;
-0.00563;0.18494;0.00061;3.13903;-0.00310;-3.13691;
-0.00586;0.19162;0.00070;3.13893;-0.00389;-3.13686;
-0.00606;0.19806;0.00080;3.13920;-0.00304;-3.13646;
-0.00650;0.20426;0.00110;3.13898;-0.00358;-3.13637;
-0.00675;0.21096;0.00110;3.13884;-0.00366;-3.13595;
-0.00712;0.21735;0.00118;3.13892;-0.00362;-3.13599;
-0.00736;0.22412;0.00116;3.13904;-0.00363;-3.13572;
-0.00767;0.23033;0.00126;3.13902;-0.00353;-3.13548;
-0.00792;0.23949;0.00115;3.13867;-0.00367;-3.13549;
-0.00820;0.24616;0.00118;3.13879;-0.00374;-3.13502;
-0.00836;0.25321;0.00134;3.13870;-0.00421;-3.13513;
-0.00854;0.25982;0.00134;3.13864;-0.00416;-3.13480;
-0.00871;0.26636;0.00134;3.13862;-0.00463;-3.13489;
-0.00889;0.27327;0.00123;3.13858;-0.00469;-3.13462;
-0.00917;0.27999;0.00124;3.13847;-0.00486;-3.13450;
-0.00919;0.28665;0.00136;3.13854;-0.00493;-3.13448;
-0.00966;0.29307;0.00152;3.13853;-0.00489;-3.13436;
-0.00975;0.30000;0.00138;3.13861;-0.00506;-3.13431;
-0.00998;0.30669;0.00151;3.13848;-0.00526;-3.13422;
-0.01029;0.31331;0.00155;3.13856;-0.00543;-3.13420;
-0.01059;0.31995;0.00151;3.13860;-0.00548;-3.13415;
-0.01074;0.32654;0.00161;3.13859;-0.00526;-3.13414;
-0.01113;0.33293;0.00166;3.13858;-0.00552;-3.13410;
-0.01135;0.33960;0.00168;3.13869;-0.00508;-3.13378;
-0.01164;0.34614;0.00157;3.13862;-0.00524;-3.13379;
-0.01185;0.35236;0.00177;3.13863;-0.00563;-3.13380;
-0.01220;0.35880;0.00192;3.13880;-0.00527;-3.13353;
-0.01248;0.36559;0.00203;3.13877;-0.00550;-3.13359;
-0.01266;0.37196;0.00219;3.13870;-0.00579;-3.13357;
-0.01290;0.38117;0.00223;3.13870;-0.00560;-3.13350;
-0.01306;0.38792;0.00217;3.13863;-0.00597;-3.13348;
-0.01331;0.39457;0.00227;3.13864;-0.00589;-3.13346;
-0.01343;0.40165;0.00218;3.13876;-0.00575;-3.13352;
-0.01356;0.40851;0.00228;3.13863;-0.00583;-3.13346;
-0.01379;0.41512;0.00218;3.13862;-0.00577;-3.13346;
-0.01395;0.42216;0.00222;3.13876;-0.00588;-3.13342;
-0.01414;0.42881;0.00223;3.13868;-0.00588;-3.13336;
-0.01418;0.43596;0.00222;3.13874;-0.00595;-3.13326;
-0.01428;0.44267;0.00230;3.13875;-0.00611;-3.13337;
-0.01451;0.44951;0.00225;3.13887;-0.00605;-3.13335;
-0.01482;0.45594;0.00230;3.13870;-0.00587;-3.13336;
-0.01507;0.46231;0.00234;3.13867;-0.00572;-3.13331;
-0.01512;0.46926;0.00223;3.13853;-0.00599;-3.13330;
-0.01525;0.47592;0.00232;3.13854;-0.00576;-3.13321;
-0.01544;0.48276;0.00243;3.13850;-0.00568;-3.13341;
-0.01567;0.48948;0.00249;3.13855;-0.00601;-3.13339;
-0.01589;0.49584;0.00261;3.13853;-0.00532;-3.13322;
-0.01605;0.50263;0.00264;3.13857;-0.00599;-3.13329;
-0.01650;0.50917;0.00264;3.13879;-0.00545;-3.13324;
-0.01677;0.51806;0.00253;3.13870;-0.00567;-3.13337;
-0.01680;0.52486;0.00250;3.13863;-0.00569;-3.13339;
-0.01712;0.53160;0.00262;3.13867;-0.00575;-3.13346;
-0.01741;0.53830;0.00272;3.13863;-0.00568;-3.13342;
-0.01769;0.54482;0.00278;3.13865;-0.00570;-3.13337;
-0.01798;0.55135;0.00280;3.13866;-0.00606;-3.13343;
-0.01810;0.55862;0.00273;3.13868;-0.00550;-3.13312;
-0.01837;0.56530;0.00263;3.13844;-0.00648;-3.13346;
-0.01862;0.57175;0.00263;3.13864;-0.00566;-3.13318;
-0.01895;0.57833;0.00270;3.13868;-0.00609;-3.13335;
-0.01928;0.58468;0.00274;3.13859;-0.00638;-3.13328;
-0.01937;0.59132;0.00291;3.13872;-0.00595;-3.13304;
-0.01962;0.59784;0.00301;3.13878;-0.00633;-3.13313;
-0.01992;0.60408;0.00337;3.13895;-0.00555;-3.13290;
-0.02011;0.61054;0.00341;3.13872;-0.00616;-3.13322;
-0.02031;0.61687;0.00380;3.13916;-0.00571;-3.13305;
-0.02071;0.62342;0.00386;3.13932;-0.00516;-3.13278;
-0.02092;0.62995;0.00384;3.13895;-0.00581;-3.13325;
-0.02102;0.63648;0.00395;3.13904;-0.00532;-3.13286;
-0.02130;0.64349;0.00386;3.13915;-0.00462;-3.13303;
-0.02139;0.65233;0.00385;3.13921;-0.00461;-3.13298;
-0.02166;0.65887;0.00392;3.13908;-0.00515;-3.13343;
-0.02203;0.66541;0.00396;3.13928;-0.00471;-3.13327;
-0.02223;0.67207;0.00405;3.13937;-0.00400;-3.13314;
-0.02257;0.67861;0.00414;3.13912;-0.00466;-3.13341;
-0.02285;0.68520;0.00425;3.13925;-0.00368;-3.13305;
-0.02300;0.69198;0.00418;3.13915;-0.00432;-3.13333;
-0.02310;0.69938;0.00401;3.13925;-0.00439;-3.13333;
-0.02340;0.70611;0.00401;3.13934;-0.00397;-3.13314;
-0.02373;0.71247;0.00429;3.13923;-0.00463;-3.13337;
-0.02405;0.71881;0.00439;3.13920;-0.00366;-3.13300;
-0.02433;0.72525;0.00440;3.13888;-0.00488;-3.13334;
-0.02454;0.73182;0.00446;3.13895;-0.00498;-3.13338;
-0.02484;0.73833;0.00456;3.13904;-0.00449;-3.13318;
-0.02515;0.74470;0.00458;3.13887;-0.00503;-3.13324;
-0.02540;0.75144;0.00488;3.13893;-0.00529;-3.13315;
-0.02550;0.75823;0.00499;3.13887;-0.00480;-3.13294;
-0.02569;0.76501;0.00473;3.13889;-0.00538;-3.13301;
-0.02583;0.77179;0.00474;3.13900;-0.00489;-3.13285;
-0.02601;0.77866;0.00480;3.13899;-0.00532;-3.13312;
-0.02614;0.78753;0.00499;3.13897;-0.00476;-3.13277;
-0.02629;0.79410;0.00524;3.13907;-0.00512;-3.13296;
-0.02661;0.80053;0.00513;3.13893;-0.00458;-3.13278;
-0.02690;0.80770;0.00495;3.13901;-0.00493;-3.13304;
-0.02703;0.81443;0.00495;3.13898;-0.00494;-3.13290;
-0.02725;0.82101;0.00496;3.13898;-0.00427;-3.13261;
-0.02730;0.82799;0.00505;3.13906;-0.00466;-3.13283;
-0.02753;0.83473;0.00500;3.13907;-0.00442;-3.13268;
-0.02771;0.84157;0.00509;3.13906;-0.00451;-3.13278;
-0.02806;0.84818;0.00519;3.13901;-0.00474;-3.13297;
-0.02817;0.85492;0.00523;3.13902;-0.00433;-3.13280;
-0.02843;0.86132;0.00526;3.13892;-0.00490;-3.13288;
-0.02870;0.86802;0.00522;3.13923;-0.00406;-3.13254;
-0.02897;0.87464;0.00529;3.13902;-0.00497;-3.13282;
-0.02911;0.88160;0.00523;3.13924;-0.00455;-3.13263;
-0.02936;0.88842;0.00526;3.13906;-0.00475;-3.13267;
-0.02945;0.89486;0.00545;3.13921;-0.00474;-3.13278;
-0.02965;0.90181;0.00543;3.13915;-0.00430;-3.13274;
-0.02993;0.90835;0.00541;3.13911;-0.00455;-3.13289;
-0.03007;0.91546;0.00544;3.13912;-0.00488;-3.13294;
-0.03042;0.92384;0.00571;3.13919;-0.00462;-3.13290;
-0.03069;0.93022;0.00581;3.13906;-0.00431;-3.13274;
-0.03101;0.93690;0.00576;3.13898;-0.00438;-3.13282;
-0.03119;0.94347;0.00611;3.13924;-0.00438;-3.13301;
-0.03162;0.94971;0.00608;3.13922;-0.00400;-3.13262;
-0.03190;0.95618;0.00609;3.13916;-0.00423;-3.13279;
-0.03204;0.96293;0.00614;3.13918;-0.00381;-3.13256;
-0.03224;0.96949;0.00620;3.13911;-0.00391;-3.13262;
-0.03265;0.97591;0.00636;3.13906;-0.00365;-3.13262;
-0.03284;0.98247;0.00619;3.13886;-0.00388;-3.13264;
-0.03298;0.98946;0.00626;3.13897;-0.00379;-3.13269;
-0.03304;0.99646;0.00640;3.13927;-0.00368;-3.13261;
-0.03316;1.00317;0.00620;3.13921;-0.00355;-3.13246;
-0.03343;1.00990;0.00633;3.13925;-0.00358;-3.13268;
-0.03356;1.01672;0.00647;3.13914;-0.00368;-3.13266;
-0.03395;1.02325;0.00654;3.13919;-0.00311;-3.13273;
-0.03400;1.02985;0.00661;3.13915;-0.00324;-3.13270;
-0.03463;1.03562;0.00682;3.13921;-0.00317;-3.13260;
-0.03478;1.04258;0.00690;3.13922;-0.00325;-3.13261;
-0.03501;1.04871;0.00695;3.13920;-0.00321;-3.13242;
-0.03538;1.05761;0.00696;3.13923;-0.00355;-3.13258;
-0.03571;1.06403;0.00708;3.13931;-0.00321;-3.13242;
-0.03598;1.07068;0.00733;3.13930;-0.00339;-3.13247;
-0.03613;1.07741;0.00723;3.13940;-0.00356;-3.13254;
-0.03648;1.08354;0.00738;3.13940;-0.00333;-3.13255;
-0.03686;1.09019;0.00738;3.13945;-0.00375;-3.13273;
-0.03713;1.09676;0.00729;3.13942;-0.00378;-3.13246;
-0.03732;1.10329;0.00734;3.13942;-0.00345;-3.13238;
-0.03756;1.10986;0.00744;3.13931;-0.00440;-3.13269;
-0.03798;1.11638;0.00754;3.13929;-0.00335;-3.13219;
-0.03819;1.12291;0.00750;3.13933;-0.00454;-3.13249;
-0.03841;1.12951;0.00754;3.13927;-0.00430;-3.13216;
-0.03874;1.13575;0.00773;3.13933;-0.00422;-3.13226;
-0.03866;1.14239;0.00766;3.13921;-0.00522;-3.13234;
-0.03867;1.14919;0.00779;3.13944;-0.00398;-3.13204;
-0.03898;1.15588;0.00801;3.13950;-0.00453;-3.13231;
-0.03922;1.16243;0.00801;3.13953;-0.00384;-3.13220;
-0.03927;1.16953;0.00802;3.13956;-0.00365;-3.13215;
-0.03946;1.17684;0.00791;3.13966;-0.00390;-3.13238;
-0.03960;1.18378;0.00792;3.13984;-0.00321;-3.13225;
-0.03982;1.19062;0.00802;3.13985;-0.00320;-3.13229;
-0.04005;1.19970;0.00812;3.13983;-0.00315;-3.13215;
-0.04041;1.20607;0.00821;3.13979;-0.00342;-3.13230;
-0.04050;1.21294;0.00814;3.13981;-0.00317;-3.13229;
-0.04059;1.22026;0.00795;3.13965;-0.00325;-3.13251;
-0.04083;1.22732;0.00794;3.13967;-0.00343;-3.13253;
-0.04106;1.23391;0.00793;3.13970;-0.00278;-3.13235;
-0.04121;1.24108;0.00790;3.13965;-0.00330;-3.13262;
-0.04145;1.24738;0.00819;3.13980;-0.00271;-3.13234;
-0.04175;1.25440;0.00809;3.13976;-0.00299;-3.13251;
-0.04213;1.26081;0.00816;3.13982;-0.00352;-3.13261;
-0.04218;1.26780;0.00818;3.13980;-0.00314;-3.13232;
-0.04235;1.27424;0.00830;3.13984;-0.00346;-3.13245;
-0.04267;1.28043;0.00842;3.13984;-0.00331;-3.13234;
-0.04298;1.28681;0.00854;3.13987;-0.00297;-3.13212;
-0.04325;1.29343;0.00857;3.13996;-0.00332;-3.13230;
-0.04350;1.29975;0.00868;3.13999;-0.00296;-3.13229;
-0.04377;1.30635;0.00876;3.14013;-0.00282;-3.13225;
-0.04402;1.31291;0.00872;3.14014;-0.00322;-3.13245;
-0.04421;1.31933;0.00891;3.14017;-0.00282;-3.13222;
-0.04440;1.32632;0.00899;3.14019;-0.00310;-3.13237;
-0.04477;1.33493;0.00895;3.14017;-0.00249;-3.13212;
-0.04494;1.34210;0.00893;3.14015;-0.00307;-3.13246;
-0.04505;1.34878;0.00894;3.14026;-0.00230;-3.13212;
-0.04516;1.35565;0.00887;3.14026;-0.00295;-3.13228;
-0.04549;1.36209;0.00902;3.14036;-0.00228;-3.13204;
-0.04562;1.36897;0.00904;3.14042;-0.00216;-3.13202;
-0.04581;1.37561;0.00903;3.14034;-0.00275;-3.13211;
-0.04605;1.38218;0.00918;3.14060;-0.00154;-3.13187;
-0.04615;1.38912;0.00911;3.14059;-0.00230;-3.13233;
-0.04657;1.39540;0.00918;3.14062;-0.00198;-3.13209;
-0.04694;1.40203;0.00930;3.14071;-0.00160;-3.13217;
-0.04709;1.40844;0.00931;3.14068;-0.00215;-3.13221;
-0.04714;1.41529;0.00945;3.14065;-0.00201;-3.13204;
-0.04756;1.42177;0.00958;3.14066;-0.00196;-3.13223;
-0.04786;1.42799;0.00969;3.14070;-0.00211;-3.13210;
-0.04840;1.43410;0.00958;3.14085;-0.00196;-3.13208;
-0.04868;1.44040;0.00935;3.14091;-0.00251;-3.13220;
-0.04871;1.44698;0.00956;3.14093;-0.00249;-3.13204;
-0.04910;1.45299;0.00976;3.14087;-0.00218;-3.13207;
-0.04930;1.45943;0.00980;3.14090;-0.00234;-3.13207;
-0.04972;1.46778;0.01020;3.14093;-0.00235;-3.13214;
-0.05018;1.47416;0.01020;3.14080;-0.00219;-3.13210;
-0.05051;1.48020;0.01039;3.14068;-0.00254;-3.13216;
-0.05066;1.48698;0.01036;3.14071;-0.00200;-3.13200;
-0.05074;1.49353;0.01044;3.14068;-0.00235;-3.13205;
-0.05102;1.50006;0.01039;3.14075;-0.00221;-3.13215;
-0.05121;1.50671;0.01037;3.14072;-0.00236;-3.13218;
-0.05146;1.51310;0.01049;3.14083;-0.00217;-3.13218;
-0.05167;1.52023;0.01053;3.14083;-0.00214;-3.13218;
-0.05204;1.52687;0.01067;3.14074;-0.00229;-3.13226;
-0.05247;1.53346;0.01073;3.14070;-0.00185;-3.13223;
-0.05243;1.54038;0.01070;3.14059;-0.00250;-3.13225;
-0.05261;1.54722;0.01076;3.14057;-0.00245;-3.13228;
-0.05281;1.55400;0.01073;3.14051;-0.00249;-3.13220;
-0.05300;1.56108;0.01065;3.14054;-0.00230;-3.13220;
-0.05304;1.56866;0.01050;3.14056;-0.00222;-3.13225;
-0.05339;1.57470;0.01094;3.14059;-0.00228;-3.13228;
-0.05347;1.58136;0.01080;3.14058;-0.00196;-3.13199;
-0.05387;1.58740;0.01090;3.14066;-0.00193;-3.13213;
-0.05418;1.59469;0.01081;3.14078;-0.00196;-3.13207;
-0.05432;1.60104;0.01102;3.14079;-0.00179;-3.13220;
-0.05462;1.60989;0.01090;3.14099;-0.00207;-3.13212;
-0.05480;1.61651;0.01091;3.14106;-0.00130;-3.13187;
-0.05500;1.62309;0.01104;3.14095;-0.00189;-3.13220;
-0.05532;1.62988;0.01098;3.14094;-0.00114;-3.13186;
-0.05557;1.63641;0.01105;3.14104;-0.00147;-3.13198;
-0.05571;1.64344;0.01114;3.14094;-0.00201;-3.13203;
-0.05631;1.64919;0.01130;3.14100;-0.00141;-3.13199;
-0.05658;1.65613;0.01138;3.14088;-0.00207;-3.13206;
-0.05639;1.66323;0.01138;3.14082;-0.00186;-3.13192;
-0.05671;1.66957;0.01156;3.14072;-0.00249;-3.13209;
-0.05692;1.67644;0.01151;3.14067;-0.00167;-3.13174;
-0.05710;1.68255;0.01141;3.14055;-0.00182;-3.13194;
-0.05727;1.68916;0.01134;3.14058;-0.00163;-3.13168;
-0.05769;1.69551;0.01150;3.14070;-0.00135;-3.13161;
-0.05777;1.70261;0.01134;3.14056;-0.00186;-3.13197;
-0.05805;1.70943;0.01141;3.14064;-0.00126;-3.13159;
-0.05831;1.71580;0.01145;3.14067;-0.00131;-3.13184;
-0.05829;1.72297;0.01163;3.14052;-0.00122;-3.13180;
-0.05872;1.72946;0.01169;3.14047;-0.00102;-3.13179;
-0.05915;1.73568;0.01167;3.14036;-0.00141;-3.13184;
-0.05942;1.74454;0.01169;3.14032;-0.00111;-3.13165;
-0.05950;1.75078;0.01170;3.14024;-0.00159;-3.13170;
-0.05980;1.75761;0.01173;3.14033;-0.00143;-3.13175;
-0.06020;1.76415;0.01182;3.14033;-0.00113;-3.13163;
-0.06021;1.77091;0.01209;3.14044;-0.00100;-3.13135;
-0.06064;1.77734;0.01231;3.14023;-0.00200;-3.13170;
-0.06066;1.78411;0.01231;3.14033;-0.00064;-3.13124;
-0.06094;1.79031;0.01247;3.14042;-0.00099;-3.13148;
-0.06117;1.79691;0.01251;3.14045;-0.00131;-3.13140;
-0.06147;1.80411;0.01241;3.14054;-0.00100;-3.13161;
-0.06171;1.81096;0.01223;3.14042;-0.00087;-3.13157;
-0.06186;1.81762;0.01226;3.14060;-0.00076;-3.13148;
-0.06208;1.82392;0.01246;3.14061;-0.00025;-3.13140;
-0.06230;1.83053;0.01243;3.14045;-0.00112;-3.13191;
-0.06235;1.83730;0.01233;3.14043;0.00005;-3.13151;
-0.06273;1.84417;0.01254;3.14044;-0.00008;-3.13171;
-0.06276;1.85145;0.01256;3.14039;-0.00032;-3.13180;
-0.06288;1.85822;0.01261;3.14051;0.00018;-3.13168;
-0.06322;1.86497;0.01259;3.14045;-0.00022;-3.13199;
-0.06337;1.87163;0.01265;3.14037;0.00004;-3.13188;
-0.06361;1.87807;0.01275;3.14054;0.00054;-3.13171;
-0.06377;1.88693;0.01292;3.14042;0.00047;-3.13172;
-0.06416;1.89323;0.01307;3.14033;0.00080;-3.13182;
-0.06424;1.90016;0.01293;3.14037;0.00025;-3.13175;
-0.06477;1.90673;0.01311;3.14039;0.00119;-3.13161;
-0.06499;1.91360;0.01286;3.14026;0.00077;-3.13173;
-0.06529;1.92008;0.01302;3.14037;0.00077;-3.13174;
-0.06544;1.92740;0.01305;3.14031;0.00073;-3.13160;
-0.06548;1.93474;0.01297;3.14026;0.00055;-3.13175;
-0.06578;1.94172;0.01298;3.14037;0.00091;-3.13154;
-0.06586;1.94903;0.01293;3.14011;0.00022;-3.13172;
-0.06606;1.95546;0.01304;3.14023;0.00073;-3.13153;
-0.06637;1.96246;0.01297;3.14016;0.00046;-3.13145;
-0.06660;1.96894;0.01299;3.14001;-0.00011;-3.13159;
-0.06685;1.97544;0.01293;3.14013;0.00066;-3.13107;
-0.06711;1.98145;0.01319;3.14007;-0.00028;-3.13157;
-0.06731;1.98866;0.01315;3.14009;-0.00005;-3.13146;
-0.06741;1.99572;0.01313;3.13985;-0.00033;-3.13142;
-0.06752;2.00186;0.01343;3.13996;-0.00041;-3.13150;
-0.06761;2.00851;0.01366;3.14018;0.00012;-3.13099;
-0.06796;2.01456;0.01365;3.14028;0.00016;-3.13115;
-0.06853;2.02297;0.01356;3.13993;0.00048;-3.13117;
-0.06867;2.02936;0.01347;3.14003;0.00044;-3.13129;
-0.06892;2.03603;0.01351;3.14008;0.00014;-3.13129;
-0.06928;2.04310;0.01341;3.13991;0.00028;-3.13104;
-0.06942;2.04921;0.01374;3.14017;0.00066;-3.13115;
-0.06961;2.05620;0.01398;3.14009;0.00033;-3.13112;
-0.06977;2.06270;0.01411;3.14006;0.00019;-3.13127;
-0.07008;2.06925;0.01398;3.13995;0.00039;-3.13116;
-0.07044;2.07570;0.01409;3.13998;0.00045;-3.13114;
-0.07063;2.08203;0.01419;3.13991;0.00025;-3.13134;
-0.07082;2.08846;0.01407;3.13980;0.00046;-3.13114;
-0.07119;2.09500;0.01418;3.13982;0.00053;-3.13128;
-0.07148;2.10129;0.01426;3.13987;0.00060;-3.13111;
-0.07176;2.10791;0.01413;3.13948;0.00023;-3.13111;
-0.07200;2.11367;0.01453;3.13960;0.00053;-3.13115;
-0.07219;2.12060;0.01475;3.13957;0.00068;-3.13112;
-0.07263;2.12644;0.01494;3.13953;0.00055;-3.13133;
-0.07298;2.13294;0.01495;3.13963;0.00083;-3.13137;
-0.07315;2.13986;0.01486;3.13959;0.00131;-3.13127;
-0.07352;2.14535;0.01492;3.13950;0.00026;-3.13137;
-0.07360;2.15432;0.01513;3.13970;0.00068;-3.13142;
-0.07382;2.16063;0.01517;3.13985;0.00107;-3.13135;
-0.07428;2.16722;0.01530;3.13983;0.00135;-3.13120;
-0.07443;2.17404;0.01532;3.13989;0.00138;-3.13130;
-0.07480;2.18024;0.01539;3.13999;0.00145;-3.13128;
-0.07494;2.18645;0.01551;3.13992;0.00140;-3.13120;
-0.07531;2.19251;0.01576;3.14015;0.00111;-3.13124;
-0.07569;2.19870;0.01562;3.14012;0.00164;-3.13104;
-0.07604;2.20452;0.01573;3.14014;0.00132;-3.13115;
-0.07630;2.21072;0.01576;3.14017;0.00144;-3.13106;
-0.07660;2.21699;0.01580;3.14020;0.00150;-3.13110;
-0.07671;2.22417;0.01575;3.14032;0.00153;-3.13105;
-0.07682;2.23101;0.01590;3.14052;0.00153;-3.13094;
-0.07710;2.23722;0.01601;3.14051;0.00165;-3.13093;
-0.07733;2.24417;0.01622;3.14071;0.00187;-3.13084;
-0.07800;2.25004;0.01649;3.14060;0.00147;-3.13084;
-0.07803;2.25693;0.01640;3.14057;0.00116;-3.13096;
-0.07840;2.26345;0.01635;3.14057;0.00165;-3.13072;
-0.07865;2.27009;0.01643;3.14050;0.00128;-3.13082;
-0.07877;2.27683;0.01652;3.14068;0.00091;-3.13088;
-0.07917;2.28545;0.01668;3.14059;0.00093;-3.13104;
-0.07945;2.29246;0.01653;3.14075;0.00122;-3.13065;
-0.07970;2.29958;0.01631;3.14058;0.00127;-3.13073;
-0.07992;2.30647;0.01638;3.14067;0.00078;-3.13086;
-0.08016;2.31324;0.01648;3.14074;0.00124;-3.13078;
-0.08021;2.31963;0.01644;3.14064;0.00076;-3.13094;
-0.08028;2.32602;0.01661;3.14086;0.00115;-3.13061;
-0.08052;2.33263;0.01679;3.14090;0.00131;-3.13065;
-0.08063;2.33910;0.01694;3.14105;0.00075;-3.13075;
-0.08119;2.34532;0.01714;3.14103;0.00153;-3.13062;
-0.08125;2.35205;0.01700;3.14095;0.00107;-3.13085;
-0.08141;2.35832;0.01714;3.14104;0.00141;-3.13071;
-0.08165;2.36480;0.01709;3.14106;0.00170;-3.13068;
-0.08178;2.37101;0.01721;3.14096;0.00139;-3.13072;
-0.08211;2.37774;0.01722;3.14108;0.00183;-3.13079;
-0.08226;2.38438;0.01722;3.14105;0.00214;-3.13070;
-0.08261;2.39082;0.01733;3.14107;0.00185;-3.13073;
-0.08290;2.39704;0.01731;3.14111;0.00252;-3.13051;
-0.08301;2.40332;0.01752;3.14112;0.00210;-3.13054;
-0.08325;2.41029;0.01747;3.14114;0.00233;-3.13067;
-0.08382;2.41841;0.01775;3.14116;0.00261;-3.13058;
-0.08418;2.42512;0.01768;3.14110;0.00290;-3.13054;
-0.08432;2.43187;0.01755;3.14107;0.00251;-3.13082;
-0.08436;2.43875;0.01777;3.14126;0.00269;-3.13047;
-0.08462;2.44523;0.01798;3.14121;0.00218;-3.13048;
-0.08488;2.45222;0.01787;3.14129;0.00252;-3.13063;
-0.08506;2.45952;0.01803;3.14129;0.00269;-3.13038;
-0.08555;2.46529;0.01824;3.14123;0.00294;-3.13058;
-0.08584;2.47235;0.01811;3.14130;0.00280;-3.13072;
-0.08610;2.47850;0.01806;3.14113;0.00294;-3.13059;
-0.08617;2.48537;0.01807;3.14111;0.00250;-3.13055;
-0.08618;2.49302;0.01797;3.14124;0.00250;-3.13067;
-0.08636;2.50037;0.01792;3.14126;0.00261;-3.13061;
-0.08655;2.50708;0.01825;3.14131;0.00222;-3.13067;
-0.08663;2.51423;0.01828;3.14138;0.00281;-3.13072;
-0.08668;2.52147;0.01834;3.14130;0.00250;-3.13077;
-0.08689;2.52829;0.01847;3.14126;0.00280;-3.13055;
-0.08703;2.53531;0.01834;3.14128;0.00270;-3.13064;
-0.08724;2.54196;0.01837;3.14136;0.00298;-3.13076;
-0.08743;2.54898;0.01812;3.14128;0.00272;-3.13082;
-0.08752;2.55633;0.01818;3.14119;0.00278;-3.13102;
-0.08798;2.56484;0.01832;3.14110;0.00287;-3.13105;
-0.08799;2.57181;0.01844;3.14124;0.00279;-3.13115;
-0.08815;2.57852;0.01803;3.14114;0.00289;-3.13099;
-0.08821;2.58655;0.01819;3.14118;0.00232;-3.13118;
-0.08841;2.59483;0.01819;3.14147;0.00294;-3.13097;
-0.08846;2.60211;0.01787;3.14136;0.00251;-3.13101;
-0.08879;2.60822;0.01800;3.14123;0.00255;-3.13095;
-0.08917;2.61415;0.01806;3.14094;0.00273;-3.13087;
-0.08923;2.62129;0.01798;3.14092;0.00236;-3.13088;
-0.08953;2.62786;0.01820;3.14118;0.00295;-3.13077;
-0.08989;2.63461;0.01810;3.14096;0.00270;-3.13093;
-0.08998;2.64106;0.01853;3.14097;0.00302;-3.13087;
-0.09031;2.64720;0.01861;3.14065;0.00267;-3.13111;
-0.09052;2.65379;0.01872;3.14078;0.00304;-3.13099;
-0.09081;2.66016;0.01884;3.14077;0.00310;-3.13084;
-0.09108;2.66629;0.01878;3.14051;0.00286;-3.13087;
-0.09148;2.67240;0.01885;3.14046;0.00316;-3.13086;
-0.09180;2.67884;0.01891;3.14034;0.00305;-3.13082;
-0.09189;2.68566;0.01885;3.14008;0.00291;-3.13088;
-0.09215;2.69160;0.01895;3.14003;0.00288;-3.13082;
-0.09240;2.70102;0.01906;3.14009;0.00309;-3.13072;
-0.09262;2.70769;0.01907;3.13982;0.00273;-3.13087;
-0.09269;2.71452;0.01909;3.13966;0.00250;-3.13090;
-0.09284;2.72184;0.01918;3.13981;0.00315;-3.13065;
-0.09324;2.72835;0.01900;3.13935;0.00235;-3.13115;
-0.09374;2.73430;0.01916;3.13944;0.00335;-3.13084;
-0.09372;2.74044;0.01916;3.13923;0.00257;-3.13101;
-0.09378;2.74777;0.01911;3.13925;0.00317;-3.13080;
-0.09394;2.75400;0.01938;3.13944;0.00326;-3.13082;
-0.09419;2.76108;0.01921;3.13928;0.00288;-3.13090;
-0.09445;2.76754;0.01919;3.13934;0.00341;-3.13090;
-0.09488;2.77334;0.01933;3.13921;0.00343;-3.13082;
-0.09493;2.78042;0.01949;3.13941;0.00382;-3.13065;
-0.09513;2.78716;0.01984;3.13954;0.00370;-3.13067;
-0.09542;2.79394;0.02000;3.13946;0.00369;-3.13069;
-0.09569;2.80036;0.01961;3.13921;0.00430;-3.13035;
-0.09593;2.80738;0.02001;3.13912;0.00370;-3.13087;
-0.09623;2.81435;0.02008;3.13929;0.00425;-3.13070;
-0.09654;2.82084;0.02005;3.13902;0.00398;-3.13070;
-0.09660;2.82692;0.02011;3.13876;0.00346;-3.13076;
-0.09690;2.83572;0.02021;3.13898;0.00324;-3.13081;
-0.09751;2.84138;0.02001;3.13893;0.00383;-3.13055;
-0.09775;2.84824;0.02009;3.13875;0.00348;-3.13054;
-0.09816;2.85491;0.02020;3.13881;0.00330;-3.13052;
-0.09840;2.86102;0.02019;3.13872;0.00323;-3.13040;
-0.09835;2.86733;0.02031;3.13882;0.00265;-3.13042;
-0.09850;2.87406;0.02053;3.13871;0.00314;-3.13025;
-0.09874;2.88045;0.02064;3.13876;0.00283;-3.13051;
-0.09891;2.88692;0.02069;3.13884;0.00340;-3.13029;
-0.09904;2.89308;0.02065;3.13882;0.00370;-3.13035;
-0.09934;2.89979;0.02102;3.13888;0.00341;-3.13050;
-0.09972;2.90585;0.02073;3.13888;0.00358;-3.13024;
-0.10005;2.91202;0.02085;3.13898;0.00363;-3.13043;
-0.10014;2.91825;0.02121;3.13887;0.00368;-3.13041;
-0.10018;2.92488;0.02127;3.13871;0.00367;-3.13037;
-0.10057;2.93236;0.02113;3.13900;0.00401;-3.13040;
-0.10091;2.93855;0.02122;3.13873;0.00367;-3.13055;
-0.10112;2.94407;0.02135;3.13870;0.00430;-3.13041;
-0.10121;2.95117;0.02143;3.13858;0.00384;-3.13054;
-0.10178;2.95686;0.02136;3.13879;0.00405;-3.13034;
-0.10203;2.96520;0.02158;3.13879;0.00390;-3.13076;
-0.10226;2.97193;0.02164;3.13853;0.00404;-3.13036;
-0.10273;2.97869;0.02206;3.13878;0.00428;-3.13049;
-0.10295;2.98472;0.02219;3.13899;0.00419;-3.13049;
-0.10287;2.99159;0.02251;3.13882;0.00361;-3.13050;
-0.10327;2.99777;0.02246;3.13879;0.00365;-3.13068;
-0.10362;3.00454;0.02220;3.13872;0.00384;-3.13027;
-0.10365;3.01085;0.02239;3.13877;0.00364;-3.13054;
-0.10399;3.01732;0.02202;3.13874;0.00385;-3.13041;
-0.10426;3.02370;0.02217;3.13867;0.00404;-3.13043;
-0.10452;3.02976;0.02239;3.13867;0.00384;-3.13053;
-0.10445;3.03699;0.02259;3.13874;0.00408;-3.13038;
-0.10472;3.04251;0.02254;3.13869;0.00406;-3.13061;
-0.10496;3.04835;0.02281;3.13851;0.00423;-3.13034;
-0.10522;3.05509;0.02288;3.13876;0.00468;-3.13030;
-0.10513;3.06233;0.02282;3.13873;0.00414;-3.13049;
-0.10536;3.06918;0.02315;3.13883;0.00493;-3.13008;
-0.10563;3.07551;0.02311;3.13857;0.00462;-3.13057;
-0.10583;3.08221;0.02305;3.13871;0.00513;-3.13019;
-0.10639;3.08781;0.02302;3.13880;0.00577;-3.13027;
-0.10666;3.09447;0.02295;3.13860;0.00478;-3.13063;
-0.10684;3.10345;0.02321;3.13849;0.00493;-3.13043;
-0.10692;3.11095;0.02310;3.13868;0.00509;-3.13027;
-0.10722;3.11758;0.02327;3.13870;0.00525;-3.13020;
-0.10730;3.12418;0.02324;3.13847;0.00428;-3.13062;
-0.10756;3.13087;0.02338;3.13860;0.00491;-3.13041;
-0.10798;3.13730;0.02333;3.13857;0.00466;-3.13053;
-0.10819;3.14435;0.02324;3.13872;0.00437;-3.13051;
-0.10846;3.15140;0.02356;3.13855;0.00425;-3.13043;
-0.10857;3.15830;0.02347;3.13849;0.00436;-3.13047;
-0.10861;3.16490;0.02360;3.13841;0.00433;-3.13034;
-0.10886;3.17107;0.02361;3.13840;0.00450;-3.13045;
-0.10903;3.17813;0.02363;3.13839;0.00415;-3.13056;
-0.10933;3.18502;0.02378;3.13826;0.00445;-3.13048;
-0.10945;3.19138;0.02382;3.13845;0.00493;-3.13041;
-0.10946;3.19858;0.02396;3.13850;0.00460;-3.13052;
-0.10972;3.20496;0.02420;3.13840;0.00450;-3.13083;
-0.10986;3.21159;0.02422;3.13856;0.00521;-3.13040;
-0.11023;3.21674;0.02442;3.13856;0.00531;-3.13044;
-0.11052;3.22191;0.02461;3.13833;0.00497;-3.13050;
-0.11064;3.22936;0.02458;3.13841;0.00512;-3.13043;
-0.11104;3.23747;0.02477;3.13830;0.00526;-3.13047;
-0.11130;3.24393;0.02485;3.13845;0.00576;-3.13022;
-0.11133;3.25064;0.02457;3.13826;0.00516;-3.13045;
-0.11145;3.25831;0.02465;3.13827;0.00540;-3.13048;
-0.11170;3.26470;0.02503;3.13822;0.00579;-3.13040;
-0.11190;3.27058;0.02516;3.13821;0.00543;-3.13059;
-0.11215;3.27693;0.02499;3.13840;0.00588;-3.13044;
-0.11241;3.28336;0.02500;3.13828;0.00552;-3.13062;
-0.11295;3.28985;0.02498;3.13844;0.00605;-3.13055;
-0.11324;3.29658;0.02497;3.13836;0.00614;-3.13058;
-0.11361;3.30296;0.02497;3.13823;0.00581;-3.13072;
-0.11397;3.30937;0.02494;3.13834;0.00624;-3.13047;
-0.11438;3.31577;0.02493;3.13821;0.00583;-3.13075;
-0.11419;3.32135;0.02554;3.13816;0.00525;-3.13072;
-0.11460;3.32764;0.02582;3.13805;0.00566;-3.13052;
-0.11470;3.33409;0.02588;3.13810;0.00513;-3.13090;
-0.11475;3.34153;0.02567;3.13831;0.00500;-3.13084;
-0.11496;3.34823;0.02566;3.13825;0.00533;-3.13066;
-0.11503;3.35451;0.02580;3.13819;0.00475;-3.13094;
-0.11525;3.36250;0.02577;3.13844;0.00533;-3.13072;
-0.11544;3.37199;0.02590;3.13837;0.00529;-3.13090;
-0.11555;3.37906;0.02593;3.13821;0.00542;-3.13080;
-0.11579;3.38505;0.02621;3.13816;0.00501;-3.13090;
-0.11597;3.39122;0.02653;3.13805;0.00548;-3.13072;
-0.11619;3.39833;0.02632;3.13795;0.00529;-3.13090;
-0.11659;3.40485;0.02648;3.13799;0.00551;-3.13086;
-0.11667;3.41231;0.02604;3.13795;0.00577;-3.13085;
-0.11689;3.41896;0.02584;3.13779;0.00511;-3.13090;
-0.11695;3.42647;0.02628;3.13788;0.00545;-3.13066;
-0.11715;3.43287;0.02627;3.13782;0.00532;-3.13091;
-0.11713;3.43982;0.02612;3.13757;0.00465;-3.13107;
-0.11761;3.44595;0.02673;3.13783;0.00593;-3.13072;
-0.11803;3.45341;0.02654;3.13786;0.00572;-3.13094;
-0.11797;3.45960;0.02635;3.13784;0.00532;-3.13088;
-0.11828;3.46664;0.02682;3.13791;0.00570;-3.13084;
-0.11838;3.47401;0.02679;3.13785;0.00517;-3.13098;
-0.11855;3.48046;0.02687;3.13788;0.00540;-3.13062;
-0.11874;3.48718;0.02698;3.13779;0.00523;-3.13089;
-0.11869;3.49377;0.02704;3.13774;0.00540;-3.13065;
-0.11925;3.50026;0.02730;3.13780;0.00581;-3.13097;
-0.11947;3.50921;0.02723;3.13760;0.00569;-3.13067;
-0.11967;3.51542;0.02751;3.13763;0.00551;-3.13090;
-0.12029;3.52060;0.02751;3.13760;0.00584;-3.13077;
-0.12021;3.52680;0.02749;3.13726;0.00560;-3.13054;
-0.12041;3.53343;0.02775;3.13744;0.00542;-3.13072;
-0.12086;3.53908;0.02780;3.13753;0.00592;-3.13046;
-0.12116;3.54525;0.02782;3.13754;0.00607;-3.13059;
-0.12153;3.55054;0.02787;3.13729;0.00583;-3.13047;
-0.12153;3.55885;0.02824;3.13756;0.00636;-3.13013;
-0.12164;3.56620;0.02815;3.13752;0.00600;-3.13057;
-0.12175;3.57289;0.02838;3.13768;0.00621;-3.13024;
-0.12174;3.58042;0.02834;3.13766;0.00649;-3.13044;
-0.12229;3.58538;0.02814;3.13765;0.00623;-3.13041;
-0.12212;3.59213;0.02822;3.13766;0.00695;-3.13020;
-0.12240;3.59939;0.02851;3.13790;0.00627;-3.13084;
-0.12249;3.60679;0.02836;3.13786;0.00649;-3.13076;
-0.12255;3.61357;0.02821;3.13788;0.00701;-3.13058;
-0.12321;3.61853;0.02857;3.13755;0.00654;-3.13087;
-0.12321;3.62604;0.02865;3.13754;0.00674;-3.13078;
-0.12362;3.63348;0.02860;3.13761;0.00675;-3.13095;
-0.12363;3.64360;0.02830;3.13780;0.00646;-3.13101;
-0.12407;3.64965;0.02818;3.13805;0.00664;-3.13080;
-0.12397;3.65767;0.02849;3.13788;0.00620;-3.13077;
-0.12427;3.66354;0.02832;3.13757;0.00623;-3.13110;
-0.12435;3.67089;0.02846;3.13758;0.00575;-3.13104;
-0.12469;3.67680;0.02855;3.13755;0.00597;-3.13113;
-0.12487;3.68309;0.02878;3.13757;0.00584;-3.13120;
-0.12518;3.69106;0.02869;3.13769;0.00605;-3.13076;
-0.12497;3.69901;0.02856;3.13738;0.00554;-3.13096;
-0.12508;3.70606;0.02875;3.13759;0.00536;-3.13101;
-0.12526;3.71244;0.02891;3.13782;0.00557;-3.13086;
-0.12565;3.71807;0.02895;3.13800;0.00525;-3.13088;
-0.12569;3.72688;0.02938;3.13800;0.00570;-3.13068;
-0.12575;3.73436;0.02931;3.13758;0.00530;-3.13106;
-0.12588;3.74044;0.02945;3.13761;0.00511;-3.13102;
-0.12585;3.74840;0.02923;3.13770;0.00566;-3.13076;
-0.12600;3.75506;0.02894;3.13784;0.00523;-3.13084;
-0.12624;3.76161;0.02922;3.13786;0.00530;-3.13081;
-0.12668;3.76906;0.02912;3.13760;0.00565;-3.13097;
-0.12686;3.77528;0.02925;3.13771;0.00564;-3.13097;
-0.12722;3.78227;0.02944;3.13777;0.00599;-3.13101;
-0.12764;3.79040;0.02926;3.13789;0.00567;-3.13089;
-0.12785;3.79672;0.02945;3.13776;0.00583;-3.13076;
-0.12810;3.80228;0.02965;3.13766;0.00530;-3.13099;
-0.12816;3.81028;0.02992;3.13753;0.00552;-3.13100;
-0.12852;3.81603;0.02986;3.13757;0.00563;-3.13084;
-0.12862;3.82247;0.02998;3.13770;0.00542;-3.13087;
-0.12892;3.82982;0.03034;3.13759;0.00537;-3.13097;
-0.12886;3.83712;0.02986;3.13764;0.00497;-3.13086;
-0.12913;3.84420;0.03010;3.13767;0.00549;-3.13088;
-0.12938;3.85165;0.03020;3.13749;0.00557;-3.13099;
-0.12976;3.85606;0.03018;3.13776;0.00591;-3.13088;
-0.12982;3.86263;0.03023;3.13769;0.00544;-3.13089;
-0.13000;3.86996;0.03013;3.13776;0.00576;-3.13081;
-0.13029;3.87681;0.03051;3.13795;0.00637;-3.13097;
-0.13063;3.88347;0.03073;3.13773;0.00600;-3.13109;
-0.13063;3.89164;0.03014;3.13786;0.00634;-3.13102;
-0.13058;3.89978;0.03034;3.13789;0.00581;-3.13140;
-0.13108;3.90515;0.03049;3.13786;0.00653;-3.13093;
-0.13122;3.91046;0.03055;3.13763;0.00584;-3.13093;
-0.13132;3.91662;0.03096;3.13764;0.00632;-3.13090;
-0.13161;3.92491;0.03083;3.13768;0.00628;-3.13112;
-0.13208;3.93071;0.03113;3.13784;0.00651;-3.13128;
-0.13235;3.93676;0.03097;3.13780;0.00640;-3.13110;
-0.13221;3.94252;0.03111;3.13768;0.00627;-3.13089;
-0.13256;3.94867;0.03134;3.13776;0.00663;-3.13110;
-0.13260;3.95348;0.03156;3.13765;0.00649;-3.13105;
-0.13257;3.95892;0.03160;3.13789;0.00610;-3.13108;
-0.13309;3.96287;0.03170;3.13793;0.00657;-3.13131;
-0.13349;3.96685;0.03164;3.13791;0.00692;-3.13112;
-0.13395;3.96809;0.03179;3.13776;0.00697;-3.13082;
-0.13410;3.97078;0.03198;3.13743;0.00671;-3.13082;
-0.13429;3.97392;0.03227;3.13734;0.00673;-3.13075;
-0.13448;3.97727;0.03223;3.13745;0.00677;-3.13097;
-0.13450;3.98008;0.03237;3.13750;0.00663;-3.13108;
-0.13458;3.98400;0.03229;3.13763;0.00637;-3.13125;
-0.13491;3.98693;0.03221;3.13778;0.00686;-3.13135;
-0.13523;3.98957;0.03250;3.13802;0.00695;-3.13127;
-0.13531;3.99189;0.03234;3.13814;0.00685;-3.13110;
-0.13547;3.99214;0.03268;3.13820;0.00684;-3.13099;
-0.13559;3.99342;0.03278;3.13816;0.00679;-3.13092;
-0.13576;3.99414;0.03293;3.13817;0.00690;-3.13095;
-0.13590;3.99532;0.03324;3.13803;0.00691;-3.13068;
-0.13598;3.99610;0.03336;3.13793;0.00693;-3.13060;
-0.13626;3.99587;0.03352;3.13779;0.00710;-3.13051;
-0.13628;3.99634;0.03384;3.13767;0.00691;-3.13056;
-0.13643;3.99659;0.03375;3.13764;0.00709;-3.13055;
-0.13653;3.99731;0.03354;3.13759;0.00729;-3.13072;
-0.13676;3.99660;0.03371;3.13764;0.00734;-3.13075;
-0.13672;3.99672;0.03367;3.13761;0.00722;-3.13079;
-0.13672;3.99632;0.03371;3.13753;0.00715;-3.13088;
-0.13670;3.99495;0.03373;3.13730;0.00710;-3.13081;
-0.13649;3.99540;0.03369;3.13721;0.00705;-3.13102;
-0.13657;3.99652;0.03361;3.13737;0.00724;-3.13111;
-0.13698;3.99529;0.03346;3.13741;0.00752;-3.13124;
-0.13685;3.99591;0.03341;3.13752;0.00733;-3.13123;
-0.13646;3.99755;0.03334;3.13757;0.00698;-3.13116;
-0.13656;3.99707;0.03346;3.13759;0.00696;-3.13116;
-0.13677;3.99684;0.03347;3.13767;0.00718;-3.13123;
-0.13666;3.99617;0.03354;3.13763;0.00694;-3.13117;
-0.13663;3.99619;0.03360;3.13760;0.00679;-3.13118;
-0.13667;3.99695;0.03346;3.13760;0.00694;-3.13114;
-0.13669;3.99709;0.03336;3.13770;0.00711;-3.13124;
-0.13648;3.99851;0.03331;3.13784;0.00698;-3.13125;
-0.13642;3.99894;0.03323;3.13783;0.00697;-3.13115;
-0.13643;3.99839;0.03336;3.13783;0.00692;-3.13126;
-0.13633;3.99908;0.03328;3.13786;0.00690;-3.13133;
-0.13628;3.99943;0.03337;3.13793;0.00693;-3.13142;
-0.13615;4.00002;0.03332;3.13779;0.00682;-3.13146;
-0.13623;4.00013;0.03339;3.13777;0.00701;-3.13152;
-0.13618;4.00071;0.03332;3.13784;0.00701;-3.13150;
-0.13614;4.00161;0.03328;3.13782;0.00699;-3.13159;
-0.13595;4.00285;0.03319;3.13777;0.00695;-3.13160;
-0.13600;4.00266;0.03312;3.13780;0.00701;-3.13165;
-0.13588;4.00338;0.03307;3.13773;0.00707;-3.13164;
-0.13600;4.00345;0.03307;3.13770;0.00717;-3.13167;
-0.13606;4.00412;0.03292;3.13762;0.00718;-3.13161;
-0.13589;4.00473;0.03288;3.13754;0.00705;-3.13161;
-0.13590;4.00479;0.03286;3.13749;0.00711;-3.13158;
-0.13587;4.00515;0.03280;3.13736;0.00699;-3.13171;
-0.13576;4.00553;0.03283;3.13731;0.00698;-3.13174;
-0.13580;4.00561;0.03279;3.13726;0.00699;-3.13180;
-0.13568;4.00640;0.03279;3.13721;0.00693;-3.13178;
-0.13550;4.00734;0.03272;3.13720;0.00683;-3.13191;
-0.13553;4.00823;0.03264;3.13727;0.00705;-3.13195;
-0.13543;4.00882;0.03260;3.13718;0.00696;-3.13205;
-0.13543;4.00927;0.03247;3.13716;0.00712;-3.13202;
-0.13551;4.00922;0.03250;3.13719;0.00718;-3.13210;
-0.13552;4.00923;0.03254;3.13713;0.00714;-3.13217;
-0.13542;4.00960;0.03254;3.13719;0.00708;-3.13208;
-0.13531;4.01008;0.03255;3.13710;0.00704;-3.13207;
-0.13519;4.01034;0.03249;3.13690;0.00690;-3.13204;
-0.13522;4.01028;0.03253;3.13690;0.00701;-3.13202;
-0.13524;4.01137;0.03245;3.13688;0.00714;-3.13201;
-0.13525;4.01112;0.03249;3.13681;0.00723;-3.13202;
-0.13528;4.01142;0.03245;3.13676;0.00730;-3.13208;
-0.13513;4.01192;0.03245;3.13658;0.00708;-3.13212;
-0.13522;4.01123;0.03254;3.13665;0.00711;-3.13219;
-0.13531;4.01079;0.03253;3.13660;0.00723;-3.13222;
-0.13509;4.01187;0.03236;3.13652;0.00698;-3.13229;
-0.13502;4.01244;0.03232;3.13643;0.00705;-3.13221;
-0.13498;4.01228;0.03226;3.13621;0.00704;-3.13220;
-0.13502;4.01189;0.03235;3.13615;0.00713;-3.13221;
-0.13526;4.01227;0.03229;3.13623;0.00723;-3.13233;
-0.13516;4.01225;0.03229;3.13620;0.00727;-3.13226;
-0.13517;4.01227;0.03226;3.13619;0.00723;-3.13221;
-0.13518;4.01271;0.03229;3.13618;0.00735;-3.13214;
-0.13524;4.01304;0.03217;3.13614;0.00743;-3.13211;
-0.13511;4.01333;0.03215;3.13613;0.00738;-3.13209;
-0.13484;4.01357;0.03215;3.13607;0.00721;-3.13202;
-0.13486;4.01317;0.03231;3.13607;0.00731;-3.13209;
-0.13482;4.01345;0.03223;3.13608;0.00741;-3.13215;
-0.13482;4.01380;0.03227;3.13606;0.00743;-3.13213;
-0.13490;4.01410;0.03227;3.13606;0.00749;-3.13217;
-0.13513;4.01372;0.03226;3.13605;0.00767;-3.13220;
-0.13486;4.01429;0.03223;3.13608;0.00744;-3.13213;
-0.13483;4.01475;0.03219;3.13608;0.00745;-3.13212;
-0.13484;4.01505;0.03214;3.13612;0.00741;-3.13217;
-0.13493;4.01512;0.03216;3.13608;0.00752;-3.13222;
-0.13501;4.01536;0.03208;3.13608;0.00754;-3.13218;
-0.13489;4.01593;0.03211;3.13608;0.00745;-3.13216;
-0.13493;4.01562;0.03213;3.13599;0.00749;-3.13225;
-0.13490;4.01595;0.03205;3.13605;0.00741;-3.13220;
-0.13458;4.01630;0.03209;3.13600;0.00716;-3.13218;
-0.13460;4.01590;0.03207;3.13594;0.00722;-3.13220;
-0.13477;4.01636;0.03215;3.13604;0.00756;-3.13229;
-0.13488;4.01611;0.03217;3.13596;0.00757;-3.13237;
-0.13492;4.01535;0.03213;3.13583;0.00751;-3.13232;
-0.13468;4.01584;0.03203;3.13569;0.00740;-3.13237;
-0.13462;4.01595;0.03199;3.13565;0.00742;-3.13236;
-0.13465;4.01656;0.03197;3.13558;0.00750;-3.13236;
-0.13477;4.01565;0.03204;3.13550;0.00744;-3.13241;
-0.13482;4.01591;0.03193;3.13554;0.00752;-3.13237;
-0.13468;4.01586;0.03193;3.13546;0.00740;-3.13240;
-0.13467;4.01598;0.03199;3.13543;0.00744;-3.13241;
-0.13453;4.01599;0.03212;3.13542;0.00736;-3.13240;
-0.13462;4.01592;0.03218;3.13540;0.00745;-3.13252;
-0.13464;4.01688;0.03207;3.13532;0.00746;-3.13249;
-0.13475;4.01597;0.03224;3.13538;0.00752;-3.13246;
-0.13486;4.01571;0.03226;3.13532;0.00751;-3.13254;
-0.13479;4.01562;0.03224;3.13534;0.00737;-3.13259;
-0.13484;4.01496;0.03215;3.13522;0.00738;-3.13258;
-0.13492;4.01529;0.03212;3.13535;0.00749;-3.13255;
-0.13489;4.01502;0.03211;3.13519;0.00734;-3.13251;
-0.13480;4.01454;0.03211;3.13513;0.00716;-3.13246;
-0.13477;4.01491;0.03206;3.13520;0.00723;-3.13239;
-0.13496;4.01373;0.03223;3.13523;0.00734;-3.13254;
-0.13487;4.01430;0.03229;3.13528;0.00738;-3.13245;
-0.13501;4.01358;0.03241;3.13529;0.00751;-3.13242;
-0.13509;4.01307;0.03243;3.13520;0.00745;-3.13246;
-0.13496;4.01347;0.03240;3.13514;0.00735;-3.13242;
-0.13485;4.01425;0.03240;3.13512;0.00728;-3.13242;
-0.13495;4.01398;0.03243;3.13514;0.00750;-3.13228;
-0.13503;4.01365;0.03248;3.13510;0.00754;-3.13231;
-0.13518;4.01301;0.03246;3.13505;0.00754;-3.13241;
-0.13524;4.01216;0.03249;3.13508;0.00753;-3.13243;
-0.13524;4.01109;0.03255;3.13508;0.00733;-3.13247;
-0.13518;4.01126;0.03256;3.13511;0.00728;-3.13240;
-0.13520;4.01108;0.03251;3.13506;0.00741;-3.13236;
-0.13509;4.01119;0.03244;3.13514;0.00733;-3.13232;
-0.13505;4.01136;0.03241;3.13516;0.00737;-3.13239;
-0.13512;4.01163;0.03235;3.13513;0.00752;-3.13233;
-0.13514;4.01147;0.03231;3.13517;0.00757;-3.13236;
-0.13517;4.01121;0.03231;3.13517;0.00762;-3.13237;
-0.13516;4.01216;0.03230;3.13523;0.00770;-3.13234;
-0.13507;4.01239;0.03238;3.13529;0.00762;-3.13240;
-0.13508;4.01216;0.03235;3.13527;0.00761;-3.13240;
-0.13512;4.01179;0.03243;3.13524;0.00762;-3.13244;
-0.13504;4.01170;0.03237;3.13516;0.00762;-3.13240;
-0.13512;4.01147;0.03242;3.13519;0.00762;-3.13232;
-0.13514;4.01107;0.03242;3.13512;0.00762;-3.13238;
-0.13528;4.01084;0.03244;3.13515;0.00769;-3.13243;
-0.13544;4.01026;0.03248;3.13503;0.00774;-3.13239;
-0.13542;4.01013;0.03240;3.13502;0.00771;-3.13236;
-0.13533;4.01006;0.03245;3.13514;0.00767;-3.13245;
-0.13541;4.00944;0.03258;3.13524;0.00769;-3.13239;
-0.13527;4.01015;0.03242;3.13522;0.00764;-3.13241;
-0.13533;4.01007;0.03241;3.13532;0.00778;-3.13240;
-0.13526;4.00994;0.03236;3.13538;0.00777;-3.13239;
-0.13511;4.01049;0.03238;3.13545;0.00774;-3.13240;
-0.13520;4.01109;0.03239;3.13556;0.00791;-3.13242;
-0.13513;4.01111;0.03233;3.13552;0.00778;-3.13242;
-0.13513;4.01140;0.03235;3.13561;0.00778;-3.13237;
-0.13517;4.01189;0.03233;3.13570;0.00783;-3.13242;
-0.13523;4.01196;0.03231;3.13566;0.00789;-3.13242;
-0.13522;4.01162;0.03230;3.13566;0.00778;-3.13245;
-0.13505;4.01226;0.03206;3.13566;0.00769;-3.13240;
-0.13502;4.01228;0.03221;3.13572;0.00773;-3.13244;
-0.13509;4.01187;0.03212;3.13564;0.00786;-3.13235;
-0.13515;4.01259;0.03222;3.13579;0.00801;-3.13231;
-0.13529;4.01195;0.03238;3.13582;0.00810;-3.13226;
-0.13517;4.01230;0.03227;3.13573;0.00788;-3.13220;
-0.13522;4.01214;0.03240;3.13578;0.00793;-3.13218;
-0.13506;4.01255;0.03232;3.13579;0.00793;-3.13218;
-0.13510;4.01280;0.03226;3.13572;0.00803;-3.13222;
-0.13490;4.01327;0.03212;3.13570;0.00790;-3.13224;
-0.13503;4.01291;0.03228;3.13573;0.00802;-3.13237;
-0.13511;4.01310;0.03218;3.13566;0.00806;-3.13230;
-0.13507;4.01294;0.03216;3.13554;0.00792;-3.13233;
-0.13503;4.01278;0.03226;3.13554;0.00795;-3.13241;
-0.13499;4.01319;0.03228;3.13563;0.00791;-3.13237;
-0.13499;4.01264;0.03225;3.13554;0.00783;-3.13240;
-0.13490;4.01283;0.03228;3.13566;0.00785;-3.13241;
-0.13498;4.01292;0.03235;3.13572;0.00799;-3.13236;
-0.13512;4.01327;0.03228;3.13584;0.00816;-3.13238;
-0.13501;4.01306;0.03219;3.13577;0.00803;-3.13226;
-0.13498;4.01281;0.03231;3.13576;0.00815;-3.13220;
-0.13492;4.01293;0.03231;3.13589;0.00813;-3.13223;
-0.13493;4.01335;0.03225;3.13587;0.00822;-3.13214;
-0.13511;4.01329;0.03230;3.13589;0.00844;-3.13222;
-0.13512;4.01306;0.03229;3.13589;0.00837;-3.13222;
-0.13498;4.01293;0.03230;3.13582;0.00826;-3.13220;
-0.13477;4.01417;0.03219;3.13584;0.00816;-3.13212;
-0.13474;4.01438;0.03227;3.13588;0.00820;-3.13220;
-0.13483;4.01462;0.03216;3.13591;0.00842;-3.13232;
-0.13496;4.01365;0.03222;3.13594;0.00851;-3.13221;
-0.13484;4.01428;0.03217;3.13602;0.00842;-3.13227;
-0.13504;4.01349;0.03219;3.13599;0.00855;-3.13227;
-0.13517;4.01301;0.03219;3.13597;0.00862;-3.13232;
-0.13505;4.01406;0.03210;3.13599;0.00859;-3.13231;
-0.13496;4.01379;0.03214;3.13603;0.00840;-3.13227;
-0.13495;4.01377;0.03221;3.13596;0.00837;-3.13227;
-0.13503;4.01340;0.03226;3.13598;0.00841;-3.13229;
-0.13497;4.01395;0.03224;3.13590;0.00833;-3.13232;
-0.13490;4.01443;0.03221;3.13594;0.00817;-3.13222;
-0.13487;4.01423;0.03227;3.13588;0.00815;-3.13216;
-0.13482;4.01422;0.03229;3.13581;0.00803;-3.13215;
-0.13483;4.01475;0.03223;3.13584;0.00818;-3.13217;
-0.13488;4.01500;0.03223;3.13581;0.00819;-3.13226;
-0.13488;4.01502;0.03211;3.13577;0.00818;-3.13225;
-0.13490;4.01458;0.03209;3.13564;0.00817;-3.13228;
-0.13492;4.01386;0.03214;3.13553;0.00803;-3.13232;
-0.13484;4.01347;0.03226;3.13547;0.00795;-3.13233;
-0.13479;4.01402;0.03221;3.13543;0.00795;-3.13230;
-0.13492;4.01383;0.03220;3.13544;0.00803;-3.13231;
-0.13478;4.01367;0.03225;3.13544;0.00800;-3.13234;
-0.13479;4.01404;0.03236;3.13551;0.00811;-3.13229;
-0.13467;4.01407;0.03232;3.13553;0.00807;-3.13221;
