-0.00015;-0.00008;0.00002;3.14147;-0.00013;-3.14128;
-0.00013;-0.00013;0.00002;3.14138;-0.00019;-3.14131;
0.00000;-0.00002;-0.00003;3.14140;-0.00028;-3.14125;
-0.00004;-0.00001;0.00002;3.14138;-0.00021;-3.14131;
-0.00010;-0.00023;0.00007;3.14130;-0.00027;-3.14131;
-0.00029;-0.00055;0.00024;3.14134;-0.00009;-3.14121;
-0.00024;-0.00054;0.00005;3.14137;-0.00024;-3.14127;
-0.00024;-0.00052;0.00012;3.14144;-0.00004;-3.14132;
0.00001;-0.00002;-0.00010;3.14156;-0.00000;-3.14126;
-0.00002;0.00004;-0.00011;3.14154;-0.00000;-3.14132;
-0.00008;-0.00005;-0.00008;3.14151;0.00001;-3.14142;
-0.00008;-0.00022;-0.00004;3.14145;-0.00012;-3.14151;
-0.00015;-0.00031;0.00006;3.14156;0.00004;-3.14153;
-0.00019;-0.00033;0.00006;-3.14155;0.00005;-3.14146;
-0.00022;-0.00038;0.00009;3.14157;-0.00011;-3.14147;
-0.00012;-0.00041;0.00012;-3.14155;-0.00005;-3.14156;
-0.00014;-0.00044;0.00012;-3.14154;-0.00011;-3.14151;
-0.00024;-0.00051;0.00016;-3.14142;0.00009;-3.14146;
-0.00022;-0.00048;0.00009;-3.14154;0.00003;-3.14142;
-0.00022;-0.00052;0.00008;3.14157;-0.00002;-3.14141;
-0.00031;-0.00057;0.00010;3.14155;0.00001;-3.14144;
-0.00036;-0.00051;0.00011;-3.14159;0.00001;-3.14143;
-0.00029;-0.00050;0.00014;-3.14158;-0.00011;-3.14145;
-0.00026;-0.00050;0.00013;3.14155;-0.00014;-3.14152;
-0.00012;-0.00006;-0.00007;3.14141;-0.00014;-3.14154;
-0.00014;-0.00023;0.00004;3.14142;-0.00018;-3.14154;
-0.00032;-0.00045;0.00020;3.14129;-0.00017;-3.14140;
-0.00005;0.00008;-0.00003;3.14115;-0.00021;-3.14141;
-0.00005;-0.00017;0.00005;3.14125;-0.00012;-3.14140;
-0.00015;-0.00028;0.00004;3.14122;-0.00006;-3.14147;
-0.00021;-0.00032;-0.00002;3.14122;-0.00007;-3.14148;
-0.00018;-0.00030;0.00004;3.14125;-0.00011;-3.14147;
0.00003;0.00018;-0.00018;3.14115;-0.00011;-3.14143;
0.00038;0.00067;-0.00037;3.14115;-0.00013;-3.14150;
0.00031;0.00039;-0.00021;3.14121;0.00002;-3.14145;
0.00041;0.00079;-0.00033;3.14114;0.00000;-3.14143;
0.00035;0.00061;-0.00028;3.14118;-0.00008;-3.14146;
0.00053;0.00115;-0.00054;3.14114;-0.00002;-3.14142;
0.00043;0.00087;-0.00037;3.14110;-0.00012;-3.14139;
0.00039;0.00054;-0.00030;3.14121;-0.00017;-3.14133;
0.00036;0.00052;-0.00022;3.14123;-0.00001;-3.14127;
0.00013;0.00022;-0.00009;3.14138;0.00013;-3.14129;
-0.00002;0.00009;-0.00011;3.14146;0.00003;-3.14134;
-0.00010;-0.00004;-0.00005;3.14140;-0.00002;-3.14134;
-0.00011;-0.00017;-0.00001;3.14138;-0.00007;-3.14132;
-0.00013;-0.00031;0.00004;3.14134;-0.00013;-3.14136;
-0.00011;-0.00032;0.00006;3.14135;-0.00021;-3.14137;
-0.00022;-0.00035;0.00006;3.14139;-0.00013;-3.14143;
0.00000;0.00010;-0.00018;3.14131;-0.00019;-3.14145;
0.00011;0.00004;-0.00011;3.14122;-0.00016;-3.14136;
0.00001;-0.00002;0.00004;3.14140;0.00002;-3.14135;
-0.00006;-0.00020;0.00007;3.14130;0.00011;-3.14150;
-0.00010;-0.00020;-0.00003;3.14131;0.00008;-3.14145;
-0.00015;-0.00033;0.00007;3.14145;0.00009;-3.14141;
0.00005;0.00015;-0.00020;3.14133;0.00007;-3.14141;
0.00008;0.00010;-0.00010;3.14139;0.00007;-3.14143;
0.00002;-0.00001;-0.00006;3.14137;0.00007;-3.14148;
-0.00005;-0.00004;-0.00001;3.14130;0.00004;-3.14156;
-0.00003;-0.00021;0.00008;3.14146;0.00019;-3.14143;
-0.00010;-0.00013;-0.00002;3.14146;0.00009;-3.14146;
-0.00011;-0.00012;0.00003;3.14152;0.00006;-3.14148;
-0.00004;-0.00013;0.00007;-3.14154;0.00007;-3.14147;
-0.00014;-0.00021;0.00004;3.14152;0.00013;-3.14154;
-0.00015;-0.00026;0.00001;3.14146;0.00008;-3.14154;
0.00010;0.00016;-0.00015;3.14140;-0.00005;3.14158;
0.00033;0.00072;-0.00038;3.14127;0.00001;3.14157;
0.00022;0.00041;-0.00021;3.14131;-0.00009;3.14159;
0.00019;0.00019;-0.00014;3.14127;-0.00009;-3.14154;
0.00016;0.00011;-0.00014;3.14127;-0.00006;-3.14153;
-0.00000;-0.00002;-0.00009;3.14135;-0.00012;3.14158;
-0.00008;-0.00007;-0.00004;3.14136;-0.00006;3.14151;
-0.00020;-0.00044;0.00005;3.14141;-0.00008;3.14153;
-0.00020;-0.00041;0.00000;3.14146;-0.00013;3.14153;
-0.00034;-0.00069;0.00011;3.14147;-0.00010;3.14157;
-0.00034;-0.00065;0.00013;3.14149;-0.00022;-3.14152;
-0.00035;-0.00067;0.00015;3.14152;-0.00012;-3.14155;
-0.00033;-0.00060;0.00015;3.14159;-0.00014;-3.14149;
-0.00029;-0.00057;0.00020;-3.14156;-0.00008;-3.14154;
-0.00028;-0.00054;0.00020;-3.14157;-0.00014;3.14156;
-0.00032;-0.00058;0.00015;3.14154;-0.00009;-3.14157;
-0.00035;-0.00057;0.00014;3.14149;-0.00005;-3.14159;
-0.00032;-0.00059;0.00013;3.14146;-0.00009;-3.14159;
-0.00030;-0.00058;0.00016;3.14150;-0.00017;3.14157;
-0.00022;-0.00058;0.00014;-3.14159;-0.00014;-3.14149;
-0.00024;-0.00047;0.00015;-3.14152;-0.00006;-3.14152;
0.00001;0.00014;-0.00014;3.14155;-0.00008;-3.14155;
-0.00000;-0.00000;-0.00001;3.14143;-0.00008;-3.14158;
-0.00005;-0.00018;0.00009;3.14142;0.00003;-3.14155;
0.00022;0.00043;-0.00032;3.14142;0.00001;-3.14144;
0.00021;0.00045;-0.00031;3.14143;-0.00002;-3.14144;
0.00013;0.00032;-0.00023;3.14137;0.00005;-3.14141;
0.00019;0.00031;-0.00023;3.14134;-0.00003;-3.14134;
0.00045;0.00078;-0.00030;3.14126;-0.00017;-3.14134;
0.00025;0.00046;-0.00019;3.14110;-0.00019;-3.14126;
0.00013;0.00033;-0.00018;3.14110;-0.00016;-3.14127;
-0.00000;0.00015;-0.00013;3.14113;-0.00021;-3.14124;
0.00004;0.00008;-0.00010;3.14117;-0.00036;-3.14135;
0.00002;-0.00009;0.00002;3.14127;-0.00022;-3.14131;
-0.00016;-0.00034;0.00005;3.14139;-0.00011;-3.14127;
-0.00021;-0.00030;0.00003;3.14138;-0.00002;-3.14133;
-0.00024;-0.00035;0.00004;3.14140;-0.00004;-3.14135;
-0.00028;-0.00046;0.00008;3.14145;-0.00008;-3.14144;
-0.00025;-0.00049;0.00008;3.14140;-0.00013;-3.14148;
-0.00002;-0.00010;-0.00012;3.14135;-0.00008;-3.14143;
-0.00011;-0.00022;-0.00002;3.14138;-0.00005;-3.14154;
-0.00018;-0.00025;0.00003;3.14139;-0.00002;-3.14153;
-0.00016;-0.00021;-0.00004;3.14138;-0.00002;-3.14155;
-0.00012;-0.00026;-0.00002;3.14146;-0.00016;-3.14150;
-0.00006;-0.00012;-0.00010;3.14145;-0.00012;-3.14145;
-0.00010;-0.00015;-0.00006;3.14144;-0.00016;-3.14146;
-0.00006;-0.00011;-0.00004;3.14142;-0.00016;-3.14142;
-0.00002;-0.00001;-0.00004;3.14138;-0.00017;-3.14139;
0.00007;-0.00007;-0.00006;3.14135;-0.00025;-3.14139;
-0.00009;-0.00004;-0.00008;3.14138;-0.00014;-3.14145;
-0.00004;-0.00002;-0.00009;3.14131;-0.00022;-3.14149;
0.00004;0.00006;-0.00012;3.14139;-0.00012;-3.14151;
0.00023;0.00050;-0.00037;3.14123;-0.00023;-3.14154;
0.00050;0.00084;-0.00049;3.14111;-0.00028;-3.14145;
0.00035;0.00060;-0.00030;3.14121;-0.00019;-3.14141;
0.00030;0.00075;-0.00033;3.14121;-0.00015;-3.14142;
0.00044;0.00102;-0.00048;3.14097;-0.00016;-3.14129;
0.00008;0.00018;-0.00011;3.14092;-0.00033;-3.14130;
0.00033;0.00051;-0.00022;3.14098;-0.00020;-3.14125;
0.00013;0.00031;-0.00017;3.14102;-0.00010;-3.14124;
0.00007;0.00011;-0.00007;3.14101;-0.00020;-3.14122;
0.00030;0.00062;-0.00023;3.14097;-0.00017;-3.14117;
0.00057;0.00109;-0.00038;3.14091;-0.00023;-3.14115;
0.00043;0.00082;-0.00032;3.14084;-0.00018;-3.14117;
0.00056;0.00094;-0.00028;3.14093;-0.00012;-3.14118;
0.00059;0.00123;-0.00050;3.14086;-0.00010;-3.14115;
0.00048;0.00100;-0.00042;3.14083;-0.00011;-3.14121;
0.00041;0.00066;-0.00035;3.14095;-0.00025;-3.14115;
0.00088;0.00168;-0.00075;3.14072;-0.00025;-3.14125;
0.00061;0.00113;-0.00044;3.14081;-0.00008;-3.14128;
0.00066;0.00133;-0.00054;3.14072;-0.00010;-3.14135;
0.00058;0.00106;-0.00039;3.14080;0.00002;-3.14127;
0.00036;0.00065;-0.00026;3.14097;0.00011;-3.14126;
0.00029;0.00042;-0.00020;3.14095;0.00015;-3.14127;
0.00006;0.00008;-0.00002;3.14104;0.00025;-3.14131;
0.00008;0.00001;-0.00003;3.14104;0.00016;-3.14131;
0.00007;-0.00003;-0.00001;3.14103;0.00011;-3.14135;
0.00017;0.00005;-0.00007;3.14120;0.00020;-3.14113;
0.00024;0.00041;-0.00025;3.14116;0.00024;-3.14122;
0.00015;0.00034;-0.00021;3.14123;0.00019;-3.14126;
0.00009;0.00014;-0.00011;3.14112;0.00002;-3.14107;
0.00008;0.00011;-0.00013;3.14111;-0.00002;-3.14105;
0.00004;0.00010;-0.00013;3.14115;0.00004;-3.14109;
0.00003;-0.00001;-0.00009;3.14124;-0.00008;-3.14114;
-0.00015;-0.00022;0.00004;3.14118;0.00003;-3.14115;
-0.00015;-0.00034;0.00000;3.14119;-0.00014;-3.14120;
-0.00017;-0.00031;0.00005;3.14132;-0.00007;-3.14124;
0.00004;0.00025;-0.00018;3.14128;-0.00018;-3.14128;
0.00002;0.00003;-0.00005;3.14124;-0.00029;-3.14125;
0.00009;0.00003;-0.00006;3.14129;-0.00029;-3.14124;
-0.00001;-0.00013;0.00003;3.14150;-0.00019;-3.14121;
-0.00011;-0.00027;0.00008;3.14158;-0.00012;-3.14122;
-0.00022;-0.00041;0.00007;-3.14158;-0.00008;-3.14127;
-0.00022;-0.00038;0.00011;-3.14154;-0.00006;-3.14125;
-0.00021;-0.00034;0.00008;-3.14146;-0.00003;-3.14135;
-0.00026;-0.00034;0.00004;-3.14147;0.00004;-3.14133;
-0.00029;-0.00047;0.00005;-3.14153;-0.00010;-3.14142;
-0.00023;-0.00046;0.00007;-3.14159;-0.00011;-3.14143;
-0.00016;-0.00047;0.00008;-3.14157;-0.00017;-3.14143;
-0.00021;-0.00046;0.00006;-3.14158;-0.00014;-3.14144;
-0.00021;-0.00046;0.00008;-3.14151;-0.00010;-3.14148;
-0.00029;-0.00048;0.00007;-3.14154;-0.00009;-3.14154;
-0.00031;-0.00051;0.00011;3.14154;-0.00010;-3.14149;
-0.00030;-0.00054;0.00011;3.14156;-0.00012;-3.14153;
-0.00031;-0.00049;0.00008;3.14153;-0.00011;-3.14158;
-0.00005;0.00010;-0.00019;3.14144;-0.00015;-3.14158;
-0.00002;0.00009;-0.00018;3.14143;-0.00018;3.14156;
0.00006;0.00008;-0.00014;3.14141;-0.00027;-3.14153;
0.00001;0.00003;-0.00012;3.14141;-0.00026;-3.14152;
0.00019;0.00045;-0.00025;3.14136;-0.00013;-3.14146;
0.00019;0.00042;-0.00023;3.14131;-0.00022;-3.14142;
0.00022;0.00044;-0.00025;3.14137;-0.00029;-3.14145;
0.00015;0.00036;-0.00014;3.14139;-0.00017;-3.14141;
0.00009;0.00025;-0.00006;3.14129;-0.00009;-3.14143;
-0.00004;0.00008;-0.00004;3.14132;-0.00003;-3.14146;
0.00002;0.00001;-0.00008;3.14132;-0.00009;-3.14147;
-0.00002;-0.00004;-0.00006;3.14130;-0.00012;-3.14146;
0.00023;0.00051;-0.00030;3.14139;-0.00010;-3.14139;
0.00020;0.00037;-0.00020;3.14145;-0.00012;-3.14148;
0.00013;0.00024;-0.00016;3.14141;-0.00013;-3.14151;
0.00005;0.00017;-0.00014;3.14141;-0.00015;-3.14148;
0.00006;0.00003;-0.00003;3.14150;-0.00012;-3.14146;
-0.00025;-0.00062;0.00015;3.14155;-0.00010;-3.14142;
-0.00013;-0.00021;0.00006;3.14158;0.00005;-3.14145;
-0.00020;-0.00038;0.00008;3.14154;0.00005;-3.14155;
-0.00021;-0.00044;0.00005;3.14151;-0.00001;-3.14149;
-0.00023;-0.00046;0.00013;3.14139;-0.00004;-3.14150;
-0.00037;-0.00072;0.00026;3.14139;-0.00011;-3.14130;
-0.00036;-0.00066;0.00014;3.14141;-0.00010;-3.14130;
0.00001;-0.00007;-0.00004;3.14141;-0.00011;-3.14130;
0.00004;-0.00011;0.00002;3.14151;0.00004;-3.14127;
-0.00009;-0.00015;0.00004;3.14151;-0.00000;-3.14136;
-0.00010;-0.00010;0.00005;3.14151;0.00003;-3.14140;
0.00004;0.00026;-0.00016;3.14151;0.00003;-3.14138;
0.00006;0.00008;-0.00004;3.14138;-0.00011;-3.14120;
0.00003;0.00011;-0.00006;3.14137;-0.00012;-3.14116;
0.00003;0.00026;-0.00007;3.14132;-0.00019;-3.14128;
0.00007;0.00059;-0.00010;3.14120;-0.00017;-3.14132;
0.00011;0.00131;-0.00008;3.14128;-0.00011;-3.14124;
0.00027;0.00266;-0.00021;3.14132;-0.00028;-3.14130;
0.00052;0.00441;-0.00046;3.14122;-0.00032;-3.14125;
0.00065;0.00632;-0.00045;3.14130;-0.00038;-3.14121;
0.00073;0.00824;-0.00064;3.14121;-0.00026;-3.14115;
0.00094;0.01047;-0.00074;3.14126;-0.00029;-3.14105;
0.00111;0.01299;-0.00086;3.14117;-0.00027;-3.14092;
0.00143;0.01592;-0.00104;3.14103;-0.00044;-3.14105;
0.00153;0.01842;-0.00098;3.14087;-0.00051;-3.14095;
0.00154;0.02227;-0.00102;3.14081;-0.00046;-3.14081;
0.00161;0.02563;-0.00092;3.14070;-0.00060;-3.14082;
0.00174;0.02915;-0.00098;3.14069;-0.00044;-3.14072;
0.00223;0.03333;-0.00150;3.14056;-0.00061;-3.14092;
0.00237;0.03751;-0.00115;3.14056;-0.00027;-3.14079;
0.00214;0.04109;-0.00119;3.14069;-0.00031;-3.14067;
0.00208;0.04492;-0.00108;3.14071;-0.00027;-3.14064;
0.00223;0.04958;-0.00114;3.14060;-0.00044;-3.14058;
0.00204;0.05367;-0.00099;3.14049;-0.00041;-3.14069;
0.00191;0.05840;-0.00091;3.14053;-0.00011;-3.14066;
0.00212;0.06380;-0.00103;3.14056;-0.00027;-3.14087;
0.00229;0.06895;-0.00112;3.14074;-0.00025;-3.14071;
0.00198;0.07413;-0.00086;3.14077;-0.00046;-3.14084;
0.00193;0.07958;-0.00081;3.14079;-0.00032;-3.14075;
0.00191;0.08547;-0.00083;3.14083;-0.00032;-3.14078;
0.00208;0.09190;-0.00075;3.14115;-0.00051;-3.14077;
0.00225;0.09850;-0.00077;3.14113;-0.00061;-3.14076;
0.00215;0.10476;-0.00074;3.14116;-0.00060;-3.14065;
0.00233;0.11159;-0.00089;-3.14152;-0.00071;-3.14118;
0.00231;0.12068;-0.00060;-3.14137;-0.00024;-3.14110;
0.00247;0.12753;-0.00076;-3.14097;-0.00009;-3.14146;
0.00238;0.13371;-0.00069;-3.14009;-0.00027;3.14076;
0.00221;0.14037;-0.00066;-3.13953;-0.00021;3.14033;
0.00238;0.14697;-0.00054;-3.13937;0.00025;3.13980;
0.00217;0.15309;-0.00029;-3.13932;0.00027;3.13917;
0.00216;0.15923;-0.00039;-3.13918;0.00095;3.13851;
0.00226;0.16586;-0.00042;-3.13906;0.00115;3.13808;
0.00208;0.17215;-0.00035;-3.13925;0.00091;3.13747;
0.00200;0.17855;-0.00021;-3.13918;0.00146;3.13718;
0.00176;0.18511;-0.00013;-3.13928;0.00191;3.13758;
0.00189;0.19145;-0.00001;-3.13912;0.00166;3.13744;
0.00185;0.19794;0.00008;-3.13919;0.00203;3.13744;
0.00179;0.20471;0.00014;-3.13945;0.00223;3.13733;
0.00177;0.21098;0.00034;-3.13974;0.00223;3.13697;
0.00191;0.21758;0.00020;-3.13961;0.00230;3.13704;
0.00179;0.22418;0.00044;-3.13952;0.00230;3.13710;
0.00172;0.23063;0.00024;-3.13935;0.00209;3.13726;
0.00179;0.23717;0.00031;-3.13918;0.00272;3.13751;
0.00173;0.24364;0.00049;-3.13929;0.00249;3.13737;
0.00176;0.25270;0.00011;-3.13918;0.00254;3.13791;
0.00209;0.25952;0.00020;-3.13933;0.00231;3.13781;
0.00213;0.26638;0.00021;-3.13927;0.00223;3.13788;
0.00199;0.27277;0.00029;-3.13916;0.00243;3.13787;
0.00191;0.27887;0.00046;-3.13925;0.00235;3.13802;
0.00213;0.28592;0.00031;-3.13899;0.00223;3.13806;
0.00202;0.29241;0.00036;-3.13921;0.00252;3.13831;
0.00209;0.29910;0.00040;-3.13908;0.00212;3.13834;
0.00249;0.30679;0.00004;-3.13918;0.00188;3.13852;
0.00255;0.31349;0.00012;-3.13919;0.00195;3.13861;
0.00263;0.31999;0.00020;-3.13913;0.00177;3.13858;
0.00249;0.32637;0.00037;-3.13916;0.00217;3.13904;
0.00239;0.33291;0.00041;-3.13918;0.00185;3.13896;
0.00261;0.33962;0.00043;-3.13921;0.00205;3.13941;
0.00240;0.34565;0.00044;-3.13931;0.00162;3.13947;
0.00250;0.35261;0.00039;-3.13945;0.00190;3.13969;
0.00250;0.35890;0.00049;-3.13946;0.00171;3.13993;
0.00242;0.36554;0.00053;-3.13948;0.00121;3.13993;
0.00260;0.37251;0.00045;-3.13952;0.00143;3.14024;
0.00289;0.37989;0.00029;-3.13971;0.00097;3.14040;
0.00306;0.38876;0.00044;-3.13964;0.00090;3.14065;
0.00308;0.39553;0.00048;-3.13982;0.00075;3.14080;
0.00309;0.40209;0.00053;-3.13977;0.00074;3.14089;
0.00330;0.40933;0.00033;-3.13997;0.00063;3.14093;
0.00330;0.41578;0.00041;-3.13991;0.00060;3.14111;
0.00333;0.42250;0.00038;-3.13986;0.00061;3.14126;
0.00355;0.42916;0.00032;-3.13998;0.00034;3.14129;
0.00359;0.43577;0.00023;-3.13996;0.00003;3.14142;
0.00359;0.44223;0.00032;-3.13985;0.00014;3.14148;
0.00374;0.44932;0.00022;-3.13977;-0.00002;3.14154;
0.00368;0.45606;0.00031;-3.13979;0.00058;-3.14143;
0.00364;0.46251;0.00042;-3.13985;0.00030;-3.14143;
0.00366;0.46884;0.00038;-3.13998;0.00012;-3.14136;
0.00369;0.47552;0.00047;-3.14003;0.00053;-3.14117;
0.00387;0.48213;0.00050;-3.14009;0.00007;-3.14113;
0.00382;0.48882;0.00048;-3.14009;-0.00024;-3.14121;
0.00376;0.49511;0.00053;-3.14007;0.00027;-3.14107;
0.00386;0.50191;0.00033;-3.14010;-0.00010;-3.14116;
0.00377;0.50840;0.00040;-3.14002;0.00018;-3.14081;
0.00389;0.51519;0.00038;-3.14008;-0.00002;-3.14096;
0.00409;0.52441;0.00050;-3.13992;-0.00021;-3.14093;
0.00415;0.53106;0.00056;-3.13997;-0.00059;-3.14097;
0.00409;0.53744;0.00067;-3.14006;-0.00022;-3.14065;
0.00426;0.54415;0.00062;-3.14003;-0.00053;-3.14075;
0.00402;0.55030;0.00072;-3.14007;-0.00040;-3.14050;
0.00406;0.55687;0.00072;-3.14002;0.00004;-3.14031;
0.00407;0.56337;0.00067;-3.14001;-0.00063;-3.14053;
0.00423;0.57010;0.00060;-3.14010;-0.00001;-3.14026;
0.00436;0.57728;0.00058;-3.14019;-0.00012;-3.14052;
0.00438;0.58390;0.00062;-3.14009;-0.00033;-3.14058;
0.00459;0.59071;0.00064;-3.14006;0.00009;-3.14036;
0.00470;0.59751;0.00070;-3.14006;-0.00035;-3.14057;
0.00474;0.60412;0.00074;-3.14006;0.00008;-3.14040;
0.00483;0.61103;0.00072;-3.14000;0.00034;-3.14039;
0.00459;0.61722;0.00085;-3.13998;0.00001;-3.14043;
0.00483;0.62477;0.00067;-3.13983;0.00070;-3.14012;
0.00500;0.63166;0.00067;-3.13972;0.00044;-3.14032;
0.00512;0.63841;0.00048;-3.13975;0.00049;-3.14003;
0.00530;0.64515;0.00058;-3.13988;0.00056;-3.14015;
0.00545;0.65407;0.00055;-3.14000;0.00029;-3.14015;
0.00530;0.66056;0.00054;-3.14001;0.00024;-3.14037;
0.00530;0.66725;0.00068;-3.13989;0.00067;-3.14021;
0.00531;0.67388;0.00055;-3.13997;0.00043;-3.14014;
0.00543;0.68059;0.00055;-3.13993;-0.00023;-3.14039;
0.00543;0.68717;0.00072;-3.13988;0.00049;-3.14005;
0.00545;0.69365;0.00075;-3.14006;-0.00002;-3.14024;
0.00549;0.70000;0.00103;-3.14000;-0.00002;-3.14028;
0.00553;0.70699;0.00092;-3.14009;0.00043;-3.14023;
0.00562;0.71395;0.00076;-3.14025;-0.00019;-3.14045;
0.00548;0.72030;0.00081;-3.14025;0.00002;-3.14037;
0.00558;0.72669;0.00088;-3.14023;0.00008;-3.14028;
0.00560;0.73308;0.00086;-3.14023;-0.00017;-3.14022;
0.00563;0.73941;0.00094;-3.14018;0.00027;-3.13991;
0.00550;0.74589;0.00117;-3.14018;-0.00021;-3.14002;
0.00545;0.75243;0.00132;-3.14013;-0.00002;-3.13996;
0.00572;0.75920;0.00131;-3.14008;0.00011;-3.13996;
0.00560;0.76571;0.00140;-3.14006;-0.00048;-3.14012;
0.00567;0.77218;0.00140;-3.14014;0.00002;-3.13998;
0.00581;0.77897;0.00136;-3.14013;-0.00009;-3.14004;
0.00571;0.78510;0.00133;-3.14016;-0.00010;-3.13993;
0.00572;0.79415;0.00131;-3.14003;0.00017;-3.13994;
0.00588;0.80065;0.00137;-3.14016;0.00050;-3.13976;
0.00584;0.80727;0.00136;-3.14009;0.00049;-3.13984;
0.00599;0.81403;0.00140;-3.14004;0.00023;-3.13998;
0.00607;0.82077;0.00150;-3.14001;0.00073;-3.13991;
0.00612;0.82723;0.00152;-3.14014;0.00062;-3.13989;
0.00615;0.83393;0.00147;-3.14014;0.00065;-3.13993;
0.00646;0.84139;0.00128;-3.14020;0.00071;-3.14000;
0.00649;0.84832;0.00129;-3.14012;0.00072;-3.14013;
0.00654;0.85490;0.00119;-3.14013;0.00104;-3.13999;
0.00666;0.86162;0.00121;-3.14011;0.00057;-3.14014;
0.00667;0.86831;0.00130;-3.13998;0.00102;-3.13989;
0.00668;0.87505;0.00125;-3.13997;0.00091;-3.13997;
0.00681;0.88200;0.00132;-3.13991;0.00084;-3.13985;
0.00691;0.88856;0.00138;-3.13999;0.00104;-3.13985;
0.00691;0.89519;0.00148;-3.14000;0.00065;-3.14013;
0.00679;0.90183;0.00137;-3.13998;0.00098;-3.13998;
0.00696;0.90848;0.00134;-3.13997;0.00120;-3.14001;
0.00726;0.91607;0.00125;-3.13990;0.00103;-3.14011;
0.00754;0.92520;0.00131;-3.14001;0.00089;-3.14021;
0.00746;0.93203;0.00148;-3.13996;0.00098;-3.14022;
0.00750;0.93857;0.00152;-3.14014;0.00138;-3.14016;
0.00769;0.94532;0.00141;-3.14017;0.00113;-3.14018;
0.00771;0.95214;0.00142;-3.14020;0.00137;-3.13999;
0.00767;0.95867;0.00132;-3.14030;0.00133;-3.14015;
0.00781;0.96534;0.00125;-3.14021;0.00160;-3.13997;
0.00785;0.97191;0.00122;-3.14033;0.00159;-3.14004;
0.00791;0.97858;0.00132;-3.14035;0.00150;-3.13998;
0.00797;0.98547;0.00142;-3.14029;0.00144;-3.13984;
0.00789;0.99195;0.00129;-3.14040;0.00143;-3.13994;
0.00797;0.99875;0.00142;-3.14030;0.00168;-3.13993;
0.00804;1.00547;0.00124;-3.14042;0.00145;-3.13993;
0.00819;1.01181;0.00140;-3.14039;0.00134;-3.13989;
0.00812;1.01833;0.00159;-3.14039;0.00149;-3.14000;
0.00791;1.02482;0.00156;-3.14044;0.00172;-3.14004;
0.00799;1.03098;0.00181;-3.14062;0.00140;-3.13993;
0.00809;1.03778;0.00169;-3.14069;0.00148;-3.13984;
0.00807;1.04439;0.00167;-3.14075;0.00150;-3.14002;
0.00800;1.05296;0.00186;-3.14058;0.00129;-3.13998;
0.00801;1.05906;0.00199;-3.14051;0.00140;-3.14001;
0.00792;1.06538;0.00206;-3.14052;0.00177;-3.13993;
0.00792;1.07180;0.00220;-3.14050;0.00112;-3.14022;
0.00791;1.07858;0.00210;-3.14046;0.00144;-3.14012;
0.00791;1.08519;0.00214;-3.14046;0.00195;-3.13998;
0.00801;1.09178;0.00228;-3.14040;0.00128;-3.14022;
0.00798;1.09820;0.00224;-3.14042;0.00159;-3.14001;
0.00799;1.10466;0.00223;-3.14035;0.00169;-3.14004;
0.00804;1.11100;0.00231;-3.14028;0.00161;-3.14002;
0.00803;1.11775;0.00236;-3.14020;0.00228;-3.13984;
0.00807;1.12415;0.00232;-3.14025;0.00165;-3.14013;
0.00819;1.13069;0.00241;-3.14030;0.00243;-3.13976;
0.00832;1.13725;0.00236;-3.14026;0.00244;-3.13979;
0.00827;1.14407;0.00230;-3.14011;0.00185;-3.14017;
0.00836;1.15116;0.00246;-3.14018;0.00260;-3.13973;
0.00838;1.15795;0.00242;-3.14019;0.00253;-3.13992;
0.00860;1.16488;0.00227;-3.14011;0.00205;-3.14000;
0.00908;1.17262;0.00230;-3.14014;0.00268;-3.13987;
0.00937;1.18267;0.00200;-3.13999;0.00275;-3.13994;
0.00952;1.18973;0.00201;-3.14000;0.00236;-3.14010;
0.00973;1.19699;0.00181;-3.14004;0.00246;-3.14004;
0.00988;1.20402;0.00181;-3.14012;0.00272;-3.13984;
0.00981;1.21047;0.00181;-3.14000;0.00223;-3.14014;
0.00985;1.21719;0.00178;-3.13991;0.00263;-3.13985;
0.00989;1.22400;0.00174;-3.14003;0.00253;-3.14002;
0.00989;1.23065;0.00180;-3.13995;0.00223;-3.14021;
0.00987;1.23708;0.00197;-3.13993;0.00264;-3.13994;
0.00988;1.24349;0.00195;-3.13992;0.00219;-3.14000;
0.00972;1.24967;0.00208;-3.13987;0.00240;-3.13988;
0.00981;1.25598;0.00218;-3.13996;0.00269;-3.13967;
0.00989;1.26302;0.00192;-3.13994;0.00214;-3.13995;
0.00965;1.26925;0.00213;-3.13987;0.00260;-3.13985;
0.00965;1.27536;0.00239;-3.13989;0.00268;-3.13977;
0.00954;1.28164;0.00238;-3.13992;0.00237;-3.13974;
0.00944;1.28764;0.00262;-3.13988;0.00259;-3.13964;
0.00945;1.29370;0.00268;-3.13982;0.00236;-3.13975;
0.00936;1.29978;0.00287;-3.13982;0.00263;-3.13963;
0.00932;1.30601;0.00280;-3.13962;0.00286;-3.13959;
0.00919;1.31219;0.00283;-3.13960;0.00254;-3.13965;
0.00902;1.32037;0.00299;-3.13954;0.00279;-3.13972;
0.00907;1.32714;0.00307;-3.13956;0.00267;-3.13968;
0.00921;1.33369;0.00292;-3.13965;0.00285;-3.13951;
0.00925;1.34008;0.00305;-3.13946;0.00275;-3.13971;
0.00919;1.34687;0.00310;-3.13937;0.00280;-3.13960;
0.00928;1.35359;0.00312;-3.13927;0.00281;-3.13958;
0.00948;1.36058;0.00299;-3.13922;0.00261;-3.13962;
0.00946;1.36729;0.00307;-3.13931;0.00290;-3.13956;
0.00943;1.37387;0.00300;-3.13913;0.00250;-3.13969;
0.00948;1.38028;0.00300;-3.13917;0.00312;-3.13952;
0.00955;1.38716;0.00285;-3.13911;0.00277;-3.13958;
0.00953;1.39325;0.00292;-3.13895;0.00263;-3.13963;
0.00951;1.39987;0.00334;-3.13889;0.00336;-3.13948;
0.00944;1.40612;0.00333;-3.13885;0.00284;-3.13972;
0.00954;1.41260;0.00333;-3.13882;0.00285;-3.13960;
0.00947;1.41888;0.00328;-3.13878;0.00280;-3.13979;
0.00945;1.42503;0.00331;-3.13876;0.00287;-3.13980;
0.00954;1.43204;0.00330;-3.13858;0.00332;-3.13970;
0.00958;1.43864;0.00322;-3.13842;0.00313;-3.13968;
0.00978;1.44840;0.00322;-3.13830;0.00304;-3.13973;
0.00984;1.45497;0.00321;-3.13834;0.00335;-3.13962;
0.00997;1.46158;0.00331;-3.13836;0.00322;-3.13969;
0.01003;1.46827;0.00337;-3.13841;0.00302;-3.13982;
0.01013;1.47505;0.00333;-3.13846;0.00326;-3.13974;
0.01018;1.48175;0.00338;-3.13855;0.00296;-3.13987;
0.01024;1.48844;0.00326;-3.13854;0.00318;-3.13975;
0.01019;1.49502;0.00328;-3.13867;0.00317;-3.13983;
0.01022;1.50199;0.00329;-3.13868;0.00323;-3.13996;
0.01040;1.50880;0.00315;-3.13865;0.00335;-3.13977;
0.01054;1.51552;0.00323;-3.13879;0.00320;-3.13996;
0.01067;1.52264;0.00321;-3.13881;0.00310;-3.13997;
0.01079;1.52949;0.00316;-3.13886;0.00332;-3.13987;
0.01079;1.53620;0.00325;-3.13893;0.00342;-3.13994;
0.01089;1.54289;0.00329;-3.13905;0.00345;-3.13989;
0.01100;1.54993;0.00315;-3.13905;0.00345;-3.14005;
0.01111;1.55697;0.00310;-3.13898;0.00330;-3.14005;
0.01113;1.56368;0.00303;-3.13899;0.00356;-3.13998;
0.01136;1.57071;0.00297;-3.13912;0.00345;-3.14002;
0.01131;1.57931;0.00304;-3.13896;0.00392;-3.13985;
0.01132;1.58618;0.00299;-3.13896;0.00373;-3.13986;
0.01133;1.59284;0.00312;-3.13886;0.00396;-3.13993;
0.01151;1.59941;0.00307;-3.13893;0.00416;-3.13980;
0.01142;1.60583;0.00310;-3.13886;0.00397;-3.13985;
0.01148;1.61259;0.00289;-3.13886;0.00383;-3.13984;
0.01156;1.61955;0.00321;-3.13879;0.00435;-3.13993;
0.01145;1.62582;0.00315;-3.13877;0.00390;-3.13995;
0.01152;1.63240;0.00320;-3.13895;0.00408;-3.13965;
0.01152;1.63911;0.00333;-3.13886;0.00406;-3.13985;
0.01159;1.64549;0.00331;-3.13908;0.00370;-3.13971;
0.01151;1.65203;0.00321;-3.13898;0.00441;-3.13965;
0.01153;1.65841;0.00318;-3.13909;0.00399;-3.13953;
0.01167;1.66444;0.00326;-3.13919;0.00388;-3.13963;
0.01146;1.67083;0.00349;-3.13923;0.00379;-3.13964;
0.01148;1.67718;0.00334;-3.13925;0.00433;-3.13924;
0.01136;1.68303;0.00360;-3.13925;0.00420;-3.13934;
0.01138;1.68939;0.00355;-3.13931;0.00374;-3.13947;
0.01129;1.69573;0.00375;-3.13928;0.00424;-3.13927;
0.01136;1.70254;0.00367;-3.13936;0.00420;-3.13950;
0.01142;1.71118;0.00378;-3.13934;0.00416;-3.13928;
0.01147;1.71795;0.00377;-3.13940;0.00447;-3.13931;
0.01170;1.72450;0.00358;-3.13946;0.00367;-3.13944;
0.01159;1.73112;0.00370;-3.13927;0.00430;-3.13940;
0.01149;1.73818;0.00362;-3.13946;0.00429;-3.13928;
0.01171;1.74504;0.00351;-3.13942;0.00432;-3.13921;
0.01180;1.75152;0.00367;-3.13948;0.00416;-3.13920;
0.01174;1.75785;0.00387;-3.13933;0.00420;-3.13906;
0.01172;1.76435;0.00385;-3.13924;0.00454;-3.13907;
0.01177;1.77135;0.00379;-3.13917;0.00448;-3.13911;
0.01176;1.77790;0.00386;-3.13903;0.00434;-3.13913;
0.01178;1.78452;0.00379;-3.13897;0.00475;-3.13912;
0.01197;1.79145;0.00371;-3.13900;0.00450;-3.13911;
0.01232;1.79893;0.00358;-3.13894;0.00446;-3.13940;
0.01248;1.80558;0.00380;-3.13894;0.00459;-3.13919;
0.01243;1.81255;0.00385;-3.13899;0.00473;-3.13945;
0.01250;1.81934;0.00370;-3.13904;0.00456;-3.13962;
0.01261;1.82605;0.00391;-3.13908;0.00513;-3.13950;
0.01276;1.83317;0.00366;-3.13910;0.00485;-3.13952;
0.01281;1.84205;0.00357;-3.13912;0.00522;-3.13958;
0.01283;1.84889;0.00347;-3.13910;0.00499;-3.13952;
0.01288;1.85557;0.00354;-3.13907;0.00536;-3.13926;
0.01285;1.86219;0.00361;-3.13901;0.00519;-3.13935;
0.01279;1.86861;0.00373;-3.13904;0.00536;-3.13935;
0.01293;1.87558;0.00380;-3.13911;0.00545;-3.13912;
0.01295;1.88212;0.00388;-3.13911;0.00499;-3.13939;
0.01307;1.88884;0.00384;-3.13932;0.00505;-3.13933;
0.01301;1.89530;0.00390;-3.13940;0.00523;-3.13932;
0.01320;1.90226;0.00353;-3.13959;0.00491;-3.13950;
0.01340;1.90901;0.00362;-3.13942;0.00512;-3.13927;
0.01310;1.91563;0.00366;-3.13921;0.00527;-3.13912;
0.01338;1.92259;0.00376;-3.13926;0.00495;-3.13913;
0.01331;1.92904;0.00390;-3.13931;0.00519;-3.13909;
0.01337;1.93576;0.00391;-3.13953;0.00516;-3.13916;
0.01360;1.94256;0.00392;-3.13948;0.00509;-3.13903;
0.01350;1.94906;0.00398;-3.13956;0.00503;-3.13933;
0.01364;1.95549;0.00395;-3.13962;0.00536;-3.13914;
0.01348;1.96172;0.00396;-3.13960;0.00559;-3.13931;
0.01366;1.97029;0.00402;-3.13964;0.00566;-3.13922;
0.01370;1.97726;0.00395;-3.13969;0.00542;-3.13934;
0.01360;1.98319;0.00412;-3.13984;0.00555;-3.13940;
0.01362;1.98981;0.00427;-3.13974;0.00569;-3.13934;
0.01365;1.99654;0.00414;-3.13982;0.00575;-3.13937;
0.01384;2.00377;0.00396;-3.13979;0.00610;-3.13929;
0.01379;2.01011;0.00411;-3.13978;0.00584;-3.13915;
0.01376;2.01618;0.00414;-3.13977;0.00556;-3.13914;
0.01383;2.02240;0.00419;-3.13972;0.00580;-3.13910;
0.01393;2.02965;0.00426;-3.13979;0.00615;-3.13908;
0.01409;2.03632;0.00409;-3.13980;0.00597;-3.13923;
0.01411;2.04299;0.00427;-3.13986;0.00565;-3.13926;
0.01393;2.04932;0.00420;-3.13990;0.00596;-3.13914;
0.01394;2.05563;0.00415;-3.13991;0.00559;-3.13903;
0.01393;2.06236;0.00425;-3.13985;0.00554;-3.13907;
0.01395;2.06884;0.00424;-3.13984;0.00583;-3.13909;
0.01402;2.07502;0.00426;-3.13987;0.00585;-3.13912;
0.01383;2.08126;0.00443;-3.13979;0.00581;-3.13927;
0.01401;2.08852;0.00437;-3.13982;0.00580;-3.13919;
0.01405;2.09559;0.00444;-3.13971;0.00580;-3.13950;
0.01403;2.10397;0.00440;-3.13988;0.00571;-3.13926;
0.01403;2.11059;0.00449;-3.13996;0.00596;-3.13925;
0.01401;2.11663;0.00440;-3.13997;0.00582;-3.13911;
0.01412;2.12361;0.00441;-3.13990;0.00569;-3.13924;
0.01399;2.12995;0.00433;-3.13977;0.00596;-3.13922;
0.01424;2.13672;0.00441;-3.13970;0.00547;-3.13942;
0.01448;2.14392;0.00438;-3.13958;0.00566;-3.13923;
0.01456;2.15093;0.00455;-3.13948;0.00608;-3.13917;
0.01474;2.15836;0.00453;-3.13940;0.00576;-3.13956;
0.01480;2.16508;0.00439;-3.13929;0.00609;-3.13933;
0.01507;2.17222;0.00434;-3.13929;0.00600;-3.13915;
0.01498;2.17910;0.00442;-3.13921;0.00613;-3.13918;
0.01501;2.18543;0.00445;-3.13927;0.00636;-3.13902;
0.01514;2.19207;0.00441;-3.13923;0.00625;-3.13900;
0.01496;2.19824;0.00444;-3.13909;0.00624;-3.13900;
0.01524;2.20514;0.00415;-3.13917;0.00636;-3.13877;
0.01531;2.21196;0.00440;-3.13909;0.00625;-3.13878;
0.01541;2.21891;0.00432;-3.13901;0.00634;-3.13880;
0.01549;2.22594;0.00445;-3.13893;0.00646;-3.13866;
0.01558;2.23297;0.00444;-3.13892;0.00647;-3.13871;
0.01557;2.24205;0.00460;-3.13887;0.00646;-3.13871;
0.01562;2.24857;0.00428;-3.13871;0.00615;-3.13876;
0.01570;2.25532;0.00449;-3.13873;0.00613;-3.13885;
0.01582;2.26254;0.00431;-3.13873;0.00624;-3.13882;
0.01579;2.26928;0.00433;-3.13866;0.00669;-3.13876;
0.01571;2.27583;0.00431;-3.13874;0.00630;-3.13877;
0.01600;2.28227;0.00454;-3.13863;0.00653;-3.13862;
0.01578;2.28817;0.00487;-3.13863;0.00691;-3.13849;
0.01558;2.29419;0.00510;-3.13854;0.00641;-3.13882;
0.01580;2.30093;0.00486;-3.13852;0.00680;-3.13854;
0.01571;2.30733;0.00479;-3.13864;0.00678;-3.13859;
0.01579;2.31387;0.00476;-3.13861;0.00661;-3.13882;
0.01596;2.32079;0.00467;-3.13860;0.00709;-3.13859;
0.01613;2.32752;0.00475;-3.13865;0.00663;-3.13885;
0.01606;2.33431;0.00488;-3.13855;0.00729;-3.13877;
0.01608;2.34092;0.00499;-3.13842;0.00718;-3.13872;
0.01626;2.34770;0.00510;-3.13831;0.00684;-3.13881;
0.01618;2.35429;0.00517;-3.13831;0.00733;-3.13868;
0.01625;2.36059;0.00509;-3.13838;0.00718;-3.13872;
0.01625;2.36913;0.00507;-3.13841;0.00754;-3.13849;
0.01609;2.37487;0.00499;-3.13855;0.00741;-3.13866;
0.01615;2.38153;0.00485;-3.13855;0.00772;-3.13866;
0.01612;2.38792;0.00497;-3.13861;0.00754;-3.13875;
0.01625;2.39457;0.00500;-3.13848;0.00762;-3.13865;
0.01625;2.40120;0.00492;-3.13848;0.00784;-3.13857;
0.01627;2.40774;0.00499;-3.13850;0.00781;-3.13869;
0.01622;2.41392;0.00520;-3.13835;0.00756;-3.13872;
0.01628;2.42080;0.00527;-3.13841;0.00761;-3.13864;
0.01623;2.42704;0.00522;-3.13843;0.00746;-3.13871;
0.01620;2.43347;0.00523;-3.13839;0.00747;-3.13862;
0.01611;2.44023;0.00519;-3.13833;0.00765;-3.13881;
0.01630;2.44736;0.00518;-3.13823;0.00758;-3.13847;
0.01614;2.45332;0.00546;-3.13821;0.00750;-3.13857;
0.01614;2.46010;0.00551;-3.13818;0.00760;-3.13847;
0.01626;2.46690;0.00553;-3.13824;0.00748;-3.13831;
0.01628;2.47370;0.00555;-3.13827;0.00744;-3.13847;
0.01650;2.48072;0.00539;-3.13827;0.00721;-3.13832;
0.01645;2.48664;0.00549;-3.13828;0.00744;-3.13831;
0.01630;2.49250;0.00565;-3.13830;0.00701;-3.13846;
0.01656;2.50184;0.00557;-3.13836;0.00733;-3.13824;
0.01678;2.50870;0.00555;-3.13831;0.00733;-3.13821;
0.01674;2.51507;0.00575;-3.13822;0.00747;-3.13815;
0.01682;2.52216;0.00550;-3.13816;0.00761;-3.13832;
0.01695;2.52869;0.00546;-3.13811;0.00757;-3.13816;
0.01681;2.53452;0.00557;-3.13819;0.00769;-3.13821;
0.01705;2.54128;0.00559;-3.13794;0.00789;-3.13830;
0.01697;2.54801;0.00560;-3.13791;0.00798;-3.13815;
0.01701;2.55459;0.00566;-3.13792;0.00805;-3.13850;
0.01723;2.56144;0.00572;-3.13785;0.00803;-3.13846;
0.01726;2.56819;0.00585;-3.13783;0.00795;-3.13846;
0.01694;2.57403;0.00570;-3.13783;0.00812;-3.13839;
0.01699;2.58033;0.00591;-3.13780;0.00807;-3.13826;
0.01714;2.58780;0.00567;-3.13777;0.00780;-3.13854;
0.01727;2.59502;0.00557;-3.13763;0.00782;-3.13837;
0.01730;2.60197;0.00559;-3.13755;0.00799;-3.13835;
0.01747;2.60970;0.00553;-3.13752;0.00794;-3.13821;
0.01756;2.61637;0.00559;-3.13756;0.00776;-3.13807;
0.01760;2.62262;0.00572;-3.13769;0.00749;-3.13814;
0.01786;2.63008;0.00562;-3.13766;0.00776;-3.13799;
0.01794;2.63884;0.00592;-3.13755;0.00769;-3.13813;
0.01806;2.64622;0.00571;-3.13759;0.00787;-3.13800;
0.01807;2.65285;0.00560;-3.13783;0.00790;-3.13827;
0.01808;2.65995;0.00554;-3.13769;0.00823;-3.13814;
0.01837;2.66672;0.00554;-3.13777;0.00798;-3.13809;
0.01835;2.67333;0.00552;-3.13782;0.00790;-3.13824;
0.01846;2.68010;0.00549;-3.13784;0.00813;-3.13814;
0.01847;2.68643;0.00560;-3.13784;0.00823;-3.13804;
0.01857;2.69328;0.00578;-3.13783;0.00795;-3.13813;
0.01876;2.69945;0.00573;-3.13806;0.00777;-3.13818;
0.01881;2.70645;0.00578;-3.13808;0.00835;-3.13807;
0.01884;2.71273;0.00554;-3.13821;0.00802;-3.13806;
0.01892;2.71916;0.00542;-3.13826;0.00775;-3.13827;
0.01870;2.72581;0.00541;-3.13804;0.00857;-3.13821;
0.01866;2.73249;0.00531;-3.13815;0.00831;-3.13837;
0.01855;2.73804;0.00558;-3.13824;0.00864;-3.13836;
0.01872;2.74507;0.00581;-3.13814;0.00856;-3.13849;
0.01883;2.75164;0.00587;-3.13826;0.00827;-3.13845;
0.01880;2.75827;0.00600;-3.13819;0.00889;-3.13813;
0.01868;2.76692;0.00596;-3.13842;0.00859;-3.13827;
0.01873;2.77382;0.00576;-3.13857;0.00883;-3.13835;
0.01886;2.78026;0.00581;-3.13859;0.00888;-3.13825;
0.01887;2.78763;0.00575;-3.13858;0.00851;-3.13842;
0.01895;2.79439;0.00592;-3.13851;0.00875;-3.13815;
0.01913;2.80109;0.00612;-3.13858;0.00840;-3.13805;
0.01902;2.80680;0.00615;-3.13870;0.00832;-3.13815;
0.01909;2.81333;0.00618;-3.13889;0.00865;-3.13799;
0.01911;2.81985;0.00655;-3.13881;0.00828;-3.13833;
0.01904;2.82674;0.00638;-3.13871;0.00839;-3.13830;
0.01928;2.83386;0.00588;-3.13882;0.00885;-3.13821;
0.01935;2.84070;0.00618;-3.13873;0.00834;-3.13856;
0.01930;2.84721;0.00621;-3.13872;0.00850;-3.13812;
0.01926;2.85344;0.00611;-3.13868;0.00870;-3.13813;
0.01948;2.86042;0.00640;-3.13869;0.00893;-3.13791;
0.01960;2.86721;0.00639;-3.13869;0.00868;-3.13792;
0.01975;2.87347;0.00646;-3.13873;0.00833;-3.13799;
0.01983;2.88054;0.00652;-3.13870;0.00905;-3.13770;
0.01984;2.88716;0.00637;-3.13881;0.00875;-3.13798;
0.01970;2.89344;0.00632;-3.13877;0.00891;-3.13771;
0.01996;2.90310;0.00636;-3.13881;0.00881;-3.13782;
0.02006;2.90982;0.00629;-3.13900;0.00932;-3.13759;
0.02015;2.91697;0.00632;-3.13891;0.00907;-3.13765;
0.02048;2.92431;0.00633;-3.13892;0.00913;-3.13774;
0.02071;2.93130;0.00614;-3.13906;0.00923;-3.13784;
0.02071;2.93765;0.00623;-3.13907;0.00937;-3.13779;
0.02055;2.94401;0.00610;-3.13907;0.00943;-3.13810;
0.02050;2.95099;0.00641;-3.13913;0.00952;-3.13802;
0.02068;2.95840;0.00624;-3.13918;0.00944;-3.13816;
0.02085;2.96523;0.00628;-3.13924;0.00951;-3.13803;
0.02080;2.97238;0.00634;-3.13908;0.00951;-3.13807;
0.02096;2.97897;0.00623;-3.13920;0.00951;-3.13803;
0.02095;2.98502;0.00650;-3.13936;0.00960;-3.13813;
0.02095;2.99164;0.00666;-3.13941;0.00954;-3.13802;
0.02077;2.99709;0.00648;-3.13949;0.00950;-3.13789;
0.02069;3.00374;0.00642;-3.13948;0.00970;-3.13803;
0.02064;3.01037;0.00636;-3.13957;0.00952;-3.13811;
0.02069;3.01651;0.00644;-3.13962;0.00961;-3.13795;
0.02091;3.02300;0.00650;-3.13950;0.00944;-3.13807;
0.02108;3.02961;0.00662;-3.13976;0.00942;-3.13797;
0.02103;3.03869;0.00670;-3.13980;0.00966;-3.13808;
0.02118;3.04518;0.00675;-3.13996;0.00948;-3.13786;
0.02133;3.05146;0.00679;-3.13987;0.00938;-3.13804;
0.02125;3.05707;0.00673;-3.14001;0.00981;-3.13792;
0.02134;3.06382;0.00694;-3.13999;0.00975;-3.13799;
0.02125;3.07026;0.00688;-3.13998;0.00974;-3.13809;
0.02117;3.07666;0.00679;-3.14003;0.01045;-3.13797;
0.02133;3.08259;0.00691;-3.14013;0.00984;-3.13822;
0.02140;3.08909;0.00735;-3.14007;0.01016;-3.13815;
0.02144;3.09550;0.00733;-3.14016;0.01033;-3.13795;
0.02128;3.10161;0.00734;-3.14014;0.00986;-3.13819;
0.02116;3.10788;0.00749;-3.14017;0.01054;-3.13788;
0.02114;3.11412;0.00716;-3.14046;0.01004;-3.13781;
0.02131;3.12111;0.00725;-3.14025;0.00986;-3.13772;
0.02107;3.12707;0.00734;-3.14020;0.01028;-3.13742;
0.02130;3.13321;0.00745;-3.14031;0.00973;-3.13753;
0.02106;3.13912;0.00787;-3.14043;0.01020;-3.13741;
0.02111;3.14553;0.00764;-3.14053;0.00992;-3.13747;
0.02132;3.15259;0.00754;-3.14036;0.00988;-3.13744;
0.02133;3.16078;0.00769;-3.14047;0.00994;-3.13747;
0.02126;3.16736;0.00789;-3.14042;0.01037;-3.13752;
0.02127;3.17372;0.00771;-3.14042;0.01042;-3.13749;
0.02148;3.18021;0.00754;-3.14038;0.01042;-3.13739;
0.02141;3.18690;0.00812;-3.14028;0.01054;-3.13748;
0.02146;3.19346;0.00818;-3.14032;0.01051;-3.13745;
0.02149;3.19990;0.00807;-3.14038;0.01072;-3.13758;
0.02155;3.20597;0.00833;-3.14042;0.01059;-3.13780;
0.02172;3.21246;0.00844;-3.14043;0.01080;-3.13769;
0.02180;3.21937;0.00843;-3.14051;0.01039;-3.13776;
0.02187;3.22531;0.00843;-3.14056;0.01005;-3.13774;
0.02202;3.23265;0.00834;-3.14051;0.01063;-3.13746;
0.02206;3.23945;0.00830;-3.14061;0.01017;-3.13755;
0.02215;3.24624;0.00813;-3.14073;0.01019;-3.13750;
0.02199;3.25234;0.00824;-3.14056;0.01066;-3.13739;
0.02210;3.25865;0.00811;-3.14060;0.01029;-3.13767;
0.02222;3.26538;0.00812;-3.14038;0.01030;-3.13768;
0.02230;3.27299;0.00828;-3.14032;0.01053;-3.13763;
0.02241;3.27960;0.00826;-3.14026;0.01013;-3.13795;
0.02216;3.28546;0.00841;-3.14019;0.01077;-3.13782;
0.02241;3.29510;0.00822;-3.13998;0.01055;-3.13773;
0.02249;3.30170;0.00832;-3.14013;0.01012;-3.13775;
0.02246;3.30809;0.00852;-3.14002;0.01030;-3.13767;
0.02261;3.31416;0.00876;-3.14003;0.01042;-3.13766;
0.02269;3.32050;0.00877;-3.14010;0.01014;-3.13793;
0.02273;3.32728;0.00915;-3.14002;0.01031;-3.13781;
0.02265;3.33347;0.00917;-3.14027;0.01047;-3.13771;
0.02275;3.34093;0.00895;-3.14036;0.01067;-3.13784;
0.02293;3.34774;0.00855;-3.14047;0.01092;-3.13786;
0.02305;3.35409;0.00880;-3.14039;0.01037;-3.13815;
0.02331;3.36083;0.00888;-3.14032;0.01076;-3.13803;
0.02302;3.36615;0.00898;-3.14043;0.01103;-3.13768;
0.02280;3.37257;0.00922;-3.14025;0.01056;-3.13802;
0.02303;3.37904;0.00901;-3.14026;0.01108;-3.13782;
0.02340;3.38602;0.00887;-3.14036;0.01092;-3.13785;
0.02313;3.39182;0.00910;-3.14049;0.01053;-3.13812;
0.02318;3.39825;0.00921;-3.14044;0.01122;-3.13787;
0.02335;3.40564;0.00918;-3.14043;0.01124;-3.13819;
0.02373;3.41293;0.00912;-3.14047;0.01073;-3.13826;
0.02365;3.42180;0.00933;-3.14054;0.01125;-3.13826;
0.02371;3.42872;0.00929;-3.14058;0.01135;-3.13820;
0.02385;3.43501;0.00920;-3.14052;0.01105;-3.13819;
0.02373;3.44129;0.00948;-3.14051;0.01126;-3.13826;
0.02357;3.44793;0.00925;-3.14070;0.01171;-3.13823;
0.02377;3.45503;0.00934;-3.14073;0.01134;-3.13825;
0.02391;3.46259;0.00941;-3.14070;0.01130;-3.13823;
0.02397;3.46888;0.00929;-3.14077;0.01101;-3.13839;
0.02397;3.47594;0.00952;-3.14087;0.01112;-3.13841;
0.02397;3.48291;0.00953;-3.14089;0.01133;-3.13832;
0.02405;3.48917;0.00951;-3.14105;0.01060;-3.13862;
0.02413;3.49589;0.00976;-3.14090;0.01101;-3.13827;
0.02423;3.50168;0.00957;-3.14111;0.01034;-3.13826;
0.02445;3.50852;0.00983;-3.14095;0.01039;-3.13809;
0.02446;3.51537;0.00968;-3.14103;0.01046;-3.13800;
0.02464;3.52268;0.00965;-3.14092;0.01056;-3.13804;
0.02474;3.52930;0.00976;-3.14089;0.01110;-3.13788;
0.02487;3.53656;0.00954;-3.14085;0.01089;-3.13778;
0.02492;3.54332;0.00956;-3.14079;0.01032;-3.13784;
0.02489;3.54951;0.00989;-3.14071;0.01080;-3.13765;
0.02506;3.55880;0.00974;-3.14065;0.01093;-3.13760;
0.02505;3.56374;0.01039;-3.14040;0.01094;-3.13755;
0.02468;3.57022;0.00994;-3.14063;0.01102;-3.13787;
0.02500;3.57687;0.00995;-3.14064;0.01090;-3.13766;
0.02500;3.58386;0.01015;-3.14042;0.01075;-3.13779;
0.02514;3.59066;0.00986;-3.14038;0.01114;-3.13762;
0.02533;3.59721;0.00994;-3.14052;0.01100;-3.13763;
0.02516;3.60344;0.01011;-3.14074;0.01071;-3.13804;
0.02557;3.61071;0.01044;-3.14051;0.01088;-3.13775;
0.02538;3.61749;0.01019;-3.14048;0.01119;-3.13783;
0.02559;3.62410;0.00998;-3.14035;0.01093;-3.13761;
0.02554;3.62990;0.01035;-3.14064;0.01092;-3.13741;
0.02554;3.63611;0.01013;-3.14074;0.01094;-3.13757;
0.02600;3.64387;0.01010;-3.14070;0.01091;-3.13748;
0.02599;3.65061;0.01038;-3.14063;0.01058;-3.13759;
0.02587;3.65636;0.01030;-3.14041;0.01111;-3.13744;
0.02589;3.66204;0.01052;-3.14063;0.01113;-3.13752;
0.02577;3.66873;0.01077;-3.14057;0.01078;-3.13800;
0.02626;3.67701;0.01080;-3.14049;0.01111;-3.13792;
0.02626;3.68319;0.01091;-3.14033;0.01128;-3.13791;
0.02620;3.69135;0.01095;-3.14043;0.01118;-3.13795;
0.02609;3.69758;0.01098;-3.14062;0.01109;-3.13811;
0.02634;3.70518;0.01096;-3.14079;0.01120;-3.13808;
0.02676;3.71266;0.01087;-3.14088;0.01089;-3.13803;
0.02662;3.71897;0.01093;-3.14080;0.01088;-3.13797;
0.02670;3.72556;0.01078;-3.14075;0.01138;-3.13770;
0.02686;3.73216;0.01088;-3.14088;0.01123;-3.13781;
0.02702;3.73985;0.01072;-3.14099;0.01095;-3.13784;
0.02714;3.74680;0.01094;-3.14071;0.01112;-3.13772;
0.02696;3.75317;0.01109;-3.14057;0.01144;-3.13764;
0.02685;3.75908;0.01091;-3.14050;0.01142;-3.13755;
0.02710;3.76601;0.01074;-3.14061;0.01091;-3.13771;
0.02706;3.77373;0.01089;-3.14036;0.01141;-3.13777;
0.02748;3.78164;0.01063;-3.14055;0.01135;-3.13761;
0.02777;3.78811;0.01067;-3.14059;0.01100;-3.13779;
0.02729;3.79437;0.01083;-3.14042;0.01098;-3.13781;
0.02763;3.79985;0.01112;-3.14054;0.01099;-3.13759;
0.02764;3.80769;0.01112;-3.14041;0.01086;-3.13778;
0.02810;3.81545;0.01067;-3.14064;0.01107;-3.13770;
0.02808;3.82425;0.01108;-3.14041;0.01100;-3.13791;
0.02797;3.83063;0.01100;-3.14043;0.01117;-3.13790;
0.02837;3.83771;0.01112;-3.14042;0.01081;-3.13806;
0.02830;3.84446;0.01122;-3.14043;0.01115;-3.13803;
0.02822;3.85141;0.01110;-3.14061;0.01141;-3.13805;
0.02820;3.85812;0.01127;-3.14039;0.01118;-3.13792;
0.02815;3.86517;0.01093;-3.14034;0.01134;-3.13794;
0.02825;3.87051;0.01117;-3.14028;0.01093;-3.13807;
0.02843;3.87756;0.01116;-3.14033;0.01129;-3.13788;
0.02873;3.88489;0.01102;-3.14052;0.01109;-3.13796;
0.02882;3.89225;0.01128;-3.14042;0.01119;-3.13804;
0.02907;3.89988;0.01127;-3.14034;0.01129;-3.13812;
0.02904;3.90568;0.01146;-3.14036;0.01114;-3.13843;
0.02922;3.91193;0.01161;-3.14047;0.01119;-3.13828;
0.02900;3.91761;0.01134;-3.14061;0.01158;-3.13795;
0.02914;3.92442;0.01131;-3.14055;0.01165;-3.13809;
0.02928;3.93123;0.01124;-3.14046;0.01171;-3.13791;
0.02931;3.93656;0.01121;-3.14038;0.01148;-3.13812;
0.02898;3.94204;0.01095;-3.14046;0.01179;-3.13827;
0.02946;3.95083;0.01133;-3.14031;0.01208;-3.13799;
0.02905;3.95651;0.01213;-3.14013;0.01213;-3.13813;
0.02930;3.96067;0.01205;-3.14034;0.01211;-3.13826;
0.02906;3.96413;0.01257;-3.14046;0.01221;-3.13838;
0.02885;3.96787;0.01282;-3.14058;0.01219;-3.13845;
0.02887;3.97058;0.01271;-3.14063;0.01211;-3.13854;
0.02859;3.97439;0.01282;-3.14065;0.01218;-3.13818;
0.02818;3.97791;0.01264;-3.14055;0.01229;-3.13798;
0.02832;3.98154;0.01295;-3.14041;0.01198;-3.13836;
0.02839;3.98502;0.01293;-3.14042;0.01169;-3.13857;
0.02879;3.98831;0.01249;-3.14056;0.01159;-3.13846;
0.02875;3.99164;0.01291;-3.14033;0.01175;-3.13864;
0.02856;3.99308;0.01281;-3.14020;0.01174;-3.13881;
0.02813;3.99436;0.01303;-3.14013;0.01188;-3.13884;
0.02776;3.99547;0.01324;-3.14007;0.01201;-3.13884;
0.02740;3.99552;0.01338;-3.14011;0.01190;-3.13839;
0.02720;3.99552;0.01376;-3.14008;0.01201;-3.13827;
0.02774;3.99829;0.01337;-3.14003;0.01153;-3.13802;
0.02743;3.99823;0.01355;-3.14019;0.01209;-3.13801;
0.02719;3.99849;0.01386;-3.14012;0.01208;-3.13802;
0.02694;3.99892;0.01382;-3.14019;0.01233;-3.13776;
0.02688;3.99990;0.01392;-3.14018;0.01244;-3.13765;
0.02686;3.99972;0.01414;-3.14033;0.01246;-3.13738;
0.02671;3.99858;0.01414;-3.14048;0.01240;-3.13725;
0.02669;3.99893;0.01426;-3.14032;0.01249;-3.13726;
0.02660;3.99892;0.01437;-3.14019;0.01263;-3.13729;
0.02651;3.99782;0.01435;-3.14030;0.01238;-3.13742;
0.02642;3.99798;0.01445;-3.14023;0.01268;-3.13740;
0.02626;3.99772;0.01439;-3.14025;0.01278;-3.13738;
0.02636;3.99799;0.01427;-3.14035;0.01266;-3.13719;
0.02625;3.99705;0.01438;-3.14038;0.01251;-3.13725;
0.02619;3.99656;0.01434;-3.14050;0.01259;-3.13726;
0.02615;3.99606;0.01440;-3.14053;0.01246;-3.13728;
0.02639;3.99680;0.01429;-3.14045;0.01232;-3.13729;
0.02651;3.99676;0.01422;-3.14044;0.01223;-3.13729;
0.02620;3.99477;0.01441;-3.14049;0.01241;-3.13734;
0.02611;3.99615;0.01432;-3.14029;0.01283;-3.13740;
0.02625;3.99728;0.01419;-3.14041;0.01275;-3.13732;
0.02629;3.99723;0.01409;-3.14037;0.01258;-3.13722;
0.02643;3.99699;0.01414;-3.14048;0.01243;-3.13729;
0.02623;3.99701;0.01422;-3.14037;0.01255;-3.13727;
0.02640;3.99822;0.01405;-3.14034;0.01263;-3.13726;
0.02685;3.99992;0.01388;-3.14019;0.01248;-3.13731;
0.02686;3.99998;0.01388;-3.14010;0.01257;-3.13731;
0.02700;3.99983;0.01396;-3.14024;0.01254;-3.13734;
0.02687;3.99932;0.01403;-3.14019;0.01266;-3.13750;
0.02681;4.00031;0.01397;-3.14019;0.01282;-3.13743;
0.02681;4.00098;0.01391;-3.14019;0.01290;-3.13744;
0.02678;4.00063;0.01391;-3.14022;0.01287;-3.13749;
0.02698;4.00186;0.01378;-3.14022;0.01289;-3.13741;
0.02712;4.00263;0.01383;-3.14014;0.01287;-3.13726;
0.02705;4.00319;0.01373;-3.14018;0.01299;-3.13722;
0.02726;4.00359;0.01371;-3.14034;0.01298;-3.13716;
0.02736;4.00508;0.01358;-3.14031;0.01313;-3.13715;
0.02732;4.00533;0.01358;-3.14025;0.01314;-3.13711;
0.02751;4.00580;0.01343;-3.14034;0.01300;-3.13714;
0.02754;4.00544;0.01356;-3.14040;0.01292;-3.13717;
0.02764;4.00625;0.01348;-3.14032;0.01297;-3.13723;
0.02776;4.00730;0.01337;-3.14037;0.01303;-3.13721;
0.02776;4.00791;0.01334;-3.14042;0.01313;-3.13718;
0.02793;4.00930;0.01322;-3.14039;0.01314;-3.13711;
0.02797;4.00921;0.01321;-3.14043;0.01299;-3.13718;
0.02804;4.00941;0.01321;-3.14053;0.01297;-3.13708;
0.02818;4.01032;0.01309;-3.14053;0.01293;-3.13708;
0.02825;4.01122;0.01305;-3.14054;0.01291;-3.13712;
0.02833;4.01143;0.01302;-3.14054;0.01290;-3.13715;
0.02832;4.01200;0.01299;-3.14064;0.01298;-3.13704;
0.02840;4.01223;0.01296;-3.14070;0.01300;-3.13708;
0.02837;4.01220;0.01295;-3.14076;0.01304;-3.13712;
0.02840;4.01221;0.01291;-3.14087;0.01305;-3.13697;
0.02853;4.01332;0.01287;-3.14090;0.01303;-3.13706;
0.02866;4.01418;0.01276;-3.14084;0.01302;-3.13712;
0.02889;4.01496;0.01269;-3.14092;0.01302;-3.13703;
0.02909;4.01565;0.01264;-3.14094;0.01306;-3.13698;
0.02904;4.01670;0.01254;-3.14090;0.01336;-3.13704;
0.02901;4.01718;0.01258;-3.14086;0.01338;-3.13718;
0.02891;4.01754;0.01257;-3.14093;0.01340;-3.13719;
0.02944;4.01971;0.01221;-3.14091;0.01317;-3.13715;
0.02963;4.02064;0.01219;-3.14087;0.01309;-3.13707;
0.02990;4.02250;0.01208;-3.14092;0.01314;-3.13705;
0.02986;4.02279;0.01207;-3.14097;0.01321;-3.13704;
0.02992;4.02347;0.01201;-3.14100;0.01328;-3.13704;
0.03002;4.02367;0.01199;-3.14110;0.01316;-3.13705;
0.03009;4.02410;0.01201;-3.14113;0.01321;-3.13697;
0.03012;4.02411;0.01199;-3.14119;0.01326;-3.13691;
0.03011;4.02458;0.01199;-3.14113;0.01341;-3.13698;
0.02984;4.02332;0.01215;-3.14129;0.01357;-3.13695;
0.02987;4.02364;0.01206;-3.14139;0.01356;-3.13699;
0.02991;4.02372;0.01198;-3.14150;0.01354;-3.13690;
0.02979;4.02268;0.01214;3.14150;0.01345;-3.13685;
0.02977;4.02234;0.01220;3.14142;0.01348;-3.13687;
0.02988;4.02285;0.01215;3.14142;0.01338;-3.13680;
0.03002;4.02335;0.01206;3.14136;0.01327;-3.13686;
0.02999;4.02350;0.01211;3.14126;0.01347;-3.13685;
0.02977;4.02286;0.01218;3.14129;0.01356;-3.13680;
0.02985;4.02293;0.01207;3.14104;0.01352;-3.13685;
0.02995;4.02258;0.01202;3.14096;0.01337;-3.13683;
0.02992;4.02213;0.01209;3.14095;0.01336;-3.13691;
0.02989;4.02198;0.01214;3.14088;0.01353;-3.13695;
0.02997;4.02252;0.01218;3.14090;0.01356;-3.13689;
0.02976;4.02174;0.01232;3.14085;0.01382;-3.13689;
0.02970;4.02212;0.01215;3.14081;0.01395;-3.13701;
0.02990;4.02282;0.01210;3.14079;0.01378;-3.13701;
0.03002;4.02289;0.01210;3.14071;0.01382;-3.13710;
0.02991;4.02338;0.01206;3.14080;0.01392;-3.13705;
0.02992;4.02374;0.01201;3.14081;0.01395;-3.13710;
0.02992;4.02410;0.01194;3.14078;0.01393;-3.13708;
0.03004;4.02425;0.01201;3.14080;0.01388;-3.13717;
0.03002;4.02414;0.01200;3.14075;0.01391;-3.13716;
0.03005;4.02448;0.01201;3.14068;0.01392;-3.13711;
0.03017;4.02507;0.01184;3.14063;0.01386;-3.13711;
0.03007;4.02481;0.01202;3.14062;0.01380;-3.13700;
0.03031;4.02494;0.01194;3.14054;0.01363;-3.13696;
0.03027;4.02507;0.01192;3.14054;0.01357;-3.13688;
0.03009;4.02453;0.01202;3.14048;0.01373;-3.13696;
0.03005;4.02467;0.01203;3.14041;0.01375;-3.13697;
0.02996;4.02475;0.01205;3.14037;0.01382;-3.13701;
0.03022;4.02585;0.01188;3.14036;0.01366;-3.13687;
0.03036;4.02563;0.01188;3.14031;0.01356;-3.13692;
0.03044;4.02625;0.01190;3.14040;0.01360;-3.13687;
0.03015;4.02514;0.01201;3.14029;0.01380;-3.13694;
0.03012;4.02517;0.01200;3.14029;0.01388;-3.13689;
0.03020;4.02535;0.01194;3.14032;0.01379;-3.13691;
0.03017;4.02525;0.01183;3.14021;0.01386;-3.13675;
0.02999;4.02469;0.01201;3.14013;0.01397;-3.13686;
0.03016;4.02552;0.01188;3.14008;0.01372;-3.13694;
0.03019;4.02572;0.01180;3.14010;0.01372;-3.13691;
0.03038;4.02589;0.01183;3.14011;0.01356;-3.13694;
0.03043;4.02639;0.01187;3.14015;0.01364;-3.13681;
0.03035;4.02608;0.01202;3.14008;0.01376;-3.13688;
0.03026;4.02642;0.01187;3.14004;0.01376;-3.13693;
0.03024;4.02665;0.01183;3.14010;0.01370;-3.13687;
0.03049;4.02725;0.01182;3.14010;0.01357;-3.13699;
0.03017;4.02545;0.01203;3.14002;0.01366;-3.13699;
0.03011;4.02486;0.01206;3.13994;0.01368;-3.13696;
0.03000;4.02315;0.01229;3.13984;0.01364;-3.13700;
0.02994;4.02293;0.01217;3.13980;0.01365;-3.13694;
0.02995;4.02241;0.01209;3.13977;0.01366;-3.13703;
0.02990;4.02210;0.01216;3.13980;0.01375;-3.13704;
0.02977;4.02205;0.01212;3.13974;0.01391;-3.13691;
0.02989;4.02248;0.01209;3.13971;0.01381;-3.13704;
0.02968;4.02205;0.01223;3.13976;0.01403;-3.13703;
0.02951;4.02151;0.01235;3.13976;0.01409;-3.13707;
0.02937;4.02015;0.01250;3.13977;0.01402;-3.13707;
0.02939;4.01980;0.01248;3.13975;0.01395;-3.13706;
0.02946;4.02012;0.01244;3.13976;0.01388;-3.13708;
0.02958;4.01936;0.01252;3.13963;0.01368;-3.13709;
0.02916;4.01709;0.01276;3.13955;0.01392;-3.13716;
0.02920;4.01711;0.01278;3.13952;0.01384;-3.13714;
0.02905;4.01724;0.01275;3.13959;0.01408;-3.13717;
0.02876;4.01562;0.01277;3.13950;0.01416;-3.13721;
0.02873;4.01441;0.01287;3.13954;0.01398;-3.13729;
0.02868;4.01391;0.01295;3.13948;0.01397;-3.13738;
0.02867;4.01353;0.01294;3.13949;0.01389;-3.13742;
0.02861;4.01457;0.01282;3.13964;0.01411;-3.13741;
0.02870;4.01525;0.01278;3.13965;0.01399;-3.13736;
0.02886;4.01547;0.01276;3.13965;0.01385;-3.13729;
0.02878;4.01473;0.01280;3.13970;0.01383;-3.13732;
0.02891;4.01558;0.01272;3.13973;0.01379;-3.13725;
0.02908;4.01616;0.01267;3.13988;0.01368;-3.13721;
0.02913;4.01648;0.01268;3.13996;0.01374;-3.13732;
0.02905;4.01603;0.01268;3.13995;0.01383;-3.13725;
0.02886;4.01522;0.01275;3.13998;0.01385;-3.13739;
0.02890;4.01551;0.01276;3.14002;0.01389;-3.13746;
0.02887;4.01537;0.01276;3.14004;0.01387;-3.13750;
0.02882;4.01557;0.01276;3.14000;0.01395;-3.13747;
0.02905;4.01655;0.01262;3.14003;0.01382;-3.13740;
0.02905;4.01615;0.01265;3.13999;0.01377;-3.13741;
0.02907;4.01654;0.01268;3.14003;0.01387;-3.13738;
0.02904;4.01666;0.01257;3.14010;0.01386;-3.13742;
0.02906;4.01710;0.01272;3.14014;0.01390;-3.13743;
0.02917;4.01694;0.01270;3.14011;0.01391;-3.13733;
0.02916;4.01644;0.01288;3.14008;0.01390;-3.13736;
0.02909;4.01679;0.01281;3.14018;0.01403;-3.13734;
0.02894;4.01650;0.01279;3.14008;0.01407;-3.13742;
0.02900;4.01662;0.01274;3.14012;0.01402;-3.13735;
0.02920;4.01742;0.01256;3.14021;0.01391;-3.13743;
0.02927;4.01844;0.01247;3.14029;0.01400;-3.13739;
0.02926;4.01763;0.01253;3.14025;0.01399;-3.13726;
0.02923;4.01731;0.01250;3.14019;0.01405;-3.13729;
0.02924;4.01797;0.01247;3.14032;0.01412;-3.13741;
0.02935;4.01767;0.01250;3.14037;0.01404;-3.13731;
0.02929;4.01826;0.01250;3.14043;0.01422;-3.13736;
0.02925;4.01869;0.01248;3.14043;0.01428;-3.13734;
0.02919;4.01830;0.01252;3.14047;0.01430;-3.13739;
0.02916;4.01770;0.01256;3.14038;0.01431;-3.13729;
0.02908;4.01755;0.01250;3.14033;0.01435;-3.13719;
0.02923;4.01823;0.01241;3.14033;0.01419;-3.13725;
0.02936;4.01815;0.01241;3.14029;0.01405;-3.13719;
0.02914;4.01758;0.01248;3.14022;0.01420;-3.13727;
0.02925;4.01791;0.01243;3.14021;0.01411;-3.13729;
0.02935;4.01797;0.01247;3.14012;0.01410;-3.13712;
0.02923;4.01746;0.01251;3.14015;0.01420;-3.13716;
0.02929;4.01821;0.01248;3.14022;0.01425;-3.13721;
0.02920;4.01820;0.01247;3.14025;0.01433;-3.13720;
0.02938;4.01879;0.01236;3.14024;0.01414;-3.13723;
0.02948;4.01987;0.01235;3.14028;0.01419;-3.13718;
0.02952;4.02041;0.01224;3.14039;0.01414;-3.13719;
0.02953;4.02050;0.01228;3.14044;0.01411;-3.13721;
0.02973;4.02094;0.01228;3.14042;0.01407;-3.13720;
0.02939;4.01999;0.01244;3.14039;0.01428;-3.13713;
0.02956;4.02001;0.01232;3.14032;0.01413;-3.13728;
